"","collected_sample_id","analysis_date","primary_reference_material","reported_reference_value","instrumentation","analysis_type","analytical_matrix","qc_material_precision","material_type","bone_element","dental_element","dental_element_description","water_source","preparation_step","preparation_description","collection_date","collection_source","investigator_name","investigator_email","investigator_orcid","collection_locality","scientific_name","taxon_rank","organism_sex","life_stage","related_publication_citation","Sr_concentration","Sr_concentration_error","Sr_ratio","Sr_ratio_error","X87Sr86Sr_measurement_scale","X87Sr86Sr_measurement_unit","related_publication_id","related_publication_id_type","lab","user_sample_id","sample_measurement_id","lab_sample_id","material_type_simp","material_type_group","migration","country","x","y"
"1","Garonne","",NA,NA,"TIMS","bulk water","water",NA,"inorganic-organic composite : water : water solute","","","","river or stream","other","","","field","F. Albarede","none","","","","","","","Albarede, F. and Michard, A., 1987. Evidence for slowly changing 87Sr86Sr in runoff from freshwater limestones of southern France. Chemical Geology, 64(1-2), pp.55-65.",0.111,NA,0.71057,1.85e-05,"unknown","unknown","https://doi.org/10.1016/0009-2541(87)90151-3","DOI","LIT","Garonne","ARDUOUS-00396","Garonne","water solute","water",NA,"France",1.35,43.48
"2","Orb","",NA,NA,"TIMS","bulk water","water",NA,"inorganic-organic composite : water : water solute","","","","river or stream","other","","","field","F. Albarede","none","","","","","","","Albarede, F. and Michard, A., 1987. Evidence for slowly changing 87Sr86Sr in runoff from freshwater limestones of southern France. Chemical Geology, 64(1-2), pp.55-65.",0.161,NA,0.709573,2.4e-05,"unknown","unknown","https://doi.org/10.1016/0009-2541(87)90151-3","DOI","LIT","Orb","ARDUOUS-00397","Orb","water solute","water",NA,"France",3.21,43.34
"3","Aveyron","",NA,NA,"TIMS","bulk water","water",NA,"inorganic-organic composite : water : water solute","","","","river or stream","other","","","field","F. Albarede","none","","","","","","","Albarede, F. and Michard, A., 1987. Evidence for slowly changing 87Sr86Sr in runoff from freshwater limestones of southern France. Chemical Geology, 64(1-2), pp.55-65.",0.164,NA,0.710056,2.6e-05,"unknown","unknown","https://doi.org/10.1016/0009-2541(87)90151-3","DOI","LIT","Aveyron","ARDUOUS-00398","Aveyron","water solute","water",NA,"France",1.45,44.09
"4","Herault","",NA,NA,"TIMS","bulk water","water",NA,"inorganic-organic composite : water : water solute","","","","river or stream","other","","","field","F. Albarede","none","","","","","","","Albarede, F. and Michard, A., 1987. Evidence for slowly changing 87Sr86Sr in runoff from freshwater limestones of southern France. Chemical Geology, 64(1-2), pp.55-65.",0.213,NA,0.708814,2.5e-05,"unknown","unknown","https://doi.org/10.1016/0009-2541(87)90151-3","DOI","LIT","Herault","ARDUOUS-00399","Herault","water solute","water",NA,"France",3.46,43.5
"5","Cesse","",NA,NA,"TIMS","bulk water","water",NA,"inorganic-organic composite : water : water solute","","","","river or stream","other","","","field","F. Albarede","none","","","","","","","Albarede, F. and Michard, A., 1987. Evidence for slowly changing 87Sr86Sr in runoff from freshwater limestones of southern France. Chemical Geology, 64(1-2), pp.55-65.",0.254,NA,0.709167,3.5e-05,"unknown","unknown","https://doi.org/10.1016/0009-2541(87)90151-3","DOI","LIT","Cesse","ARDUOUS-00400","Cesse","water solute","water",NA,"France",2.87,43.32
"6","Agout","",NA,NA,"TIMS","bulk water","water",NA,"inorganic-organic composite : water : water solute","","","","river or stream","other","","","field","F. Albarede","none","","","","","","","Albarede, F. and Michard, A., 1987. Evidence for slowly changing 87Sr86Sr in runoff from freshwater limestones of southern France. Chemical Geology, 64(1-2), pp.55-65.",0.32,NA,0.712765,2.05e-05,"unknown","unknown","https://doi.org/10.1016/0009-2541(87)90151-3","DOI","LIT","Agout","ARDUOUS-00401","Agout","water solute","water",NA,"France",2.5,43.63
"7","Aude","",NA,NA,"TIMS","bulk water","water",NA,"inorganic-organic composite : water : water solute","","","","river or stream","other","","","field","F. Albarede","none","","","","","","","Albarede, F. and Michard, A., 1987. Evidence for slowly changing 87Sr86Sr in runoff from freshwater limestones of southern France. Chemical Geology, 64(1-2), pp.55-65.",0.356,NA,0.708492,2.25e-05,"unknown","unknown","https://doi.org/10.1016/0009-2541(87)90151-3","DOI","LIT","Aude","ARDUOUS-00402","Aude","water solute","water",NA,"France",2.91,43.23
"8","Rhone","",NA,NA,"TIMS","bulk water","water",NA,"inorganic-organic composite : water : water solute","","","","river or stream","other","","","field","F. Albarede","none","","","","","","","Albarede, F. and Michard, A., 1987. Evidence for slowly changing 87Sr86Sr in runoff from freshwater limestones of southern France. Chemical Geology, 64(1-2), pp.55-65.",0.52,NA,0.708719,2e-05,"unknown","unknown","https://doi.org/10.1016/0009-2541(87)90151-3","DOI","LIT","Rhone","ARDUOUS-00403","Rhone","water solute","water",NA,"France",4.78,44.8
"9","7","","Eimer & Amend",NA,"TIMS","bulk water","water",NA,"inorganic-organic composite : water : water solute","","","","river or stream","other","acidified","","field","G. Brass","none provided","","Rhone R.","","","","","Brass, G.W., 1976. The variation of the marine 87Sr86Sr ratio during Phanerozonic time: interpretation using a flux model. Geochimica et Cosmochimica Acta, 40(7), pp.721-730.",NA,NA,0.7089,NA,"unknown","unknown","https://doi.org/10.1016/0016-7037(76)90025-9","DOI","LIT","7","ARDUOUS-02407","7","water solute","water",NA,"France",4.61,43.72
"10","8","","Eimer & Amend",NA,"","bulk water","water",NA,"inorganic-organic composite : water : water solute","","","","river or stream","other","acidified","","field","G. Brass","none provided","","","","","","","Brass, G.W., 1976. The variation of the marine 87Sr86Sr ratio during Phanerozonic time: interpretation using a flux model. Geochimica et Cosmochimica Acta, 40(7), pp.721-730.",NA,NA,0.7089,NA,"unknown","unknown","https://doi.org/10.1016/0016-7037(76)90025-9","DOI","LIT","8","ARDUOUS-02420","8","water solute","water",NA,"France",4.79,43.39
"11","FER-13  28781","","SRM987",0.710273,"MC-ICP-MS","bulk solid","bulk solid",3.3e-05,"organism : plant : whole plant","","","","","other","other","","field","Kate Britton","k.britton@abdn.ac.uk","0000-0002-9478-5966","south-west France","Graminae (unid.)","family","","","Britton, K., et al., 2020. Sampling plants and malacofauna in 87Sr/86Sr bioavailability studies: implications for isoscape mapping and reconstructing of past mobility patterns. Frontiers in Ecology and Evolution, 8, p.579473.",1,NA,0.70835,NA,"unknown","unknown","https://doi.org/10.3389/fevo.2020.579473","DOI","LIT","FER-13  28781","ARDUOUS-02833","FER-13  28781","whole plant","plant",NA,"France",1.25674,45.10318
"12","FER-5  28747","","SRM987",0.710273,"MC-ICP-MS","bulk solid","bulk solid",3.3e-05,"organism : plant : whole plant","","","","","other","other","","field","Kate Britton","k.britton@abdn.ac.uk","0000-0002-9478-5966","south-west France","Graminae (unid.)","family","","","Britton, K., et al., 2020. Sampling plants and malacofauna in 87Sr/86Sr bioavailability studies: implications for isoscape mapping and reconstructing of past mobility patterns. Frontiers in Ecology and Evolution, 8, p.579473.",10,NA,0.71147,NA,"unknown","unknown","https://doi.org/10.3389/fevo.2020.579473","DOI","LIT","FER-5  28747","ARDUOUS-02834","FER-5  28747","whole plant","plant",NA,"France",1.28211,44.82812
"13","FER-8  28758","","SRM987",0.710273,"MC-ICP-MS","bulk solid","bulk solid",3.3e-05,"organism : plant : whole plant","","","","","other","other","","field","Kate Britton","k.britton@abdn.ac.uk","0000-0002-9478-5966","south-west France","Graminae (unid.)","family","","","Britton, K., et al., 2020. Sampling plants and malacofauna in 87Sr/86Sr bioavailability studies: implications for isoscape mapping and reconstructing of past mobility patterns. Frontiers in Ecology and Evolution, 8, p.579473.",11,NA,0.70775,NA,"unknown","unknown","https://doi.org/10.3389/fevo.2020.579473","DOI","LIT","FER-8  28758","ARDUOUS-02835","FER-8  28758","whole plant","plant",NA,"France",1.79609,44.67463
"14","FER-6  28816","","SRM987",0.710273,"MC-ICP-MS","bulk solid","bulk solid",3.3e-05,"organism : animal : animal tissue : shell","","","","","other","other","","field","Kate Britton","k.britton@abdn.ac.uk","0000-0002-9478-5966","south-west France","Pomatias elegans","species","","","Britton, K., et al., 2020. Sampling plants and malacofauna in 87Sr/86Sr bioavailability studies: implications for isoscape mapping and reconstructing of past mobility patterns. Frontiers in Ecology and Evolution, 8, p.579473.",114,NA,0.70727,NA,"unknown","unknown","https://doi.org/10.3389/fevo.2020.579473","DOI","LIT","FER-6  28816","ARDUOUS-02836","FER-6  28816","shell","animal, other","small","France",1.49346,44.73772
"15","FER-7  28819","","SRM987",0.710273,"MC-ICP-MS","bulk solid","bulk solid",3.3e-05,"organism : animal : animal tissue : shell","","","","","other","other","","field","Kate Britton","k.britton@abdn.ac.uk","0000-0002-9478-5966","south-west France","Pomatias elegans","species","","","Britton, K., et al., 2020. Sampling plants and malacofauna in 87Sr/86Sr bioavailability studies: implications for isoscape mapping and reconstructing of past mobility patterns. Frontiers in Ecology and Evolution, 8, p.579473.",117,NA,0.70723,NA,"unknown","unknown","https://doi.org/10.3389/fevo.2020.579473","DOI","LIT","FER-7  28819","ARDUOUS-02837","FER-7  28819","shell","animal, other","small","France",1.72123,44.64858
"16","FER-7  28754","","SRM987",0.710273,"MC-ICP-MS","bulk solid","bulk solid",3.3e-05,"organism : plant : whole plant","","","","","other","other","","field","Kate Britton","k.britton@abdn.ac.uk","0000-0002-9478-5966","south-west France","Graminae (unid.)","family","","","Britton, K., et al., 2020. Sampling plants and malacofauna in 87Sr/86Sr bioavailability studies: implications for isoscape mapping and reconstructing of past mobility patterns. Frontiers in Ecology and Evolution, 8, p.579473.",12,NA,0.70768,NA,"unknown","unknown","https://doi.org/10.3389/fevo.2020.579473","DOI","LIT","FER-7  28754","ARDUOUS-02838","FER-7  28754","whole plant","plant",NA,"France",1.72123,44.64858
"17","FER-6  28817","","SRM987",0.710273,"MC-ICP-MS","bulk solid","bulk solid",3.3e-05,"organism : animal : animal tissue : shell","","","","","other","other","","field","Kate Britton","k.britton@abdn.ac.uk","0000-0002-9478-5966","south-west France","Cepaea nemoralis","species","","","Britton, K., et al., 2020. Sampling plants and malacofauna in 87Sr/86Sr bioavailability studies: implications for isoscape mapping and reconstructing of past mobility patterns. Frontiers in Ecology and Evolution, 8, p.579473.",120,NA,0.70725,NA,"unknown","unknown","https://doi.org/10.3389/fevo.2020.579473","DOI","LIT","FER-6  28817","ARDUOUS-02839","FER-6  28817","shell","animal, other","small","France",1.49346,44.73772
"18","FER-10  28769","","SRM987",0.710273,"MC-ICP-MS","bulk solid","bulk solid",3.3e-05,"organism : plant : whole plant","","","","","other","other","","field","Kate Britton","k.britton@abdn.ac.uk","0000-0002-9478-5966","south-west France","Rubus fruticosus agg.","species","","","Britton, K., et al., 2020. Sampling plants and malacofauna in 87Sr/86Sr bioavailability studies: implications for isoscape mapping and reconstructing of past mobility patterns. Frontiers in Ecology and Evolution, 8, p.579473.",124,NA,0.71144,NA,"unknown","unknown","https://doi.org/10.3389/fevo.2020.579473","DOI","LIT","FER-10  28769","ARDUOUS-02840","FER-10  28769","whole plant","plant",NA,"France",1.11292,44.88401
"19","FER-15  28790","","SRM987",0.710273,"MC-ICP-MS","bulk solid","bulk solid",3.3e-05,"organism : plant : whole plant","","","","","other","other","","field","Kate Britton","k.britton@abdn.ac.uk","0000-0002-9478-5966","south-west France","Asplenium scolopendrium","species","","","Britton, K., et al., 2020. Sampling plants and malacofauna in 87Sr/86Sr bioavailability studies: implications for isoscape mapping and reconstructing of past mobility patterns. Frontiers in Ecology and Evolution, 8, p.579473.",132,NA,0.7191,NA,"unknown","unknown","https://doi.org/10.3389/fevo.2020.579473","DOI","LIT","FER-15  28790","ARDUOUS-02841","FER-15  28790","whole plant","plant",NA,"France",1.85674,45.32568
"20","FER-14  28786","","SRM987",0.710273,"MC-ICP-MS","bulk solid","bulk solid",3.3e-05,"organism : plant : whole plant","","","","","other","other","","field","Kate Britton","k.britton@abdn.ac.uk","0000-0002-9478-5966","south-west France","Quercus robur","species","","","Britton, K., et al., 2020. Sampling plants and malacofauna in 87Sr/86Sr bioavailability studies: implications for isoscape mapping and reconstructing of past mobility patterns. Frontiers in Ecology and Evolution, 8, p.579473.",137,NA,0.71492,NA,"unknown","unknown","https://doi.org/10.3389/fevo.2020.579473","DOI","LIT","FER-14  28786","ARDUOUS-02842","FER-14  28786","whole plant","plant",NA,"France",1.45201,45.13348
"21","FER-7  28755","","SRM987",0.710273,"MC-ICP-MS","bulk solid","bulk solid",3.3e-05,"organism : plant : whole plant","","","","","other","other","","field","Kate Britton","k.britton@abdn.ac.uk","0000-0002-9478-5966","south-west France","Prunus sp.","genus","","","Britton, K., et al., 2020. Sampling plants and malacofauna in 87Sr/86Sr bioavailability studies: implications for isoscape mapping and reconstructing of past mobility patterns. Frontiers in Ecology and Evolution, 8, p.579473.",16,NA,0.70789,NA,"unknown","unknown","https://doi.org/10.3389/fevo.2020.579473","DOI","LIT","FER-7  28755","ARDUOUS-02843","FER-7  28755","whole plant","plant",NA,"France",1.72123,44.64858
"22","FER-5  28748","","SRM987",0.710273,"MC-ICP-MS","bulk solid","bulk solid",3.3e-05,"organism : plant : whole plant","","","","","other","other","","field","Kate Britton","k.britton@abdn.ac.uk","0000-0002-9478-5966","south-west France","Quercus sp.","genus","","","Britton, K., et al., 2020. Sampling plants and malacofauna in 87Sr/86Sr bioavailability studies: implications for isoscape mapping and reconstructing of past mobility patterns. Frontiers in Ecology and Evolution, 8, p.579473.",18,NA,0.71347,NA,"unknown","unknown","https://doi.org/10.3389/fevo.2020.579473","DOI","LIT","FER-5  28748","ARDUOUS-02844","FER-5  28748","whole plant","plant",NA,"France",1.28211,44.82812
"23","FER-16  28795","","SRM987",0.710273,"MC-ICP-MS","bulk solid","bulk solid",3.3e-05,"organism : plant : whole plant","","","","","other","other","","field","Kate Britton","k.britton@abdn.ac.uk","0000-0002-9478-5966","south-west France","Picea abies","species","","","Britton, K., et al., 2020. Sampling plants and malacofauna in 87Sr/86Sr bioavailability studies: implications for isoscape mapping and reconstructing of past mobility patterns. Frontiers in Ecology and Evolution, 8, p.579473.",186,NA,0.71758,NA,"unknown","unknown","https://doi.org/10.3389/fevo.2020.579473","DOI","LIT","FER-16  28795","ARDUOUS-02845","FER-16  28795","whole plant","plant",NA,"France",2.0004,45.3698
"24","FER-10  28768","","SRM987",0.710273,"MC-ICP-MS","bulk solid","bulk solid",3.3e-05,"organism : plant : whole plant","","","","","other","other","","field","Kate Britton","k.britton@abdn.ac.uk","0000-0002-9478-5966","south-west France","Graminae (unid.)","family","","","Britton, K., et al., 2020. Sampling plants and malacofauna in 87Sr/86Sr bioavailability studies: implications for isoscape mapping and reconstructing of past mobility patterns. Frontiers in Ecology and Evolution, 8, p.579473.",19,NA,0.7117,NA,"unknown","unknown","https://doi.org/10.3389/fevo.2020.579473","DOI","LIT","FER-10  28768","ARDUOUS-02846","FER-10  28768","whole plant","plant",NA,"France",1.11292,44.88401
"25","FER-2  28740","","SRM987",0.710273,"MC-ICP-MS","bulk solid","bulk solid",3.3e-05,"organism : plant : whole plant","","","","","other","other","","field","Kate Britton","k.britton@abdn.ac.uk","0000-0002-9478-5966","south-west France","Quercus sp.","genus","","","Britton, K., et al., 2020. Sampling plants and malacofauna in 87Sr/86Sr bioavailability studies: implications for isoscape mapping and reconstructing of past mobility patterns. Frontiers in Ecology and Evolution, 8, p.579473.",19,NA,0.71027,NA,"unknown","unknown","https://doi.org/10.3389/fevo.2020.579473","DOI","LIT","FER-2  28740","ARDUOUS-02847","FER-2  28740","whole plant","plant",NA,"France",0.93818,44.95164
"26","FER-14  28787","","SRM987",0.710273,"MC-ICP-MS","bulk solid","bulk solid",3.3e-05,"organism : plant : whole plant","","","","","other","other","","field","Kate Britton","k.britton@abdn.ac.uk","0000-0002-9478-5966","south-west France","Carpinus betulus","species","","","Britton, K., et al., 2020. Sampling plants and malacofauna in 87Sr/86Sr bioavailability studies: implications for isoscape mapping and reconstructing of past mobility patterns. Frontiers in Ecology and Evolution, 8, p.579473.",198,NA,0.71521,NA,"unknown","unknown","https://doi.org/10.3389/fevo.2020.579473","DOI","LIT","FER-14  28787","ARDUOUS-02848","FER-14  28787","whole plant","plant",NA,"France",1.45201,45.13348
"27","FER-11  28773","","SRM987",0.710273,"MC-ICP-MS","bulk solid","bulk solid",3.3e-05,"organism : plant : whole plant","","","","","other","other","","field","Kate Britton","k.britton@abdn.ac.uk","0000-0002-9478-5966","south-west France","Ruscus aculeatus","species","","","Britton, K., et al., 2020. Sampling plants and malacofauna in 87Sr/86Sr bioavailability studies: implications for isoscape mapping and reconstructing of past mobility patterns. Frontiers in Ecology and Evolution, 8, p.579473.",20,NA,0.70995,NA,"unknown","unknown","https://doi.org/10.3389/fevo.2020.579473","DOI","LIT","FER-11  28773","ARDUOUS-02851","FER-11  28773","whole plant","plant",NA,"France",1.24326,44.87024
"28","FER-3  28741","","SRM987",0.710273,"MC-ICP-MS","bulk solid","bulk solid",3.3e-05,"organism : plant : whole plant","","","","","other","other","","field","Kate Britton","k.britton@abdn.ac.uk","0000-0002-9478-5966","south-west France","Graminae (unid.)","family","","","Britton, K., et al., 2020. Sampling plants and malacofauna in 87Sr/86Sr bioavailability studies: implications for isoscape mapping and reconstructing of past mobility patterns. Frontiers in Ecology and Evolution, 8, p.579473.",21,NA,0.7097,NA,"unknown","unknown","https://doi.org/10.3389/fevo.2020.579473","DOI","LIT","FER-3  28741","ARDUOUS-02852","FER-3  28741","whole plant","plant",NA,"France",0.95838,44.90937
"29","FER-1  28735","","SRM987",0.710273,"MC-ICP-MS","bulk solid","bulk solid",3.3e-05,"organism : plant : whole plant","","","","","other","other","","field","Kate Britton","k.britton@abdn.ac.uk","0000-0002-9478-5966","south-west France","Ligustrum vulgare","species","","","Britton, K., et al., 2020. Sampling plants and malacofauna in 87Sr/86Sr bioavailability studies: implications for isoscape mapping and reconstructing of past mobility patterns. Frontiers in Ecology and Evolution, 8, p.579473.",21,NA,0.71099,NA,"unknown","unknown","https://doi.org/10.3389/fevo.2020.579473","DOI","LIT","FER-1  28735","ARDUOUS-02853","FER-1  28735","whole plant","plant",NA,"France",0.93847,44.95057
"30","FER-1  28802","","SRM987",0.710273,"MC-ICP-MS","bulk solid","bulk solid",3.3e-05,"organism : animal : animal tissue : shell","","","","","other","other","","field","Kate Britton","k.britton@abdn.ac.uk","0000-0002-9478-5966","south-west France","Pomatias elegans","species","","","Britton, K., et al., 2020. Sampling plants and malacofauna in 87Sr/86Sr bioavailability studies: implications for isoscape mapping and reconstructing of past mobility patterns. Frontiers in Ecology and Evolution, 8, p.579473.",22,NA,0.70926,NA,"unknown","unknown","https://doi.org/10.3389/fevo.2020.579473","DOI","LIT","FER-1  28802","ARDUOUS-02854","FER-1  28802","shell","animal, other","small","France",0.93847,44.95057
"31","FER-2  28805","","SRM987",0.710273,"MC-ICP-MS","bulk solid","bulk solid",3.3e-05,"organism : animal : animal tissue : shell","","","","","other","other","","field","Kate Britton","k.britton@abdn.ac.uk","0000-0002-9478-5966","south-west France","Pomatias elegans","species","","","Britton, K., et al., 2020. Sampling plants and malacofauna in 87Sr/86Sr bioavailability studies: implications for isoscape mapping and reconstructing of past mobility patterns. Frontiers in Ecology and Evolution, 8, p.579473.",22,NA,0.70897,NA,"unknown","unknown","https://doi.org/10.3389/fevo.2020.579473","DOI","LIT","FER-2  28805","ARDUOUS-02855","FER-2  28805","shell","animal, other","small","France",0.93818,44.95164
"32","FER-2  28739","","SRM987",0.710273,"MC-ICP-MS","bulk solid","bulk solid",3.3e-05,"organism : plant : whole plant","","","","","other","other","","field","Kate Britton","k.britton@abdn.ac.uk","0000-0002-9478-5966","south-west France","Ligustrum vulgare","species","","","Britton, K., et al., 2020. Sampling plants and malacofauna in 87Sr/86Sr bioavailability studies: implications for isoscape mapping and reconstructing of past mobility patterns. Frontiers in Ecology and Evolution, 8, p.579473.",22,NA,0.70937,NA,"unknown","unknown","https://doi.org/10.3389/fevo.2020.579473","DOI","LIT","FER-2  28739","ARDUOUS-02856","FER-2  28739","whole plant","plant",NA,"France",0.93818,44.95164
"33","FER-11  28775","","SRM987",0.710273,"MC-ICP-MS","bulk solid","bulk solid",3.3e-05,"organism : plant : whole plant","","","","","other","other","","field","Kate Britton","k.britton@abdn.ac.uk","0000-0002-9478-5966","south-west France","Carpinus betulus","species","","","Britton, K., et al., 2020. Sampling plants and malacofauna in 87Sr/86Sr bioavailability studies: implications for isoscape mapping and reconstructing of past mobility patterns. Frontiers in Ecology and Evolution, 8, p.579473.",22,NA,0.70971,NA,"unknown","unknown","https://doi.org/10.3389/fevo.2020.579473","DOI","LIT","FER-11  28775","ARDUOUS-02857","FER-11  28775","whole plant","plant",NA,"France",1.24326,44.87024
"34","FER-14  28784","","SRM987",0.710273,"MC-ICP-MS","bulk solid","bulk solid",3.3e-05,"organism : plant : whole plant","","","","","other","other","","field","Kate Britton","k.britton@abdn.ac.uk","0000-0002-9478-5966","south-west France","Graminae (unid.)","family","","","Britton, K., et al., 2020. Sampling plants and malacofauna in 87Sr/86Sr bioavailability studies: implications for isoscape mapping and reconstructing of past mobility patterns. Frontiers in Ecology and Evolution, 8, p.579473.",23,NA,0.71521,NA,"unknown","unknown","https://doi.org/10.3389/fevo.2020.579473","DOI","LIT","FER-14  28784","ARDUOUS-02858","FER-14  28784","whole plant","plant",NA,"France",1.45201,45.13348
"35","FER-17  28797","","SRM987",0.710273,"MC-ICP-MS","bulk solid","bulk solid",3.3e-05,"organism : plant : whole plant","","","","","other","other","","field","Kate Britton","k.britton@abdn.ac.uk","0000-0002-9478-5966","south-west France","Graminae (unid.)","family","","","Britton, K., et al., 2020. Sampling plants and malacofauna in 87Sr/86Sr bioavailability studies: implications for isoscape mapping and reconstructing of past mobility patterns. Frontiers in Ecology and Evolution, 8, p.579473.",23,NA,0.72448,NA,"unknown","unknown","https://doi.org/10.3389/fevo.2020.579473","DOI","LIT","FER-17  28797","ARDUOUS-02859","FER-17  28797","whole plant","plant",NA,"France",2.14581,45.46829
"36","FER-11  28774","","SRM987",0.710273,"MC-ICP-MS","bulk solid","bulk solid",3.3e-05,"organism : plant : whole plant","","","","","other","other","","field","Kate Britton","k.britton@abdn.ac.uk","0000-0002-9478-5966","south-west France","Taxus baccata","species","","","Britton, K., et al., 2020. Sampling plants and malacofauna in 87Sr/86Sr bioavailability studies: implications for isoscape mapping and reconstructing of past mobility patterns. Frontiers in Ecology and Evolution, 8, p.579473.",23,NA,0.70936,NA,"unknown","unknown","https://doi.org/10.3389/fevo.2020.579473","DOI","LIT","FER-11  28774","ARDUOUS-02860","FER-11  28774","whole plant","plant",NA,"France",1.24326,44.87024
"37","FER-13  28782","","SRM987",0.710273,"MC-ICP-MS","bulk solid","bulk solid",3.3e-05,"organism : plant : whole plant","","","","","other","other","","field","Kate Britton","k.britton@abdn.ac.uk","0000-0002-9478-5966","south-west France","Asplenium scolopendrium","species","","","Britton, K., et al., 2020. Sampling plants and malacofauna in 87Sr/86Sr bioavailability studies: implications for isoscape mapping and reconstructing of past mobility patterns. Frontiers in Ecology and Evolution, 8, p.579473.",23,NA,0.7085,NA,"unknown","unknown","https://doi.org/10.3389/fevo.2020.579473","DOI","LIT","FER-13  28782","ARDUOUS-02861","FER-13  28782","whole plant","plant",NA,"France",1.25674,45.10318
"38","FER-2  28806","","SRM987",0.710273,"MC-ICP-MS","bulk solid","bulk solid",3.3e-05,"organism : animal : animal tissue : shell","","","","","other","other","","field","Kate Britton","k.britton@abdn.ac.uk","0000-0002-9478-5966","south-west France","Pomatias elegans","species","","","Britton, K., et al., 2020. Sampling plants and malacofauna in 87Sr/86Sr bioavailability studies: implications for isoscape mapping and reconstructing of past mobility patterns. Frontiers in Ecology and Evolution, 8, p.579473.",24,NA,0.70856,NA,"unknown","unknown","https://doi.org/10.3389/fevo.2020.579473","DOI","LIT","FER-2  28806","ARDUOUS-02862","FER-2  28806","shell","animal, other","small","France",0.93818,44.95164
"39","FER-4  28812","","SRM987",0.710273,"MC-ICP-MS","bulk solid","bulk solid",3.3e-05,"organism : animal : animal tissue : shell","","","","","other","other","","field","Kate Britton","k.britton@abdn.ac.uk","0000-0002-9478-5966","south-west France","Cepaea nemoralis","species","","","Britton, K., et al., 2020. Sampling plants and malacofauna in 87Sr/86Sr bioavailability studies: implications for isoscape mapping and reconstructing of past mobility patterns. Frontiers in Ecology and Evolution, 8, p.579473.",240,NA,0.70895,NA,"unknown","unknown","https://doi.org/10.3389/fevo.2020.579473","DOI","LIT","FER-4  28812","ARDUOUS-02863","FER-4  28812","shell","animal, other","small","France",0.55148,44.86052
"40","FER-13  28783","","SRM987",0.710273,"MC-ICP-MS","bulk solid","bulk solid",3.3e-05,"organism : plant : whole plant","","","","","other","other","","field","Kate Britton","k.britton@abdn.ac.uk","0000-0002-9478-5966","south-west France","Tilia cordata","species","","","Britton, K., et al., 2020. Sampling plants and malacofauna in 87Sr/86Sr bioavailability studies: implications for isoscape mapping and reconstructing of past mobility patterns. Frontiers in Ecology and Evolution, 8, p.579473.",25,NA,0.7088,NA,"unknown","unknown","https://doi.org/10.3389/fevo.2020.579473","DOI","LIT","FER-13  28783","ARDUOUS-02864","FER-13  28783","whole plant","plant",NA,"France",1.25674,45.10318
"41","FER-15  28792","","SRM987",0.710273,"MC-ICP-MS","bulk solid","bulk solid",3.3e-05,"organism : plant : whole plant","","","","","other","other","","field","Kate Britton","k.britton@abdn.ac.uk","0000-0002-9478-5966","south-west France","Fagus sylvatica","species","","","Britton, K., et al., 2020. Sampling plants and malacofauna in 87Sr/86Sr bioavailability studies: implications for isoscape mapping and reconstructing of past mobility patterns. Frontiers in Ecology and Evolution, 8, p.579473.",255,NA,0.71968,NA,"unknown","unknown","https://doi.org/10.3389/fevo.2020.579473","DOI","LIT","FER-15  28792","ARDUOUS-02865","FER-15  28792","whole plant","plant",NA,"France",1.85674,45.32568
"42","FER-5  28749","","SRM987",0.710273,"MC-ICP-MS","bulk solid","bulk solid",3.3e-05,"organism : plant : whole plant","","","","","other","other","","field","Kate Britton","k.britton@abdn.ac.uk","0000-0002-9478-5966","south-west France","Quercus petraea","species","","","Britton, K., et al., 2020. Sampling plants and malacofauna in 87Sr/86Sr bioavailability studies: implications for isoscape mapping and reconstructing of past mobility patterns. Frontiers in Ecology and Evolution, 8, p.579473.",26,NA,0.71176,NA,"unknown","unknown","https://doi.org/10.3389/fevo.2020.579473","DOI","LIT","FER-5  28749","ARDUOUS-02866","FER-5  28749","whole plant","plant",NA,"France",1.28211,44.82812
"43","FER-12  28780","","SRM987",0.710273,"MC-ICP-MS","bulk solid","bulk solid",3.3e-05,"organism : plant : whole plant","","","","","other","other","","field","Kate Britton","k.britton@abdn.ac.uk","0000-0002-9478-5966","south-west France","Quercus petraea","species","","","Britton, K., et al., 2020. Sampling plants and malacofauna in 87Sr/86Sr bioavailability studies: implications for isoscape mapping and reconstructing of past mobility patterns. Frontiers in Ecology and Evolution, 8, p.579473.",26,NA,0.71368,NA,"unknown","unknown","https://doi.org/10.3389/fevo.2020.579473","DOI","LIT","FER-12  28780","ARDUOUS-02867","FER-12  28780","whole plant","plant",NA,"France",1.30185,44.84201
"44","FER-15  28835","","SRM987",0.710273,"MC-ICP-MS","bulk solid","bulk solid",3.3e-05,"organism : animal : animal tissue : shell","","","","","other","other","","field","Kate Britton","k.britton@abdn.ac.uk","0000-0002-9478-5966","south-west France","Cepaea nemoralis","species","","","Britton, K., et al., 2020. Sampling plants and malacofauna in 87Sr/86Sr bioavailability studies: implications for isoscape mapping and reconstructing of past mobility patterns. Frontiers in Ecology and Evolution, 8, p.579473.",272,NA,0.71816,NA,"unknown","unknown","https://doi.org/10.3389/fevo.2020.579473","DOI","LIT","FER-15  28835","ARDUOUS-02868","FER-15  28835","shell","animal, other","small","France",1.85674,45.32568
"45","FER-4  28745","","SRM987",0.710273,"MC-ICP-MS","bulk solid","bulk solid",3.3e-05,"organism : plant : whole plant","","","","","other","other","","field","Kate Britton","k.britton@abdn.ac.uk","0000-0002-9478-5966","south-west France","Sambucus nigra","species","","","Britton, K., et al., 2020. Sampling plants and malacofauna in 87Sr/86Sr bioavailability studies: implications for isoscape mapping and reconstructing of past mobility patterns. Frontiers in Ecology and Evolution, 8, p.579473.",286,NA,0.70969,NA,"unknown","unknown","https://doi.org/10.3389/fevo.2020.579473","DOI","LIT","FER-4  28745","ARDUOUS-02869","FER-4  28745","whole plant","plant",NA,"France",0.55148,44.86052
"46","FER-2  28807","","SRM987",0.710273,"MC-ICP-MS","bulk solid","bulk solid",3.3e-05,"organism : animal : animal tissue : shell","","","","","other","other","","field","Kate Britton","k.britton@abdn.ac.uk","0000-0002-9478-5966","south-west France","Chilostoma sp.","genus","","","Britton, K., et al., 2020. Sampling plants and malacofauna in 87Sr/86Sr bioavailability studies: implications for isoscape mapping and reconstructing of past mobility patterns. Frontiers in Ecology and Evolution, 8, p.579473.",29,NA,0.70897,NA,"unknown","unknown","https://doi.org/10.3389/fevo.2020.579473","DOI","LIT","FER-2  28807","ARDUOUS-02870","FER-2  28807","shell","animal, other","small","France",0.93818,44.95164
"47","FER-9  28824","","SRM987",0.710273,"MC-ICP-MS","bulk solid","bulk solid",3.3e-05,"organism : animal : animal tissue : shell","","","","","other","other","","field","Kate Britton","k.britton@abdn.ac.uk","0000-0002-9478-5966","south-west France","Pomatias elegans","species","","","Britton, K., et al., 2020. Sampling plants and malacofauna in 87Sr/86Sr bioavailability studies: implications for isoscape mapping and reconstructing of past mobility patterns. Frontiers in Ecology and Evolution, 8, p.579473.",29,NA,0.70811,NA,"unknown","unknown","https://doi.org/10.3389/fevo.2020.579473","DOI","LIT","FER-9  28824","ARDUOUS-02871","FER-9  28824","shell","animal, other","small","France",1.86553,44.72652
"48","FER-16  28793","","SRM987",0.710273,"MC-ICP-MS","bulk solid","bulk solid",3.3e-05,"organism : plant : whole plant","","","","","other","other","","field","Kate Britton","k.britton@abdn.ac.uk","0000-0002-9478-5966","south-west France","Graminae (unid.)","family","","","Britton, K., et al., 2020. Sampling plants and malacofauna in 87Sr/86Sr bioavailability studies: implications for isoscape mapping and reconstructing of past mobility patterns. Frontiers in Ecology and Evolution, 8, p.579473.",29,NA,0.7188,NA,"unknown","unknown","https://doi.org/10.3389/fevo.2020.579473","DOI","LIT","FER-16  28793","ARDUOUS-02872","FER-16  28793","whole plant","plant",NA,"France",2.0004,45.3698
"49","FER-4  28746","","SRM987",0.710273,"MC-ICP-MS","bulk solid","bulk solid",3.3e-05,"organism : plant : whole plant","","","","","other","other","","field","Kate Britton","k.britton@abdn.ac.uk","0000-0002-9478-5966","south-west France","Carpinus betulus","species","","","Britton, K., et al., 2020. Sampling plants and malacofauna in 87Sr/86Sr bioavailability studies: implications for isoscape mapping and reconstructing of past mobility patterns. Frontiers in Ecology and Evolution, 8, p.579473.",292,NA,0.70974,NA,"unknown","unknown","https://doi.org/10.3389/fevo.2020.579473","DOI","LIT","FER-4  28746","ARDUOUS-02873","FER-4  28746","whole plant","plant",NA,"France",0.55148,44.86052
"50","FER-11  28829","","SRM987",0.710273,"MC-ICP-MS","bulk solid","bulk solid",3.3e-05,"organism : animal : animal tissue : shell","","","","","other","other","","field","Kate Britton","k.britton@abdn.ac.uk","0000-0002-9478-5966","south-west France","Cepaea nemoralis","species","","","Britton, K., et al., 2020. Sampling plants and malacofauna in 87Sr/86Sr bioavailability studies: implications for isoscape mapping and reconstructing of past mobility patterns. Frontiers in Ecology and Evolution, 8, p.579473.",30,NA,0.70918,NA,"unknown","unknown","https://doi.org/10.3389/fevo.2020.579473","DOI","LIT","FER-11  28829","ARDUOUS-02876","FER-11  28829","shell","animal, other","small","France",1.24326,44.87024
"51","FER-6  28752","","SRM987",0.710273,"MC-ICP-MS","bulk solid","bulk solid",3.3e-05,"organism : plant : whole plant","","","","","other","other","","field","Kate Britton","k.britton@abdn.ac.uk","0000-0002-9478-5966","south-west France","Ligustrum vulgare","species","","","Britton, K., et al., 2020. Sampling plants and malacofauna in 87Sr/86Sr bioavailability studies: implications for isoscape mapping and reconstructing of past mobility patterns. Frontiers in Ecology and Evolution, 8, p.579473.",30,NA,0.7085,NA,"unknown","unknown","https://doi.org/10.3389/fevo.2020.579473","DOI","LIT","FER-6  28752","ARDUOUS-02877","FER-6  28752","whole plant","plant",NA,"France",1.49346,44.73772
"52","FER-10  28826","","SRM987",0.710273,"MC-ICP-MS","bulk solid","bulk solid",3.3e-05,"organism : animal : animal tissue : shell","","","","","other","other","","field","Kate Britton","k.britton@abdn.ac.uk","0000-0002-9478-5966","south-west France","Pupillidae","genus","","","Britton, K., et al., 2020. Sampling plants and malacofauna in 87Sr/86Sr bioavailability studies: implications for isoscape mapping and reconstructing of past mobility patterns. Frontiers in Ecology and Evolution, 8, p.579473.",318,NA,0.71095,NA,"unknown","unknown","https://doi.org/10.3389/fevo.2020.579473","DOI","LIT","FER-10  28826","ARDUOUS-02878","FER-10  28826","shell","animal, other","small","France",1.11292,44.88401
"53","FER-3  28742","","SRM987",0.710273,"MC-ICP-MS","bulk solid","bulk solid",3.3e-05,"organism : plant : whole plant","","","","","other","other","","field","Kate Britton","k.britton@abdn.ac.uk","0000-0002-9478-5966","south-west France","Ruscus aculeatus","species","","","Britton, K., et al., 2020. Sampling plants and malacofauna in 87Sr/86Sr bioavailability studies: implications for isoscape mapping and reconstructing of past mobility patterns. Frontiers in Ecology and Evolution, 8, p.579473.",32,NA,0.70985,NA,"unknown","unknown","https://doi.org/10.3389/fevo.2020.579473","DOI","LIT","FER-3  28742","ARDUOUS-02879","FER-3  28742","whole plant","plant",NA,"France",0.95838,44.90937
"54","FER-5  28813","","SRM987",0.710273,"MC-ICP-MS","bulk solid","bulk solid",3.3e-05,"organism : animal : animal tissue : shell","","","","","other","other","","field","Kate Britton","k.britton@abdn.ac.uk","0000-0002-9478-5966","south-west France","Pomatias elegans","species","","","Britton, K., et al., 2020. Sampling plants and malacofauna in 87Sr/86Sr bioavailability studies: implications for isoscape mapping and reconstructing of past mobility patterns. Frontiers in Ecology and Evolution, 8, p.579473.",34,NA,0.70975,NA,"unknown","unknown","https://doi.org/10.3389/fevo.2020.579473","DOI","LIT","FER-5  28813","ARDUOUS-02880","FER-5  28813","shell","animal, other","small","France",1.28211,44.82812
"55","FER-6  28751","","SRM987",0.710273,"MC-ICP-MS","bulk solid","bulk solid",3.3e-05,"organism : plant : whole plant","","","","","other","other","","field","Kate Britton","k.britton@abdn.ac.uk","0000-0002-9478-5966","south-west France","Acer monspessulanum","species","","","Britton, K., et al., 2020. Sampling plants and malacofauna in 87Sr/86Sr bioavailability studies: implications for isoscape mapping and reconstructing of past mobility patterns. Frontiers in Ecology and Evolution, 8, p.579473.",34,NA,0.70775,NA,"unknown","unknown","https://doi.org/10.3389/fevo.2020.579473","DOI","LIT","FER-6  28751","ARDUOUS-02881","FER-6  28751","whole plant","plant",NA,"France",1.49346,44.73772
"56","FER-3  28808","","SRM987",0.710273,"MC-ICP-MS","bulk solid","bulk solid",3.3e-05,"organism : animal : animal tissue : shell","","","","","other","other","","field","Kate Britton","k.britton@abdn.ac.uk","0000-0002-9478-5966","south-west France","Pomatias elegans","species","","","Britton, K., et al., 2020. Sampling plants and malacofauna in 87Sr/86Sr bioavailability studies: implications for isoscape mapping and reconstructing of past mobility patterns. Frontiers in Ecology and Evolution, 8, p.579473.",36,NA,0.70815,NA,"unknown","unknown","https://doi.org/10.3389/fevo.2020.579473","DOI","LIT","FER-3  28808","ARDUOUS-02882","FER-3  28808","shell","animal, other","small","France",0.95838,44.90937
"57","FER-11  28827","","SRM987",0.710273,"MC-ICP-MS","bulk solid","bulk solid",3.3e-05,"organism : animal : animal tissue : shell","","","","","other","other","","field","Kate Britton","k.britton@abdn.ac.uk","0000-0002-9478-5966","south-west France","Pomatias elegans","species","","","Britton, K., et al., 2020. Sampling plants and malacofauna in 87Sr/86Sr bioavailability studies: implications for isoscape mapping and reconstructing of past mobility patterns. Frontiers in Ecology and Evolution, 8, p.579473.",36,NA,0.70845,NA,"unknown","unknown","https://doi.org/10.3389/fevo.2020.579473","DOI","LIT","FER-11  28827","ARDUOUS-02883","FER-11  28827","shell","animal, other","small","France",1.24326,44.87024
"58","FER-1  28737","","SRM987",0.710273,"MC-ICP-MS","bulk solid","bulk solid",3.3e-05,"organism : plant : whole plant","","","","","other","other","","field","Kate Britton","k.britton@abdn.ac.uk","0000-0002-9478-5966","south-west France","Carpinus betulus","species","","","Britton, K., et al., 2020. Sampling plants and malacofauna in 87Sr/86Sr bioavailability studies: implications for isoscape mapping and reconstructing of past mobility patterns. Frontiers in Ecology and Evolution, 8, p.579473.",36,NA,0.71096,NA,"unknown","unknown","https://doi.org/10.3389/fevo.2020.579473","DOI","LIT","FER-1  28737","ARDUOUS-02884","FER-1  28737","whole plant","plant",NA,"France",0.93847,44.95057
"59","FER-7  28820","","SRM987",0.710273,"MC-ICP-MS","bulk solid","bulk solid",3.3e-05,"organism : animal : animal tissue : shell","","","","","other","other","","field","Kate Britton","k.britton@abdn.ac.uk","0000-0002-9478-5966","south-west France","Cornu aspersum","species","","","Britton, K., et al., 2020. Sampling plants and malacofauna in 87Sr/86Sr bioavailability studies: implications for isoscape mapping and reconstructing of past mobility patterns. Frontiers in Ecology and Evolution, 8, p.579473.",37,NA,0.70824,NA,"unknown","unknown","https://doi.org/10.3389/fevo.2020.579473","DOI","LIT","FER-7  28820","ARDUOUS-02885","FER-7  28820","shell","animal, other","small","France",1.72123,44.64858
"60","FER-17  28798","","SRM987",0.710273,"MC-ICP-MS","bulk solid","bulk solid",3.3e-05,"organism : plant : whole plant","","","","","other","other","","field","Kate Britton","k.britton@abdn.ac.uk","0000-0002-9478-5966","south-west France","Rubus fruticosus agg.","species","","","Britton, K., et al., 2020. Sampling plants and malacofauna in 87Sr/86Sr bioavailability studies: implications for isoscape mapping and reconstructing of past mobility patterns. Frontiers in Ecology and Evolution, 8, p.579473.",380,NA,0.71748,NA,"unknown","unknown","https://doi.org/10.3389/fevo.2020.579473","DOI","LIT","FER-17  28798","ARDUOUS-02886","FER-17  28798","whole plant","plant",NA,"France",2.14581,45.46829
"61","FER-3  28809","","SRM987",0.710273,"MC-ICP-MS","bulk solid","bulk solid",3.3e-05,"organism : animal : animal tissue : shell","","","","","other","other","","field","Kate Britton","k.britton@abdn.ac.uk","0000-0002-9478-5966","south-west France","Pomatias elegans","species","","","Britton, K., et al., 2020. Sampling plants and malacofauna in 87Sr/86Sr bioavailability studies: implications for isoscape mapping and reconstructing of past mobility patterns. Frontiers in Ecology and Evolution, 8, p.579473.",39,NA,0.70854,NA,"unknown","unknown","https://doi.org/10.3389/fevo.2020.579473","DOI","LIT","FER-3  28809","ARDUOUS-02887","FER-3  28809","shell","animal, other","small","France",0.95838,44.90937
"62","FER-8  28822","","SRM987",0.710273,"MC-ICP-MS","bulk solid","bulk solid",3.3e-05,"organism : animal : animal tissue : shell","","","","","other","other","","field","Kate Britton","k.britton@abdn.ac.uk","0000-0002-9478-5966","south-west France","Cornu aspersum","species","","","Britton, K., et al., 2020. Sampling plants and malacofauna in 87Sr/86Sr bioavailability studies: implications for isoscape mapping and reconstructing of past mobility patterns. Frontiers in Ecology and Evolution, 8, p.579473.",39,NA,0.7074,NA,"unknown","unknown","https://doi.org/10.3389/fevo.2020.579473","DOI","LIT","FER-8  28822","ARDUOUS-02888","FER-8  28822","shell","animal, other","small","France",1.79609,44.67463
"63","FER-15  28788","","SRM987",0.710273,"MC-ICP-MS","bulk solid","bulk solid",3.3e-05,"organism : plant : whole plant","","","","","other","other","","field","Kate Britton","k.britton@abdn.ac.uk","0000-0002-9478-5966","south-west France","Graminae (unid.)","family","","","Britton, K., et al., 2020. Sampling plants and malacofauna in 87Sr/86Sr bioavailability studies: implications for isoscape mapping and reconstructing of past mobility patterns. Frontiers in Ecology and Evolution, 8, p.579473.",39,NA,0.7185,NA,"unknown","unknown","https://doi.org/10.3389/fevo.2020.579473","DOI","LIT","FER-15  28788","ARDUOUS-02889","FER-15  28788","whole plant","plant",NA,"France",1.85674,45.32568
"64","FER-9  28767","","SRM987",0.710273,"MC-ICP-MS","bulk solid","bulk solid",3.3e-05,"organism : plant : whole plant","","","","","other","other","","field","Kate Britton","k.britton@abdn.ac.uk","0000-0002-9478-5966","south-west France","Quercus pubescens","species","","","Britton, K., et al., 2020. Sampling plants and malacofauna in 87Sr/86Sr bioavailability studies: implications for isoscape mapping and reconstructing of past mobility patterns. Frontiers in Ecology and Evolution, 8, p.579473.",39,NA,0.70953,NA,"unknown","unknown","https://doi.org/10.3389/fevo.2020.579473","DOI","LIT","FER-9  28767","ARDUOUS-02890","FER-9  28767","whole plant","plant",NA,"France",1.86553,44.72652
"65","FER-1  28734","","SRM987",0.710273,"MC-ICP-MS","bulk solid","bulk solid",3.3e-05,"organism : plant : whole plant","","","","","other","other","","field","Kate Britton","k.britton@abdn.ac.uk","0000-0002-9478-5966","south-west France","Graminae (unid.)","family","","","Britton, K., et al., 2020. Sampling plants and malacofauna in 87Sr/86Sr bioavailability studies: implications for isoscape mapping and reconstructing of past mobility patterns. Frontiers in Ecology and Evolution, 8, p.579473.",4,NA,0.71028,NA,"unknown","unknown","https://doi.org/10.3389/fevo.2020.579473","DOI","LIT","FER-1  28734","ARDUOUS-02891","FER-1  28734","whole plant","plant",NA,"France",0.93847,44.95057
"66","FER-12  28776","","SRM987",0.710273,"MC-ICP-MS","bulk solid","bulk solid",3.3e-05,"organism : plant : whole plant","","","","","other","other","","field","Kate Britton","k.britton@abdn.ac.uk","0000-0002-9478-5966","south-west France","Graminae (unid.)","family","","","Britton, K., et al., 2020. Sampling plants and malacofauna in 87Sr/86Sr bioavailability studies: implications for isoscape mapping and reconstructing of past mobility patterns. Frontiers in Ecology and Evolution, 8, p.579473.",4,NA,0.71448,NA,"unknown","unknown","https://doi.org/10.3389/fevo.2020.579473","DOI","LIT","FER-12  28776","ARDUOUS-02892","FER-12  28776","whole plant","plant",NA,"France",1.30185,44.84201
"67","FER-13  28834","","SRM987",0.710273,"MC-ICP-MS","bulk solid","bulk solid",3.3e-05,"organism : animal : animal tissue : shell","","","","","other","other","","field","Kate Britton","k.britton@abdn.ac.uk","0000-0002-9478-5966","south-west France","Chilostoma sp.","genus","","","Britton, K., et al., 2020. Sampling plants and malacofauna in 87Sr/86Sr bioavailability studies: implications for isoscape mapping and reconstructing of past mobility patterns. Frontiers in Ecology and Evolution, 8, p.579473.",40,NA,0.70765,NA,"unknown","unknown","https://doi.org/10.3389/fevo.2020.579473","DOI","LIT","FER-13  28834","ARDUOUS-02893","FER-13  28834","shell","animal, other","small","France",1.25674,45.10318
"68","FER-12  28779","","SRM987",0.710273,"MC-ICP-MS","bulk solid","bulk solid",3.3e-05,"organism : plant : whole plant","","","","","other","other","","field","Kate Britton","k.britton@abdn.ac.uk","0000-0002-9478-5966","south-west France","Carpinus betulus","species","","","Britton, K., et al., 2020. Sampling plants and malacofauna in 87Sr/86Sr bioavailability studies: implications for isoscape mapping and reconstructing of past mobility patterns. Frontiers in Ecology and Evolution, 8, p.579473.",40,NA,0.71367,NA,"unknown","unknown","https://doi.org/10.3389/fevo.2020.579473","DOI","LIT","FER-12  28779","ARDUOUS-02894","FER-12  28779","whole plant","plant",NA,"France",1.30185,44.84201
"69","FER-14  28785","","SRM987",0.710273,"MC-ICP-MS","bulk solid","bulk solid",3.3e-05,"organism : plant : whole plant","","","","","other","other","","field","Kate Britton","k.britton@abdn.ac.uk","0000-0002-9478-5966","south-west France","Ruscus aculeatus","species","","","Britton, K., et al., 2020. Sampling plants and malacofauna in 87Sr/86Sr bioavailability studies: implications for isoscape mapping and reconstructing of past mobility patterns. Frontiers in Ecology and Evolution, 8, p.579473.",41,NA,0.71507,NA,"unknown","unknown","https://doi.org/10.3389/fevo.2020.579473","DOI","LIT","FER-14  28785","ARDUOUS-02895","FER-14  28785","whole plant","plant",NA,"France",1.45201,45.13348
"70","FER-1  28803","","SRM987",0.710273,"MC-ICP-MS","bulk solid","bulk solid",3.3e-05,"organism : animal : animal tissue : shell","","","","","other","other","","field","Kate Britton","k.britton@abdn.ac.uk","0000-0002-9478-5966","south-west France","Clausiliidae","family","","","Britton, K., et al., 2020. Sampling plants and malacofauna in 87Sr/86Sr bioavailability studies: implications for isoscape mapping and reconstructing of past mobility patterns. Frontiers in Ecology and Evolution, 8, p.579473.",42,NA,0.70828,NA,"unknown","unknown","https://doi.org/10.3389/fevo.2020.579473","DOI","LIT","FER-1  28803","ARDUOUS-02896","FER-1  28803","shell","animal, other","small","France",0.93847,44.95057
"71","FER-12  28830","","SRM987",0.710273,"MC-ICP-MS","bulk solid","bulk solid",3.3e-05,"organism : animal : animal tissue : shell","","","","","other","other","","field","Kate Britton","k.britton@abdn.ac.uk","0000-0002-9478-5966","south-west France","Pomatias elegans","species","","","Britton, K., et al., 2020. Sampling plants and malacofauna in 87Sr/86Sr bioavailability studies: implications for isoscape mapping and reconstructing of past mobility patterns. Frontiers in Ecology and Evolution, 8, p.579473.",42,NA,0.71003,NA,"unknown","unknown","https://doi.org/10.3389/fevo.2020.579473","DOI","LIT","FER-12  28830","ARDUOUS-02897","FER-12  28830","shell","animal, other","small","France",1.30185,44.84201
"72","FER-13  28833","","SRM987",0.710273,"MC-ICP-MS","bulk solid","bulk solid",3.3e-05,"organism : animal : animal tissue : shell","","","","","other","other","","field","Kate Britton","k.britton@abdn.ac.uk","0000-0002-9478-5966","south-west France","Pomatias elegans","species","","","Britton, K., et al., 2020. Sampling plants and malacofauna in 87Sr/86Sr bioavailability studies: implications for isoscape mapping and reconstructing of past mobility patterns. Frontiers in Ecology and Evolution, 8, p.579473.",42,NA,0.70747,NA,"unknown","unknown","https://doi.org/10.3389/fevo.2020.579473","DOI","LIT","FER-13  28833","ARDUOUS-02898","FER-13  28833","shell","animal, other","small","France",1.25674,45.10318
"73","FER-12  28778","","SRM987",0.710273,"MC-ICP-MS","bulk solid","bulk solid",3.3e-05,"organism : plant : whole plant","","","","","other","other","","field","Kate Britton","k.britton@abdn.ac.uk","0000-0002-9478-5966","south-west France","Crataegus sp.","genus","","","Britton, K., et al., 2020. Sampling plants and malacofauna in 87Sr/86Sr bioavailability studies: implications for isoscape mapping and reconstructing of past mobility patterns. Frontiers in Ecology and Evolution, 8, p.579473.",42,NA,0.71338,NA,"unknown","unknown","https://doi.org/10.3389/fevo.2020.579473","DOI","LIT","FER-12  28778","ARDUOUS-02899","FER-12  28778","whole plant","plant",NA,"France",1.30185,44.84201
"74","FER-9  28825","","SRM987",0.710273,"MC-ICP-MS","bulk solid","bulk solid",3.3e-05,"organism : animal : animal tissue : shell","","","","","other","other","","field","Kate Britton","k.britton@abdn.ac.uk","0000-0002-9478-5966","south-west France","Pomatias elegans","species","","","Britton, K., et al., 2020. Sampling plants and malacofauna in 87Sr/86Sr bioavailability studies: implications for isoscape mapping and reconstructing of past mobility patterns. Frontiers in Ecology and Evolution, 8, p.579473.",44,NA,0.70811,NA,"unknown","unknown","https://doi.org/10.3389/fevo.2020.579473","DOI","LIT","FER-9  28825","ARDUOUS-02900","FER-9  28825","shell","animal, other","small","France",1.86553,44.72652
"75","FER-3  28743","","SRM987",0.710273,"MC-ICP-MS","bulk solid","bulk solid",3.3e-05,"organism : plant : whole plant","","","","","other","other","","field","Kate Britton","k.britton@abdn.ac.uk","0000-0002-9478-5966","south-west France","Tilia vulgaris","species","","","Britton, K., et al., 2020. Sampling plants and malacofauna in 87Sr/86Sr bioavailability studies: implications for isoscape mapping and reconstructing of past mobility patterns. Frontiers in Ecology and Evolution, 8, p.579473.",44,NA,0.70945,NA,"unknown","unknown","https://doi.org/10.3389/fevo.2020.579473","DOI","LIT","FER-3  28743","ARDUOUS-02901","FER-3  28743","whole plant","plant",NA,"France",0.95838,44.90937
"76","FER-9  28766","","SRM987",0.710273,"MC-ICP-MS","bulk solid","bulk solid",3.3e-05,"organism : plant : whole plant","","","","","other","other","","field","Kate Britton","k.britton@abdn.ac.uk","0000-0002-9478-5966","south-west France","Carpinus betulus","species","","","Britton, K., et al., 2020. Sampling plants and malacofauna in 87Sr/86Sr bioavailability studies: implications for isoscape mapping and reconstructing of past mobility patterns. Frontiers in Ecology and Evolution, 8, p.579473.",45,NA,0.71185,NA,"unknown","unknown","https://doi.org/10.3389/fevo.2020.579473","DOI","LIT","FER-9  28766","ARDUOUS-02902","FER-9  28766","whole plant","plant",NA,"France",1.86553,44.72652
"77","FER-16  28794","","SRM987",0.710273,"MC-ICP-MS","bulk solid","bulk solid",3.3e-05,"organism : plant : whole plant","","","","","other","other","","field","Kate Britton","k.britton@abdn.ac.uk","0000-0002-9478-5966","south-west France","Rubus fruticosus agg.","species","","","Britton, K., et al., 2020. Sampling plants and malacofauna in 87Sr/86Sr bioavailability studies: implications for isoscape mapping and reconstructing of past mobility patterns. Frontiers in Ecology and Evolution, 8, p.579473.",453,NA,0.71429,NA,"unknown","unknown","https://doi.org/10.3389/fevo.2020.579473","DOI","LIT","FER-16  28794","ARDUOUS-02903","FER-16  28794","whole plant","plant",NA,"France",2.0004,45.3698
"78","FER-4  28744","","SRM987",0.710273,"MC-ICP-MS","bulk solid","bulk solid",3.3e-05,"organism : plant : whole plant","","","","","other","other","","field","Kate Britton","k.britton@abdn.ac.uk","0000-0002-9478-5966","south-west France","Graminae (unid.)","family","","","Britton, K., et al., 2020. Sampling plants and malacofauna in 87Sr/86Sr bioavailability studies: implications for isoscape mapping and reconstructing of past mobility patterns. Frontiers in Ecology and Evolution, 8, p.579473.",46,NA,0.71028,NA,"unknown","unknown","https://doi.org/10.3389/fevo.2020.579473","DOI","LIT","FER-4  28744","ARDUOUS-02904","FER-4  28744","whole plant","plant",NA,"France",0.55148,44.86052
"79","FER-11  28828","","SRM987",0.710273,"MC-ICP-MS","bulk solid","bulk solid",3.3e-05,"organism : animal : animal tissue : shell","","","","","other","other","","field","Kate Britton","k.britton@abdn.ac.uk","0000-0002-9478-5966","south-west France","Cornu aspersum","species","","","Britton, K., et al., 2020. Sampling plants and malacofauna in 87Sr/86Sr bioavailability studies: implications for isoscape mapping and reconstructing of past mobility patterns. Frontiers in Ecology and Evolution, 8, p.579473.",47,NA,0.70859,NA,"unknown","unknown","https://doi.org/10.3389/fevo.2020.579473","DOI","LIT","FER-11  28828","ARDUOUS-02905","FER-11  28828","shell","animal, other","small","France",1.24326,44.87024
"80","FER-12  28831","","SRM987",0.710273,"MC-ICP-MS","bulk solid","bulk solid",3.3e-05,"organism : animal : animal tissue : shell","","","","","other","other","","field","Kate Britton","k.britton@abdn.ac.uk","0000-0002-9478-5966","south-west France","Chilostoma sp.","genus","","","Britton, K., et al., 2020. Sampling plants and malacofauna in 87Sr/86Sr bioavailability studies: implications for isoscape mapping and reconstructing of past mobility patterns. Frontiers in Ecology and Evolution, 8, p.579473.",47,NA,0.70879,NA,"unknown","unknown","https://doi.org/10.3389/fevo.2020.579473","DOI","LIT","FER-12  28831","ARDUOUS-02906","FER-12  28831","shell","animal, other","small","France",1.30185,44.84201
"81","FER-5  28814","","SRM987",0.710273,"MC-ICP-MS","bulk solid","bulk solid",3.3e-05,"organism : animal : animal tissue : shell","","","","","other","other","","field","Kate Britton","k.britton@abdn.ac.uk","0000-0002-9478-5966","south-west France","Pomatias elegans","species","","","Britton, K., et al., 2020. Sampling plants and malacofauna in 87Sr/86Sr bioavailability studies: implications for isoscape mapping and reconstructing of past mobility patterns. Frontiers in Ecology and Evolution, 8, p.579473.",49,NA,0.70832,NA,"unknown","unknown","https://doi.org/10.3389/fevo.2020.579473","DOI","LIT","FER-5  28814","ARDUOUS-02907","FER-5  28814","shell","animal, other","small","France",1.28211,44.82812
"82","FER-8  28762","","SRM987",0.710273,"MC-ICP-MS","bulk solid","bulk solid",3.3e-05,"organism : plant : whole plant","","","","","other","other","","field","Kate Britton","k.britton@abdn.ac.uk","0000-0002-9478-5966","south-west France","Acer monspessulanum","species","","","Britton, K., et al., 2020. Sampling plants and malacofauna in 87Sr/86Sr bioavailability studies: implications for isoscape mapping and reconstructing of past mobility patterns. Frontiers in Ecology and Evolution, 8, p.579473.",50,NA,0.70784,NA,"unknown","unknown","https://doi.org/10.3389/fevo.2020.579473","DOI","LIT","FER-8  28762","ARDUOUS-02908","FER-8  28762","whole plant","plant",NA,"France",1.79609,44.67463
"83","FER-3  28810","","SRM987",0.710273,"MC-ICP-MS","bulk solid","bulk solid",3.3e-05,"organism : animal : animal tissue : shell","","","","","other","other","","field","Kate Britton","k.britton@abdn.ac.uk","0000-0002-9478-5966","south-west France","Cornu aspersum","species","","","Britton, K., et al., 2020. Sampling plants and malacofauna in 87Sr/86Sr bioavailability studies: implications for isoscape mapping and reconstructing of past mobility patterns. Frontiers in Ecology and Evolution, 8, p.579473.",52,NA,0.70934,NA,"unknown","unknown","https://doi.org/10.3389/fevo.2020.579473","DOI","LIT","FER-3  28810","ARDUOUS-02909","FER-3  28810","shell","animal, other","small","France",0.95838,44.90937
"84","FER-4  28811","","SRM987",0.710273,"MC-ICP-MS","bulk solid","bulk solid",3.3e-05,"organism : animal : animal tissue : shell","","","","","other","other","","field","Kate Britton","k.britton@abdn.ac.uk","0000-0002-9478-5966","south-west France","Cornu aspersum","species","","","Britton, K., et al., 2020. Sampling plants and malacofauna in 87Sr/86Sr bioavailability studies: implications for isoscape mapping and reconstructing of past mobility patterns. Frontiers in Ecology and Evolution, 8, p.579473.",542,NA,0.7095,NA,"unknown","unknown","https://doi.org/10.3389/fevo.2020.579473","DOI","LIT","FER-4  28811","ARDUOUS-02910","FER-4  28811","shell","animal, other","small","France",0.55148,44.86052
"85","FER-5  28815","","SRM987",0.710273,"MC-ICP-MS","bulk solid","bulk solid",3.3e-05,"organism : animal : animal tissue : shell","","","","","other","other","","field","Kate Britton","k.britton@abdn.ac.uk","0000-0002-9478-5966","south-west France","Cepaea nemoralis","species","","","Britton, K., et al., 2020. Sampling plants and malacofauna in 87Sr/86Sr bioavailability studies: implications for isoscape mapping and reconstructing of past mobility patterns. Frontiers in Ecology and Evolution, 8, p.579473.",57,NA,0.71078,NA,"unknown","unknown","https://doi.org/10.3389/fevo.2020.579473","DOI","LIT","FER-5  28815","ARDUOUS-02911","FER-5  28815","shell","animal, other","small","France",1.28211,44.82812
"86","FER-7  28757","","SRM987",0.710273,"MC-ICP-MS","bulk solid","bulk solid",3.3e-05,"organism : plant : whole plant","","","","","other","other","","field","Kate Britton","k.britton@abdn.ac.uk","0000-0002-9478-5966","south-west France","Quercus pubescens","species","","","Britton, K., et al., 2020. Sampling plants and malacofauna in 87Sr/86Sr bioavailability studies: implications for isoscape mapping and reconstructing of past mobility patterns. Frontiers in Ecology and Evolution, 8, p.579473.",57,NA,0.70794,NA,"unknown","unknown","https://doi.org/10.3389/fevo.2020.579473","DOI","LIT","FER-7  28757","ARDUOUS-02912","FER-7  28757","whole plant","plant",NA,"France",1.72123,44.64858
"87","FER-16  28796","","SRM987",0.710273,"MC-ICP-MS","bulk solid","bulk solid",3.3e-05,"organism : plant : whole plant","","","","","other","other","","field","Kate Britton","k.britton@abdn.ac.uk","0000-0002-9478-5966","south-west France","Fagus sylvatica","species","","","Britton, K., et al., 2020. Sampling plants and malacofauna in 87Sr/86Sr bioavailability studies: implications for isoscape mapping and reconstructing of past mobility patterns. Frontiers in Ecology and Evolution, 8, p.579473.",57,NA,0.72367,NA,"unknown","unknown","https://doi.org/10.3389/fevo.2020.579473","DOI","LIT","FER-16  28796","ARDUOUS-02913","FER-16  28796","whole plant","plant",NA,"France",2.0004,45.3698
"88","FER-17  28799","","SRM987",0.710273,"MC-ICP-MS","bulk solid","bulk solid",3.3e-05,"organism : plant : whole plant","","","","","other","other","","field","Kate Britton","k.britton@abdn.ac.uk","0000-0002-9478-5966","south-west France","Corylus avellana","species","","","Britton, K., et al., 2020. Sampling plants and malacofauna in 87Sr/86Sr bioavailability studies: implications for isoscape mapping and reconstructing of past mobility patterns. Frontiers in Ecology and Evolution, 8, p.579473.",572,NA,0.71631,NA,"unknown","unknown","https://doi.org/10.3389/fevo.2020.579473","DOI","LIT","FER-17  28799","ARDUOUS-02914","FER-17  28799","whole plant","plant",NA,"France",2.14581,45.46829
"89","FER-9  28764","","SRM987",0.710273,"MC-ICP-MS","bulk solid","bulk solid",3.3e-05,"organism : plant : whole plant","","","","","other","other","","field","Kate Britton","k.britton@abdn.ac.uk","0000-0002-9478-5966","south-west France","Ligustrum vulgare","species","","","Britton, K., et al., 2020. Sampling plants and malacofauna in 87Sr/86Sr bioavailability studies: implications for isoscape mapping and reconstructing of past mobility patterns. Frontiers in Ecology and Evolution, 8, p.579473.",58,NA,0.70901,NA,"unknown","unknown","https://doi.org/10.3389/fevo.2020.579473","DOI","LIT","FER-9  28764","ARDUOUS-02915","FER-9  28764","whole plant","plant",NA,"France",1.86553,44.72652
"90","FER-8  28761","","SRM987",0.710273,"MC-ICP-MS","bulk solid","bulk solid",3.3e-05,"organism : plant : whole plant","","","","","other","other","","field","Kate Britton","k.britton@abdn.ac.uk","0000-0002-9478-5966","south-west France","Ulmus minor","species","","","Britton, K., et al., 2020. Sampling plants and malacofauna in 87Sr/86Sr bioavailability studies: implications for isoscape mapping and reconstructing of past mobility patterns. Frontiers in Ecology and Evolution, 8, p.579473.",58,NA,0.70782,NA,"unknown","unknown","https://doi.org/10.3389/fevo.2020.579473","DOI","LIT","FER-8  28761","ARDUOUS-02916","FER-8  28761","whole plant","plant",NA,"France",1.79609,44.67463
"91","FER-13  28832","","SRM987",0.710273,"MC-ICP-MS","bulk solid","bulk solid",3.3e-05,"organism : animal : animal tissue : shell","","","","","other","other","","field","Kate Britton","k.britton@abdn.ac.uk","0000-0002-9478-5966","south-west France","Pomatias elegans","species","","","Britton, K., et al., 2020. Sampling plants and malacofauna in 87Sr/86Sr bioavailability studies: implications for isoscape mapping and reconstructing of past mobility patterns. Frontiers in Ecology and Evolution, 8, p.579473.",60,NA,0.70752,NA,"unknown","unknown","https://doi.org/10.3389/fevo.2020.579473","DOI","LIT","FER-13  28832","ARDUOUS-02917","FER-13  28832","shell","animal, other","small","France",1.25674,45.10318
"92","FER-8  28823","","SRM987",0.710273,"MC-ICP-MS","bulk solid","bulk solid",3.3e-05,"organism : animal : animal tissue : shell","","","","","other","other","","field","Kate Britton","k.britton@abdn.ac.uk","0000-0002-9478-5966","south-west France","Cepaea nemoralis","species","","","Britton, K., et al., 2020. Sampling plants and malacofauna in 87Sr/86Sr bioavailability studies: implications for isoscape mapping and reconstructing of past mobility patterns. Frontiers in Ecology and Evolution, 8, p.579473.",66,NA,0.70733,NA,"unknown","unknown","https://doi.org/10.3389/fevo.2020.579473","DOI","LIT","FER-8  28823","ARDUOUS-02918","FER-8  28823","shell","animal, other","small","France",1.79609,44.67463
"93","FER-8  28760","","SRM987",0.710273,"MC-ICP-MS","bulk solid","bulk solid",3.3e-05,"organism : plant : whole plant","","","","","other","other","","field","Kate Britton","k.britton@abdn.ac.uk","0000-0002-9478-5966","south-west France","Ligustrum vulgare","species","","","Britton, K., et al., 2020. Sampling plants and malacofauna in 87Sr/86Sr bioavailability studies: implications for isoscape mapping and reconstructing of past mobility patterns. Frontiers in Ecology and Evolution, 8, p.579473.",67,NA,0.70799,NA,"unknown","unknown","https://doi.org/10.3389/fevo.2020.579473","DOI","LIT","FER-8  28760","ARDUOUS-02919","FER-8  28760","whole plant","plant",NA,"France",1.79609,44.67463
"94","FER-6  28753","","SRM987",0.710273,"MC-ICP-MS","bulk solid","bulk solid",3.3e-05,"organism : plant : whole plant","","","","","other","other","","field","Kate Britton","k.britton@abdn.ac.uk","0000-0002-9478-5966","south-west France","Quercus pubescens","species","","","Britton, K., et al., 2020. Sampling plants and malacofauna in 87Sr/86Sr bioavailability studies: implications for isoscape mapping and reconstructing of past mobility patterns. Frontiers in Ecology and Evolution, 8, p.579473.",67,NA,0.70854,NA,"unknown","unknown","https://doi.org/10.3389/fevo.2020.579473","DOI","LIT","FER-6  28753","ARDUOUS-02920","FER-6  28753","whole plant","plant",NA,"France",1.49346,44.73772
"95","FER-15  28789","","SRM987",0.710273,"MC-ICP-MS","bulk solid","bulk solid",3.3e-05,"organism : plant : whole plant","","","","","other","other","","field","Kate Britton","k.britton@abdn.ac.uk","0000-0002-9478-5966","south-west France","Ilex aquifolium","species","","","Britton, K., et al., 2020. Sampling plants and malacofauna in 87Sr/86Sr bioavailability studies: implications for isoscape mapping and reconstructing of past mobility patterns. Frontiers in Ecology and Evolution, 8, p.579473.",671,NA,0.71823,NA,"unknown","unknown","https://doi.org/10.3389/fevo.2020.579473","DOI","LIT","FER-15  28789","ARDUOUS-02921","FER-15  28789","whole plant","plant",NA,"France",1.85674,45.32568
"96","FER-2  28738","","SRM987",0.710273,"MC-ICP-MS","bulk solid","bulk solid",3.3e-05,"organism : plant : whole plant","","","","","other","other","","field","Kate Britton","k.britton@abdn.ac.uk","0000-0002-9478-5966","south-west France","Graminae (unid.)","family","","","Britton, K., et al., 2020. Sampling plants and malacofauna in 87Sr/86Sr bioavailability studies: implications for isoscape mapping and reconstructing of past mobility patterns. Frontiers in Ecology and Evolution, 8, p.579473.",7,NA,0.70953,NA,"unknown","unknown","https://doi.org/10.3389/fevo.2020.579473","DOI","LIT","FER-2  28738","ARDUOUS-02923","FER-2  28738","whole plant","plant",NA,"France",0.93818,44.95164
"97","FER-15  28791","","SRM987",0.710273,"MC-ICP-MS","bulk solid","bulk solid",3.3e-05,"organism : plant : whole plant","","","","","other","other","","field","Kate Britton","k.britton@abdn.ac.uk","0000-0002-9478-5966","south-west France","Quercus robur","species","","","Britton, K., et al., 2020. Sampling plants and malacofauna in 87Sr/86Sr bioavailability studies: implications for isoscape mapping and reconstructing of past mobility patterns. Frontiers in Ecology and Evolution, 8, p.579473.",70,NA,0.71843,NA,"unknown","unknown","https://doi.org/10.3389/fevo.2020.579473","DOI","LIT","FER-15  28791","ARDUOUS-02924","FER-15  28791","whole plant","plant",NA,"France",1.85674,45.32568
"98","FER-17  28800","","SRM987",0.710273,"MC-ICP-MS","bulk solid","bulk solid",3.3e-05,"organism : plant : whole plant","","","","","other","other","","field","Kate Britton","k.britton@abdn.ac.uk","0000-0002-9478-5966","south-west France","Salix caprea","species","","","Britton, K., et al., 2020. Sampling plants and malacofauna in 87Sr/86Sr bioavailability studies: implications for isoscape mapping and reconstructing of past mobility patterns. Frontiers in Ecology and Evolution, 8, p.579473.",707,NA,0.716,NA,"unknown","unknown","https://doi.org/10.3389/fevo.2020.579473","DOI","LIT","FER-17  28800","ARDUOUS-02925","FER-17  28800","whole plant","plant",NA,"France",2.14581,45.46829
"99","FER-7  28756","","SRM987",0.710273,"MC-ICP-MS","bulk solid","bulk solid",3.3e-05,"organism : plant : whole plant","","","","","other","other","","field","Kate Britton","k.britton@abdn.ac.uk","0000-0002-9478-5966","south-west France","Vaccinium sp.","genus","","","Britton, K., et al., 2020. Sampling plants and malacofauna in 87Sr/86Sr bioavailability studies: implications for isoscape mapping and reconstructing of past mobility patterns. Frontiers in Ecology and Evolution, 8, p.579473.",74,NA,0.70786,NA,"unknown","unknown","https://doi.org/10.3389/fevo.2020.579473","DOI","LIT","FER-7  28756","ARDUOUS-02926","FER-7  28756","whole plant","plant",NA,"France",1.72123,44.64858
"100","FER-9  28765","","SRM987",0.710273,"MC-ICP-MS","bulk solid","bulk solid",3.3e-05,"organism : plant : whole plant","","","","","other","other","","field","Kate Britton","k.britton@abdn.ac.uk","0000-0002-9478-5966","south-west France","Crataegus sp.","genus","","","Britton, K., et al., 2020. Sampling plants and malacofauna in 87Sr/86Sr bioavailability studies: implications for isoscape mapping and reconstructing of past mobility patterns. Frontiers in Ecology and Evolution, 8, p.579473.",78,NA,0.70937,NA,"unknown","unknown","https://doi.org/10.3389/fevo.2020.579473","DOI","LIT","FER-9  28765","ARDUOUS-02927","FER-9  28765","whole plant","plant",NA,"France",1.86553,44.72652
"101","FER-6  28750","","SRM987",0.710273,"MC-ICP-MS","bulk solid","bulk solid",3.3e-05,"organism : plant : whole plant","","","","","other","other","","field","Kate Britton","k.britton@abdn.ac.uk","0000-0002-9478-5966","south-west France","Graminae (unid.)","family","","","Britton, K., et al., 2020. Sampling plants and malacofauna in 87Sr/86Sr bioavailability studies: implications for isoscape mapping and reconstructing of past mobility patterns. Frontiers in Ecology and Evolution, 8, p.579473.",8,NA,0.70799,NA,"unknown","unknown","https://doi.org/10.3389/fevo.2020.579473","DOI","LIT","FER-6  28750","ARDUOUS-02929","FER-6  28750","whole plant","plant",NA,"France",1.49346,44.73772
"102","FER-11  28772","","SRM987",0.710273,"MC-ICP-MS","bulk solid","bulk solid",3.3e-05,"organism : plant : whole plant","","","","","other","other","","field","Kate Britton","k.britton@abdn.ac.uk","0000-0002-9478-5966","south-west France","Graminae (unid.)","family","","","Britton, K., et al., 2020. Sampling plants and malacofauna in 87Sr/86Sr bioavailability studies: implications for isoscape mapping and reconstructing of past mobility patterns. Frontiers in Ecology and Evolution, 8, p.579473.",8,NA,0.71048,NA,"unknown","unknown","https://doi.org/10.3389/fevo.2020.579473","DOI","LIT","FER-11  28772","ARDUOUS-02930","FER-11  28772","whole plant","plant",NA,"France",1.24326,44.87024
"103","FER-10  28770","","SRM987",0.710273,"MC-ICP-MS","bulk solid","bulk solid",3.3e-05,"organism : plant : whole plant","","","","","other","other","","field","Kate Britton","k.britton@abdn.ac.uk","0000-0002-9478-5966","south-west France","Castanea sativa","species","","","Britton, K., et al., 2020. Sampling plants and malacofauna in 87Sr/86Sr bioavailability studies: implications for isoscape mapping and reconstructing of past mobility patterns. Frontiers in Ecology and Evolution, 8, p.579473.",88,NA,0.71173,NA,"unknown","unknown","https://doi.org/10.3389/fevo.2020.579473","DOI","LIT","FER-10  28770","ARDUOUS-02931","FER-10  28770","whole plant","plant",NA,"France",1.11292,44.88401
"104","FER-9  28763","","SRM987",0.710273,"MC-ICP-MS","bulk solid","bulk solid",3.3e-05,"organism : plant : whole plant","","","","","other","other","","field","Kate Britton","k.britton@abdn.ac.uk","0000-0002-9478-5966","south-west France","Graminae (unid.)","family","","","Britton, K., et al., 2020. Sampling plants and malacofauna in 87Sr/86Sr bioavailability studies: implications for isoscape mapping and reconstructing of past mobility patterns. Frontiers in Ecology and Evolution, 8, p.579473.",9,NA,0.70886,NA,"unknown","unknown","https://doi.org/10.3389/fevo.2020.579473","DOI","LIT","FER-9  28763","ARDUOUS-02932","FER-9  28763","whole plant","plant",NA,"France",1.86553,44.72652
"105","FER-7  28821","","SRM987",0.710273,"MC-ICP-MS","bulk solid","bulk solid",3.3e-05,"organism : animal : animal tissue : shell","","","","","other","other","","field","Kate Britton","k.britton@abdn.ac.uk","0000-0002-9478-5966","south-west France","Cepaea nemoralis","species","","","Britton, K., et al., 2020. Sampling plants and malacofauna in 87Sr/86Sr bioavailability studies: implications for isoscape mapping and reconstructing of past mobility patterns. Frontiers in Ecology and Evolution, 8, p.579473.",92,NA,0.70759,NA,"unknown","unknown","https://doi.org/10.3389/fevo.2020.579473","DOI","LIT","FER-7  28821","ARDUOUS-02933","FER-7  28821","shell","animal, other","small","France",1.72123,44.64858
"106","FER-8  28759","","SRM987",0.710273,"MC-ICP-MS","bulk solid","bulk solid",3.3e-05,"organism : plant : whole plant","","","","","other","other","","field","Kate Britton","k.britton@abdn.ac.uk","0000-0002-9478-5966","south-west France","Crataegus sp.","genus","","","Britton, K., et al., 2020. Sampling plants and malacofauna in 87Sr/86Sr bioavailability studies: implications for isoscape mapping and reconstructing of past mobility patterns. Frontiers in Ecology and Evolution, 8, p.579473.",94,NA,0.70774,NA,"unknown","unknown","https://doi.org/10.3389/fevo.2020.579473","DOI","LIT","FER-8  28759","ARDUOUS-02934","FER-8  28759","whole plant","plant",NA,"France",1.79609,44.67463
"107","BG G","","SRM987",0.71018,"MC-ICP-MS","bulk water","water",3e-05,"inorganic-organic composite : water : water particulate","","","","river or stream","other","other","2011-07-08T00:00:00Z","field","David Bronnimann","david.broennimann@unibas.ch","0000-0003-3432-1753","Thalbach river - Knoeringue","","","","","Bronnimann, D., et al, 2018. The lay of land: Strontium isotope variability in the dietary catchment of the Late Iron Age proto-urban settlement of Basel-Gasfabrik, Switzerland. Journal of Archaeological Science: Reports, 17, pp.279-292.",NA,NA,0.70889,1e-05,"unknown","unknown","https://doi.org/10.1016/j.jasrep.2017.11.009","DOI","LIT","BG G","ARDUOUS-02935","BG G","water particulate","water",NA,"France",7.41177,47.55937
"108","BG 0","","SRM987",0.71018,"TIMS","bulk solid","bulk solid",3e-05,"organism : plant : plant tissue : leaf","","","","","other","other","","field","David Bronnimann","david.broennimann@unibas.ch","0000-0003-3432-1753","Rosenau","","","","","Bronnimann, D., et al, 2018. The lay of land: Strontium isotope variability in the dietary catchment of the Late Iron Age proto-urban settlement of Basel-Gasfabrik, Switzerland. Journal of Archaeological Science: Reports, 17, pp.279-292.",NA,NA,0.70859,1e-05,"unknown","unknown","https://doi.org/10.1016/j.jasrep.2017.11.009","DOI","LIT","BG 0","ARDUOUS-02936","BG 0","leaf","plant",NA,"France",7.53743,47.61417
"109","BG 1","","SRM987",0.71018,"TIMS","bulk solid","bulk solid",3e-05,"organism : plant : plant tissue : leaf","","","","","other","other","","field","David Bronnimann","david.broennimann@unibas.ch","0000-0003-3432-1753","Bartenheim","Acer","genus","","","Bronnimann, D., et al, 2018. The lay of land: Strontium isotope variability in the dietary catchment of the Late Iron Age proto-urban settlement of Basel-Gasfabrik, Switzerland. Journal of Archaeological Science: Reports, 17, pp.279-292.",NA,NA,0.7083,1e-05,"unknown","unknown","https://doi.org/10.1016/j.jasrep.2017.11.009","DOI","LIT","BG 1","ARDUOUS-02937","BG 1","leaf","plant",NA,"France",7.50362,47.6376
"110","BG 2","","SRM987",0.71018,"TIMS","bulk solid","bulk solid",3e-05,"organism : plant : plant tissue : leaf","","","","","other","other","","field","David Bronnimann","david.broennimann@unibas.ch","0000-0003-3432-1753","Habsheim","","","","","Bronnimann, D., et al, 2018. The lay of land: Strontium isotope variability in the dietary catchment of the Late Iron Age proto-urban settlement of Basel-Gasfabrik, Switzerland. Journal of Archaeological Science: Reports, 17, pp.279-292.",NA,NA,0.70967,1e-05,"unknown","unknown","https://doi.org/10.1016/j.jasrep.2017.11.009","DOI","LIT","BG 2","ARDUOUS-02938","BG 2","leaf","plant",NA,"France",7.45118,47.71325
"111","BG 3","","SRM987",0.71018,"TIMS","bulk solid","bulk solid",3e-05,"organism : plant : plant tissue : leaf","","","","","other","other","","field","David Bronnimann","david.broennimann@unibas.ch","0000-0003-3432-1753","Munchhouse","","","","","Bronnimann, D., et al, 2018. The lay of land: Strontium isotope variability in the dietary catchment of the Late Iron Age proto-urban settlement of Basel-Gasfabrik, Switzerland. Journal of Archaeological Science: Reports, 17, pp.279-292.",NA,NA,0.70962,1e-05,"unknown","unknown","https://doi.org/10.1016/j.jasrep.2017.11.009","DOI","LIT","BG 3","ARDUOUS-02939","BG 3","leaf","plant",NA,"France",7.44747,47.84613
"112","BG 20","","SRM987",0.71018,"TIMS","bulk solid","bulk solid",3e-05,"organism : plant : plant tissue : leaf","","","","","other","other","","field","David Bronnimann","david.broennimann@unibas.ch","0000-0003-3432-1753","Oltingue","","","","","Bronnimann, D., et al, 2018. The lay of land: Strontium isotope variability in the dietary catchment of the Late Iron Age proto-urban settlement of Basel-Gasfabrik, Switzerland. Journal of Archaeological Science: Reports, 17, pp.279-292.",NA,NA,0.71085,1e-05,"unknown","unknown","https://doi.org/10.1016/j.jasrep.2017.11.009","DOI","LIT","BG 20","ARDUOUS-02956","BG 20","leaf","plant",NA,"France",7.40865,47.47953
"113","BG 21","","SRM987",0.71018,"TIMS","bulk solid","bulk solid",3e-05,"organism : plant : plant tissue : leaf","","","","","other","other","","field","David Bronnimann","david.broennimann@unibas.ch","0000-0003-3432-1753","Hagenthal-le-Bas","Fraxinus","genus","","","Bronnimann, D., et al, 2018. The lay of land: Strontium isotope variability in the dietary catchment of the Late Iron Age proto-urban settlement of Basel-Gasfabrik, Switzerland. Journal of Archaeological Science: Reports, 17, pp.279-292.",NA,NA,0.70999,1e-05,"unknown","unknown","https://doi.org/10.1016/j.jasrep.2017.11.009","DOI","LIT","BG 21","ARDUOUS-02957","BG 21","leaf","plant",NA,"France",7.48993,47.51758
"114","BG 22","","SRM987",0.71018,"TIMS","bulk solid","bulk solid",3e-05,"organism : plant : plant tissue : leaf","","","","","other","other","","field","David Bronnimann","david.broennimann@unibas.ch","0000-0003-3432-1753","Schonenbuch","Impatiens parviflora","species","","","Bronnimann, D., et al, 2018. The lay of land: Strontium isotope variability in the dietary catchment of the Late Iron Age proto-urban settlement of Basel-Gasfabrik, Switzerland. Journal of Archaeological Science: Reports, 17, pp.279-292.",NA,NA,0.71041,1e-05,"unknown","unknown","https://doi.org/10.1016/j.jasrep.2017.11.009","DOI","LIT","BG 22","ARDUOUS-02958","BG 22","leaf","plant",NA,"France",7.51773,47.53445
"115","BG 23","","SRM987",0.71018,"TIMS","bulk solid","bulk solid",3e-05,"organism : plant : plant tissue : leaf","","","","","other","other","","field","David Bronnimann","david.broennimann@unibas.ch","0000-0003-3432-1753","Knoeringue","Hedera","genus","","","Bronnimann, D., et al, 2018. The lay of land: Strontium isotope variability in the dietary catchment of the Late Iron Age proto-urban settlement of Basel-Gasfabrik, Switzerland. Journal of Archaeological Science: Reports, 17, pp.279-292.",NA,NA,0.71107,1e-05,"unknown","unknown","https://doi.org/10.1016/j.jasrep.2017.11.009","DOI","LIT","BG 23","ARDUOUS-02959","BG 23","leaf","plant",NA,"France",7.42178,47.55897
"116","BG 24","","SRM987",0.71018,"TIMS","bulk solid","bulk solid",3e-05,"organism : plant : plant tissue : leaf","","","","","other","other","","field","David Bronnimann","david.broennimann@unibas.ch","0000-0003-3432-1753","Ranspach-le-Haut","","","","","Bronnimann, D., et al, 2018. The lay of land: Strontium isotope variability in the dietary catchment of the Late Iron Age proto-urban settlement of Basel-Gasfabrik, Switzerland. Journal of Archaeological Science: Reports, 17, pp.279-292.",NA,NA,0.70985,1e-05,"unknown","unknown","https://doi.org/10.1016/j.jasrep.2017.11.009","DOI","LIT","BG 24","ARDUOUS-02960","BG 24","leaf","plant",NA,"France",7.41062,47.5777
"117","BG 25","","SRM987",0.71018,"TIMS","bulk solid","bulk solid",3e-05,"organism : plant : plant tissue : leaf","","","","","other","other","","field","David Bronnimann","david.broennimann@unibas.ch","0000-0003-3432-1753","Oltingue","Hedera","genus","","","Bronnimann, D., et al, 2018. The lay of land: Strontium isotope variability in the dietary catchment of the Late Iron Age proto-urban settlement of Basel-Gasfabrik, Switzerland. Journal of Archaeological Science: Reports, 17, pp.279-292.",NA,NA,0.70903,1e-05,"unknown","unknown","https://doi.org/10.1016/j.jasrep.2017.11.009","DOI","LIT","BG 25","ARDUOUS-02961","BG 25","leaf","plant",NA,"France",7.38645,47.49332
"118","BG 26","","SRM987",0.71018,"TIMS","bulk solid","bulk solid",3e-05,"organism : plant : plant tissue : leaf","","","","","other","other","","field","David Bronnimann","david.broennimann@unibas.ch","0000-0003-3432-1753","Ferrette","Hedera","genus","","","Bronnimann, D., et al, 2018. The lay of land: Strontium isotope variability in the dietary catchment of the Late Iron Age proto-urban settlement of Basel-Gasfabrik, Switzerland. Journal of Archaeological Science: Reports, 17, pp.279-292.",NA,NA,0.70839,1e-05,"unknown","unknown","https://doi.org/10.1016/j.jasrep.2017.11.009","DOI","LIT","BG 26","ARDUOUS-02962","BG 26","leaf","plant",NA,"France",7.30448,47.49668
"119","BG 27","","SRM987",0.71018,"TIMS","bulk solid","bulk solid",3e-05,"organism : plant : plant tissue : leaf","","","","","other","other","","field","David Bronnimann","david.broennimann@unibas.ch","0000-0003-3432-1753","Hesingue","Hedera","genus","","","Bronnimann, D., et al, 2018. The lay of land: Strontium isotope variability in the dietary catchment of the Late Iron Age proto-urban settlement of Basel-Gasfabrik, Switzerland. Journal of Archaeological Science: Reports, 17, pp.279-292.",NA,NA,0.70842,1e-05,"unknown","unknown","https://doi.org/10.1016/j.jasrep.2017.11.009","DOI","LIT","BG 27","ARDUOUS-02963","BG 27","leaf","plant",NA,"France",7.47647,47.57767
"120","BG 29","","SRM987",0.71018,"TIMS","bulk solid","bulk solid",3e-05,"organism : plant : plant tissue : leaf","","","","","other","other","","field","David Bronnimann","david.broennimann@unibas.ch","0000-0003-3432-1753","Ostheim","Geum urbanum","species","","","Bronnimann, D., et al, 2018. The lay of land: Strontium isotope variability in the dietary catchment of the Late Iron Age proto-urban settlement of Basel-Gasfabrik, Switzerland. Journal of Archaeological Science: Reports, 17, pp.279-292.",NA,NA,0.713,1e-05,"unknown","unknown","https://doi.org/10.1016/j.jasrep.2017.11.009","DOI","LIT","BG 29","ARDUOUS-02965","BG 29","leaf","plant",NA,"France",7.3806,48.1602
"121","BG 30","","SRM987",0.71018,"TIMS","bulk solid","bulk solid",3e-05,"organism : plant : plant tissue : leaf","","","","","other","other","","field","David Bronnimann","david.broennimann@unibas.ch","0000-0003-3432-1753","Sierentz","","","","","Bronnimann, D., et al, 2018. The lay of land: Strontium isotope variability in the dietary catchment of the Late Iron Age proto-urban settlement of Basel-Gasfabrik, Switzerland. Journal of Archaeological Science: Reports, 17, pp.279-292.",NA,NA,0.71002,1e-05,"unknown","unknown","https://doi.org/10.1016/j.jasrep.2017.11.009","DOI","LIT","BG 30","ARDUOUS-02966","BG 30","leaf","plant",NA,"France",7.47233,47.6492
"122","BG 49","","SRM987",0.71018,"TIMS","bulk solid","bulk solid",3e-05,"organism : plant : plant tissue : leaf","","","","","other","other","","field","David Bronnimann","david.broennimann@unibas.ch","0000-0003-3432-1753","Thann","","","","","Bronnimann, D., et al, 2018. The lay of land: Strontium isotope variability in the dietary catchment of the Late Iron Age proto-urban settlement of Basel-Gasfabrik, Switzerland. Journal of Archaeological Science: Reports, 17, pp.279-292.",NA,NA,0.71146,1e-05,"unknown","unknown","https://doi.org/10.1016/j.jasrep.2017.11.009","DOI","LIT","BG 49","ARDUOUS-02985","BG 49","leaf","plant",NA,"France",7.10315,47.81447
"123","BG 0","","SRM987",0.71018,"TIMS","bulk solid","bulk solid",3e-05,"organism : plant : plant tissue : leaf","","","","","other","other","","field","David Bronnimann","david.broennimann@unibas.ch","0000-0003-3432-1753","Rosenau","Corylus","genus","","","Bronnimann, D., et al, 2018. The lay of land: Strontium isotope variability in the dietary catchment of the Late Iron Age proto-urban settlement of Basel-Gasfabrik, Switzerland. Journal of Archaeological Science: Reports, 17, pp.279-292.",NA,NA,0.70852,1e-05,"unknown","unknown","https://doi.org/10.1016/j.jasrep.2017.11.009","DOI","LIT","BG 0","ARDUOUS-02987","BG 0","leaf","plant",NA,"France",7.53743,47.61417
"124","BG 1","","SRM987",0.71018,"TIMS","bulk solid","bulk solid",3e-05,"organism : plant : plant tissue : leaf","","","","","other","other","","field","David Bronnimann","david.broennimann@unibas.ch","0000-0003-3432-1753","Bartenheim","Tilia cordata","species","","","Bronnimann, D., et al, 2018. The lay of land: Strontium isotope variability in the dietary catchment of the Late Iron Age proto-urban settlement of Basel-Gasfabrik, Switzerland. Journal of Archaeological Science: Reports, 17, pp.279-292.",NA,NA,0.70831,1e-05,"unknown","unknown","https://doi.org/10.1016/j.jasrep.2017.11.009","DOI","LIT","BG 1","ARDUOUS-02988","BG 1","leaf","plant",NA,"France",7.50362,47.6376
"125","BG 2","","SRM987",0.71018,"TIMS","bulk solid","bulk solid",3e-05,"organism : plant : plant tissue : leaf","","","","","other","other","","field","David Bronnimann","david.broennimann@unibas.ch","0000-0003-3432-1753","Habsheim","Carpinus betulus","species","","","Bronnimann, D., et al, 2018. The lay of land: Strontium isotope variability in the dietary catchment of the Late Iron Age proto-urban settlement of Basel-Gasfabrik, Switzerland. Journal of Archaeological Science: Reports, 17, pp.279-292.",NA,NA,0.70965,1e-05,"unknown","unknown","https://doi.org/10.1016/j.jasrep.2017.11.009","DOI","LIT","BG 2","ARDUOUS-02989","BG 2","leaf","plant",NA,"France",7.45118,47.71325
"126","BG 3","","SRM987",0.71018,"TIMS","bulk solid","bulk solid",3e-05,"organism : plant : plant tissue : leaf","","","","","other","other","","field","David Bronnimann","david.broennimann@unibas.ch","0000-0003-3432-1753","Munchhouse","Quercus","genus","","","Bronnimann, D., et al, 2018. The lay of land: Strontium isotope variability in the dietary catchment of the Late Iron Age proto-urban settlement of Basel-Gasfabrik, Switzerland. Journal of Archaeological Science: Reports, 17, pp.279-292.",NA,NA,0.70935,1e-05,"unknown","unknown","https://doi.org/10.1016/j.jasrep.2017.11.009","DOI","LIT","BG 3","ARDUOUS-02990","BG 3","leaf","plant",NA,"France",7.44747,47.84613
"127","BG 20","","SRM987",0.71018,"TIMS","bulk solid","bulk solid",3e-05,"organism : plant : plant tissue : leaf","","","","","other","other","","field","David Bronnimann","david.broennimann@unibas.ch","0000-0003-3432-1753","Oltingue","Fagus sylvatica","species","","","Bronnimann, D., et al, 2018. The lay of land: Strontium isotope variability in the dietary catchment of the Late Iron Age proto-urban settlement of Basel-Gasfabrik, Switzerland. Journal of Archaeological Science: Reports, 17, pp.279-292.",NA,NA,0.71091,1e-05,"unknown","unknown","https://doi.org/10.1016/j.jasrep.2017.11.009","DOI","LIT","BG 20","ARDUOUS-03006","BG 20","leaf","plant",NA,"France",7.40865,47.47953
"128","BG 21","","SRM987",0.71018,"TIMS","bulk solid","bulk solid",3e-05,"organism : plant : plant tissue : leaf","","","","","other","other","","field","David Bronnimann","david.broennimann@unibas.ch","0000-0003-3432-1753","Hagenthal-le-Bas","Fagus sylvatica","species","","","Bronnimann, D., et al, 2018. The lay of land: Strontium isotope variability in the dietary catchment of the Late Iron Age proto-urban settlement of Basel-Gasfabrik, Switzerland. Journal of Archaeological Science: Reports, 17, pp.279-292.",NA,NA,0.71035,1e-05,"unknown","unknown","https://doi.org/10.1016/j.jasrep.2017.11.009","DOI","LIT","BG 21","ARDUOUS-03007","BG 21","leaf","plant",NA,"France",7.48993,47.51758
"129","BG 22","","SRM987",0.71018,"TIMS","bulk solid","bulk solid",3e-05,"organism : plant : plant tissue : leaf","","","","","other","other","","field","David Bronnimann","david.broennimann@unibas.ch","0000-0003-3432-1753","Schonenbuch","Carpinus betulus","species","","","Bronnimann, D., et al, 2018. The lay of land: Strontium isotope variability in the dietary catchment of the Late Iron Age proto-urban settlement of Basel-Gasfabrik, Switzerland. Journal of Archaeological Science: Reports, 17, pp.279-292.",NA,NA,0.71093,1e-05,"unknown","unknown","https://doi.org/10.1016/j.jasrep.2017.11.009","DOI","LIT","BG 22","ARDUOUS-03008","BG 22","leaf","plant",NA,"France",7.51773,47.53445
"130","BG 23","","SRM987",0.71018,"TIMS","bulk solid","bulk solid",3e-05,"organism : plant : plant tissue : leaf","","","","","other","other","","field","David Bronnimann","david.broennimann@unibas.ch","0000-0003-3432-1753","Knoeringue","Carpinus betulus","species","","","Bronnimann, D., et al, 2018. The lay of land: Strontium isotope variability in the dietary catchment of the Late Iron Age proto-urban settlement of Basel-Gasfabrik, Switzerland. Journal of Archaeological Science: Reports, 17, pp.279-292.",NA,NA,0.71144,1e-05,"unknown","unknown","https://doi.org/10.1016/j.jasrep.2017.11.009","DOI","LIT","BG 23","ARDUOUS-03009","BG 23","leaf","plant",NA,"France",7.42178,47.55897
"131","BG 24","","SRM987",0.71018,"TIMS","bulk solid","bulk solid",3e-05,"organism : plant : plant tissue : leaf","","","","","other","other","","field","David Bronnimann","david.broennimann@unibas.ch","0000-0003-3432-1753","Ranspach-le-Haut","Fagus sylvatica","species","","","Bronnimann, D., et al, 2018. The lay of land: Strontium isotope variability in the dietary catchment of the Late Iron Age proto-urban settlement of Basel-Gasfabrik, Switzerland. Journal of Archaeological Science: Reports, 17, pp.279-292.",NA,NA,0.70969,1e-05,"unknown","unknown","https://doi.org/10.1016/j.jasrep.2017.11.009","DOI","LIT","BG 24","ARDUOUS-03010","BG 24","leaf","plant",NA,"France",7.41062,47.5777
"132","BG 25","","SRM987",0.71018,"TIMS","bulk solid","bulk solid",3e-05,"organism : plant : plant tissue : leaf","","","","","other","other","","field","David Bronnimann","david.broennimann@unibas.ch","0000-0003-3432-1753","Oltingue","Fagus sylvatica","species","","","Bronnimann, D., et al, 2018. The lay of land: Strontium isotope variability in the dietary catchment of the Late Iron Age proto-urban settlement of Basel-Gasfabrik, Switzerland. Journal of Archaeological Science: Reports, 17, pp.279-292.",NA,NA,0.70906,1e-05,"unknown","unknown","https://doi.org/10.1016/j.jasrep.2017.11.009","DOI","LIT","BG 25","ARDUOUS-03011","BG 25","leaf","plant",NA,"France",7.38645,47.49332
"133","BG 26","","SRM987",0.71018,"TIMS","bulk solid","bulk solid",3e-05,"organism : plant : plant tissue : leaf","","","","","other","other","","field","David Bronnimann","david.broennimann@unibas.ch","0000-0003-3432-1753","Ferrette","Fagus sylvatica","species","","","Bronnimann, D., et al, 2018. The lay of land: Strontium isotope variability in the dietary catchment of the Late Iron Age proto-urban settlement of Basel-Gasfabrik, Switzerland. Journal of Archaeological Science: Reports, 17, pp.279-292.",NA,NA,0.70878,1e-05,"unknown","unknown","https://doi.org/10.1016/j.jasrep.2017.11.009","DOI","LIT","BG 26","ARDUOUS-03012","BG 26","leaf","plant",NA,"France",7.30448,47.49668
"134","BG 27","","SRM987",0.71018,"TIMS","bulk solid","bulk solid",3e-05,"organism : plant : plant tissue : leaf","","","","","other","other","","field","David Bronnimann","david.broennimann@unibas.ch","0000-0003-3432-1753","Hesingue","Fagus sylvatica","species","","","Bronnimann, D., et al, 2018. The lay of land: Strontium isotope variability in the dietary catchment of the Late Iron Age proto-urban settlement of Basel-Gasfabrik, Switzerland. Journal of Archaeological Science: Reports, 17, pp.279-292.",NA,NA,0.70892,1e-05,"unknown","unknown","https://doi.org/10.1016/j.jasrep.2017.11.009","DOI","LIT","BG 27","ARDUOUS-03013","BG 27","leaf","plant",NA,"France",7.47647,47.57767
"135","BG 29","","SRM987",0.71018,"TIMS","bulk solid","bulk solid",3e-05,"organism : plant : plant tissue : leaf","","","","","other","other","","field","David Bronnimann","david.broennimann@unibas.ch","0000-0003-3432-1753","Ostheim","Carpinus betulus","species","","","Bronnimann, D., et al, 2018. The lay of land: Strontium isotope variability in the dietary catchment of the Late Iron Age proto-urban settlement of Basel-Gasfabrik, Switzerland. Journal of Archaeological Science: Reports, 17, pp.279-292.",NA,NA,0.71423,1e-05,"unknown","unknown","https://doi.org/10.1016/j.jasrep.2017.11.009","DOI","LIT","BG 29","ARDUOUS-03015","BG 29","leaf","plant",NA,"France",7.3806,48.1602
"136","BG 30","","SRM987",0.71018,"TIMS","bulk solid","bulk solid",3e-05,"organism : plant : plant tissue : leaf","","","","","other","other","","field","David Bronnimann","david.broennimann@unibas.ch","0000-0003-3432-1753","Sierentz","Acer","genus","","","Bronnimann, D., et al, 2018. The lay of land: Strontium isotope variability in the dietary catchment of the Late Iron Age proto-urban settlement of Basel-Gasfabrik, Switzerland. Journal of Archaeological Science: Reports, 17, pp.279-292.",NA,NA,0.70997,1e-05,"unknown","unknown","https://doi.org/10.1016/j.jasrep.2017.11.009","DOI","LIT","BG 30","ARDUOUS-03016","BG 30","leaf","plant",NA,"France",7.47233,47.6492
"137","BG 49","","SRM987",0.71018,"TIMS","bulk solid","bulk solid",3e-05,"organism : plant : plant tissue : leaf","","","","","other","other","","field","David Bronnimann","david.broennimann@unibas.ch","0000-0003-3432-1753","Thann","Fraxinus excelsior","species","","","Bronnimann, D., et al, 2018. The lay of land: Strontium isotope variability in the dietary catchment of the Late Iron Age proto-urban settlement of Basel-Gasfabrik, Switzerland. Journal of Archaeological Science: Reports, 17, pp.279-292.",NA,NA,0.7121,1e-05,"unknown","unknown","https://doi.org/10.1016/j.jasrep.2017.11.009","DOI","LIT","BG 49","ARDUOUS-03033","BG 49","leaf","plant",NA,"France",7.10315,47.81447
"138","BG H","","SRM987",0.71018,"MC-ICP-MS","bulk water","water",3e-05,"inorganic-organic composite : water : water particulate","","","","river or stream","other","other","2011-07-03T00:00:00Z","field","David Bronnimann","david.broennimann@unibas.ch","0000-0003-3432-1753","Thur river - Thann","","","","","Bronnimann, D., et al, 2018. The lay of land: Strontium isotope variability in the dietary catchment of the Late Iron Age proto-urban settlement of Basel-Gasfabrik, Switzerland. Journal of Archaeological Science: Reports, 17, pp.279-292.",NA,NA,0.71025,2e-05,"unknown","unknown","https://doi.org/10.1016/j.jasrep.2017.11.009","DOI","LIT","BG H","ARDUOUS-03037","BG H","water particulate","water",NA,"France",7.10342,47.8121
"139","L11","","SRM987",0.710227,"TIMS","bulk water","water",1.7e-05,"inorganic-organic composite : water : water solute","","","","river or stream","other","acidified","1995-10-03T00:00:00Z","field","P. Negrel","p.negrel@brgm.fr","","Beaugency station","","","","","Grosbois, C., Negrel, P., Fouillac, C. and Grimaud, D., 2000. Dissolved load of the Loire River: chemical and isotopic characterization. Chemical Geology, 170(1-4), pp.179-201.",0.1042678,NA,0.711329,8.5e-07,"unknown","unknown","https://doi.org/10.1016/S0009-2541(99)00247-8","DOI","LIT","L11","ARDUOUS-08963","L11","water solute","water",NA,"France",1.63,47.77
"140","jlo09","","SRM987",0.710227,"TIMS","bulk water","water",1.7e-05,"inorganic-organic composite : water : water solute","","","","river or stream","other","acidified","1995-05-24T00:00:00Z","field","P. Negrel","p.negrel@brgm.fr","","Orleans station","","","","","Grosbois, C., Negrel, P., Fouillac, C. and Grimaud, D., 2000. Dissolved load of the Loire River: chemical and isotopic characterization. Chemical Geology, 170(1-4), pp.179-201.",0.105144,NA,0.711336,8.5e-07,"unknown","unknown","https://doi.org/10.1016/S0009-2541(99)00247-8","DOI","LIT","jlo09","ARDUOUS-08964","jlo09","water solute","water",NA,"France",1.9,47.9
"141","jlo38","","SRM987",0.710227,"TIMS","bulk water","water",1.7e-05,"inorganic-organic composite : water : water solute","","","","river or stream","other","acidified","1995-09-25T00:00:00Z","field","P. Negrel","p.negrel@brgm.fr","","Orleans station","","","","","Grosbois, C., Negrel, P., Fouillac, C. and Grimaud, D., 2000. Dissolved load of the Loire River: chemical and isotopic characterization. Chemical Geology, 170(1-4), pp.179-201.",0.105144,NA,0.711786,8.5e-07,"unknown","unknown","https://doi.org/10.1016/S0009-2541(99)00247-8","DOI","LIT","jlo38","ARDUOUS-08965","jlo38","water solute","water",NA,"France",1.9,47.9
"142","jlo46","","SRM987",0.710227,"TIMS","bulk water","water",1.7e-05,"inorganic-organic composite : water : water solute","","","","river or stream","other","acidified","1995-12-12T00:00:00Z","field","P. Negrel","p.negrel@brgm.fr","","Orleans station","","","","","Grosbois, C., Negrel, P., Fouillac, C. and Grimaud, D., 2000. Dissolved load of the Loire River: chemical and isotopic characterization. Chemical Geology, 170(1-4), pp.179-201.",0.1060202,NA,0.711455,8.5e-07,"unknown","unknown","https://doi.org/10.1016/S0009-2541(99)00247-8","DOI","LIT","jlo46","ARDUOUS-08966","jlo46","water solute","water",NA,"France",1.9,47.9
"143","jlo31","","SRM987",0.710227,"TIMS","bulk water","water",1.7e-05,"inorganic-organic composite : water : water solute","","","","river or stream","other","acidified","1995-08-18T00:00:00Z","field","P. Negrel","p.negrel@brgm.fr","","Orleans station","","","","","Grosbois, C., Negrel, P., Fouillac, C. and Grimaud, D., 2000. Dissolved load of the Loire River: chemical and isotopic characterization. Chemical Geology, 170(1-4), pp.179-201.",0.1068964,NA,0.711271,8.5e-07,"unknown","unknown","https://doi.org/10.1016/S0009-2541(99)00247-8","DOI","LIT","jlo31","ARDUOUS-08967","jlo31","water solute","water",NA,"France",1.9,47.9
"144","jlo50","","SRM987",0.710227,"TIMS","bulk water","water",1.7e-05,"inorganic-organic composite : water : water solute","","","","river or stream","other","acidified","1996-07-01T00:00:00Z","field","P. Negrel","p.negrel@brgm.fr","","Orleans station","","","","","Grosbois, C., Negrel, P., Fouillac, C. and Grimaud, D., 2000. Dissolved load of the Loire River: chemical and isotopic characterization. Chemical Geology, 170(1-4), pp.179-201.",0.1077726,NA,0.71168,8.5e-07,"unknown","unknown","https://doi.org/10.1016/S0009-2541(99)00247-8","DOI","LIT","jlo50","ARDUOUS-08968","jlo50","water solute","water",NA,"France",1.9,47.9
"145","L1","","SRM987",0.710227,"TIMS","bulk water","water",1.7e-05,"inorganic-organic composite : water : water solute","","","","river or stream","other","acidified","1994-05-05T00:00:00Z","field","P. Negrel","p.negrel@brgm.fr","","Beaugency station","","","","","Grosbois, C., Negrel, P., Fouillac, C. and Grimaud, D., 2000. Dissolved load of the Loire River: chemical and isotopic characterization. Chemical Geology, 170(1-4), pp.179-201.",0.1104012,NA,0.71134,8.5e-07,"unknown","unknown","https://doi.org/10.1016/S0009-2541(99)00247-8","DOI","LIT","L1","ARDUOUS-08969","L1","water solute","water",NA,"France",1.63,47.77
"146","jlo41","","SRM987",0.710227,"TIMS","bulk water","water",1.7e-05,"inorganic-organic composite : water : water solute","","","","river or stream","other","acidified","1995-10-16T00:00:00Z","field","P. Negrel","p.negrel@brgm.fr","","Orleans station","","","","","Grosbois, C., Negrel, P., Fouillac, C. and Grimaud, D., 2000. Dissolved load of the Loire River: chemical and isotopic characterization. Chemical Geology, 170(1-4), pp.179-201.",0.1121536,NA,0.711591,8.5e-07,"unknown","unknown","https://doi.org/10.1016/S0009-2541(99)00247-8","DOI","LIT","jlo41","ARDUOUS-08970","jlo41","water solute","water",NA,"France",1.9,47.9
"147","jlo44","","SRM987",0.710227,"TIMS","bulk water","water",1.7e-05,"inorganic-organic composite : water : water solute","","","","river or stream","other","acidified","1995-11-27T00:00:00Z","field","P. Negrel","p.negrel@brgm.fr","","Orleans station","","","","","Grosbois, C., Negrel, P., Fouillac, C. and Grimaud, D., 2000. Dissolved load of the Loire River: chemical and isotopic characterization. Chemical Geology, 170(1-4), pp.179-201.",0.113906,NA,0.711402,8.5e-07,"unknown","unknown","https://doi.org/10.1016/S0009-2541(99)00247-8","DOI","LIT","jlo44","ARDUOUS-08971","jlo44","water solute","water",NA,"France",1.9,47.9
"148","jlo68","","SRM987",0.710227,"TIMS","bulk water","water",1.7e-05,"inorganic-organic composite : water : water solute","","","","river or stream","other","acidified","1996-03-18T00:00:00Z","field","P. Negrel","p.negrel@brgm.fr","","Orleans station","","","","","Grosbois, C., Negrel, P., Fouillac, C. and Grimaud, D., 2000. Dissolved load of the Loire River: chemical and isotopic characterization. Chemical Geology, 170(1-4), pp.179-201.",0.113906,NA,0.711652,8.5e-07,"unknown","unknown","https://doi.org/10.1016/S0009-2541(99)00247-8","DOI","LIT","jlo68","ARDUOUS-08972","jlo68","water solute","water",NA,"France",1.9,47.9
"149","jlo28","","SRM987",0.710227,"TIMS","bulk water","water",1.7e-05,"inorganic-organic composite : water : water solute","","","","river or stream","other","acidified","1995-03-08T00:00:00Z","field","P. Negrel","p.negrel@brgm.fr","","Orleans station","","","","","Grosbois, C., Negrel, P., Fouillac, C. and Grimaud, D., 2000. Dissolved load of the Loire River: chemical and isotopic characterization. Chemical Geology, 170(1-4), pp.179-201.",0.1147822,NA,0.711246,8.5e-07,"unknown","unknown","https://doi.org/10.1016/S0009-2541(99)00247-8","DOI","LIT","jlo28","ARDUOUS-08973","jlo28","water solute","water",NA,"France",1.9,47.9
"150","jlo37","","SRM987",0.710227,"TIMS","bulk water","water",1.7e-05,"inorganic-organic composite : water : water solute","","","","river or stream","other","acidified","1995-09-19T00:00:00Z","field","P. Negrel","p.negrel@brgm.fr","","Orleans station","","","","","Grosbois, C., Negrel, P., Fouillac, C. and Grimaud, D., 2000. Dissolved load of the Loire River: chemical and isotopic characterization. Chemical Geology, 170(1-4), pp.179-201.",0.1147822,NA,0.711724,8.5e-07,"unknown","unknown","https://doi.org/10.1016/S0009-2541(99)00247-8","DOI","LIT","jlo37","ARDUOUS-08974","jlo37","water solute","water",NA,"France",1.9,47.9
"151","jlo42","","SRM987",0.710227,"TIMS","bulk water","water",1.7e-05,"inorganic-organic composite : water : water solute","","","","river or stream","other","acidified","1995-10-23T00:00:00Z","field","P. Negrel","p.negrel@brgm.fr","","Orleans station","","","","","Grosbois, C., Negrel, P., Fouillac, C. and Grimaud, D., 2000. Dissolved load of the Loire River: chemical and isotopic characterization. Chemical Geology, 170(1-4), pp.179-201.",0.1156584,NA,0.711594,8.5e-07,"unknown","unknown","https://doi.org/10.1016/S0009-2541(99)00247-8","DOI","LIT","jlo42","ARDUOUS-08975","jlo42","water solute","water",NA,"France",1.9,47.9
"152","jlo20","","SRM987",0.710227,"TIMS","bulk water","water",1.7e-05,"inorganic-organic composite : water : water solute","","","","river or stream","other","acidified","1995-06-29T00:00:00Z","field","P. Negrel","p.negrel@brgm.fr","","Orleans station","","","","","Grosbois, C., Negrel, P., Fouillac, C. and Grimaud, D., 2000. Dissolved load of the Loire River: chemical and isotopic characterization. Chemical Geology, 170(1-4), pp.179-201.",0.118287,NA,0.711379,8.5e-07,"unknown","unknown","https://doi.org/10.1016/S0009-2541(99)00247-8","DOI","LIT","jlo20","ARDUOUS-08976","jlo20","water solute","water",NA,"France",1.9,47.9
"153","jlo26","","SRM987",0.710227,"TIMS","bulk water","water",1.7e-05,"inorganic-organic composite : water : water solute","","","","river or stream","other","acidified","1995-07-25T00:00:00Z","field","P. Negrel","p.negrel@brgm.fr","","Orleans station","","","","","Grosbois, C., Negrel, P., Fouillac, C. and Grimaud, D., 2000. Dissolved load of the Loire River: chemical and isotopic characterization. Chemical Geology, 170(1-4), pp.179-201.",0.118287,NA,0.711338,8.5e-07,"unknown","unknown","https://doi.org/10.1016/S0009-2541(99)00247-8","DOI","LIT","jlo26","ARDUOUS-08977","jlo26","water solute","water",NA,"France",1.9,47.9
"154","jlo40","","SRM987",0.710227,"TIMS","bulk water","water",1.7e-05,"inorganic-organic composite : water : water solute","","","","river or stream","other","acidified","1995-09-10T00:00:00Z","field","P. Negrel","p.negrel@brgm.fr","","Orleans station","","","","","Grosbois, C., Negrel, P., Fouillac, C. and Grimaud, D., 2000. Dissolved load of the Loire River: chemical and isotopic characterization. Chemical Geology, 170(1-4), pp.179-201.",11.8287,NA,0.711504,8.5e-07,"unknown","unknown","https://doi.org/10.1016/S0009-2541(99)00247-8","DOI","LIT","jlo40","ARDUOUS-08978","jlo40","water solute","water",NA,"France",1.9,47.9
"155","jlo12","","SRM987",0.710227,"TIMS","bulk water","water",1.7e-05,"inorganic-organic composite : water : water solute","","","","river or stream","other","acidified","1995-05-28T00:00:00Z","field","P. Negrel","p.negrel@brgm.fr","","Orleans station","","","","","Grosbois, C., Negrel, P., Fouillac, C. and Grimaud, D., 2000. Dissolved load of the Loire River: chemical and isotopic characterization. Chemical Geology, 170(1-4), pp.179-201.",0.1191632,NA,0.711262,8.5e-07,"unknown","unknown","https://doi.org/10.1016/S0009-2541(99)00247-8","DOI","LIT","jlo12","ARDUOUS-08979","jlo12","water solute","water",NA,"France",1.9,47.9
"156","jlo25","","SRM987",0.710227,"TIMS","bulk water","water",1.7e-05,"inorganic-organic composite : water : water solute","","","","river or stream","other","acidified","1995-07-20T00:00:00Z","field","P. Negrel","p.negrel@brgm.fr","","Orleans station","","","","","Grosbois, C., Negrel, P., Fouillac, C. and Grimaud, D., 2000. Dissolved load of the Loire River: chemical and isotopic characterization. Chemical Geology, 170(1-4), pp.179-201.",0.1217918,NA,0.711322,8.5e-07,"unknown","unknown","https://doi.org/10.1016/S0009-2541(99)00247-8","DOI","LIT","jlo25","ARDUOUS-08980","jlo25","water solute","water",NA,"France",1.9,47.9
"157","jlo16","","SRM987",0.710227,"TIMS","bulk water","water",1.7e-05,"inorganic-organic composite : water : water solute","","","","river or stream","other","acidified","1995-12-05T00:00:00Z","field","P. Negrel","p.negrel@brgm.fr","","Orleans station","","","","","Grosbois, C., Negrel, P., Fouillac, C. and Grimaud, D., 2000. Dissolved load of the Loire River: chemical and isotopic characterization. Chemical Geology, 170(1-4), pp.179-201.",0.122668,NA,0.711372,8.5e-07,"unknown","unknown","https://doi.org/10.1016/S0009-2541(99)00247-8","DOI","LIT","jlo16","ARDUOUS-08981","jlo16","water solute","water",NA,"France",1.9,47.9
"158","L12","","SRM987",0.710227,"TIMS","bulk water","water",1.7e-05,"inorganic-organic composite : water : water solute","","","","river or stream","other","acidified","1995-05-04T00:00:00Z","field","P. Negrel","p.negrel@brgm.fr","","Beaugency station","","","","","Grosbois, C., Negrel, P., Fouillac, C. and Grimaud, D., 2000. Dissolved load of the Loire River: chemical and isotopic characterization. Chemical Geology, 170(1-4), pp.179-201.",0.1244204,NA,0.71108,8.5e-07,"unknown","unknown","https://doi.org/10.1016/S0009-2541(99)00247-8","DOI","LIT","L12","ARDUOUS-08982","L12","water solute","water",NA,"France",1.63,47.77
"159","L13","","SRM987",0.710227,"TIMS","bulk water","water",1.7e-05,"inorganic-organic composite : water : water solute","","","","river or stream","other","acidified","1995-05-05T00:00:00Z","field","P. Negrel","p.negrel@brgm.fr","","Beaugency station","","","","","Grosbois, C., Negrel, P., Fouillac, C. and Grimaud, D., 2000. Dissolved load of the Loire River: chemical and isotopic characterization. Chemical Geology, 170(1-4), pp.179-201.",0.1244204,NA,0.711234,8.5e-07,"unknown","unknown","https://doi.org/10.1016/S0009-2541(99)00247-8","DOI","LIT","L13","ARDUOUS-08983","L13","water solute","water",NA,"France",1.63,47.77
"160","L10","","SRM987",0.710227,"TIMS","bulk water","water",1.7e-05,"inorganic-organic composite : water : water solute","","","","river or stream","other","acidified","1995-01-30T00:00:00Z","field","P. Negrel","p.negrel@brgm.fr","","Beaugency station","","","","","Grosbois, C., Negrel, P., Fouillac, C. and Grimaud, D., 2000. Dissolved load of the Loire River: chemical and isotopic characterization. Chemical Geology, 170(1-4), pp.179-201.",0.1261728,NA,0.711552,8.5e-07,"unknown","unknown","https://doi.org/10.1016/S0009-2541(99)00247-8","DOI","LIT","L10","ARDUOUS-08984","L10","water solute","water",NA,"France",1.63,47.77
"161","jlo05","","SRM987",0.710227,"TIMS","bulk water","water",1.7e-05,"inorganic-organic composite : water : water solute","","","","river or stream","other","acidified","1995-05-20T00:00:00Z","field","P. Negrel","p.negrel@brgm.fr","","Orleans station","","","","","Grosbois, C., Negrel, P., Fouillac, C. and Grimaud, D., 2000. Dissolved load of the Loire River: chemical and isotopic characterization. Chemical Geology, 170(1-4), pp.179-201.",0.1261728,NA,0.711253,8.5e-07,"unknown","unknown","https://doi.org/10.1016/S0009-2541(99)00247-8","DOI","LIT","jlo05","ARDUOUS-08985","jlo05","water solute","water",NA,"France",1.9,47.9
"162","jlo29","","SRM987",0.710227,"TIMS","bulk water","water",1.7e-05,"inorganic-organic composite : water : water solute","","","","river or stream","other","acidified","1995-11-08T00:00:00Z","field","P. Negrel","p.negrel@brgm.fr","","Orleans station","","","","","Grosbois, C., Negrel, P., Fouillac, C. and Grimaud, D., 2000. Dissolved load of the Loire River: chemical and isotopic characterization. Chemical Geology, 170(1-4), pp.179-201.",0.1261728,NA,0.711241,8.5e-07,"unknown","unknown","https://doi.org/10.1016/S0009-2541(99)00247-8","DOI","LIT","jlo29","ARDUOUS-08986","jlo29","water solute","water",NA,"France",1.9,47.9
"163","jlo36","","SRM987",0.710227,"TIMS","bulk water","water",1.7e-05,"inorganic-organic composite : water : water solute","","","","river or stream","other","acidified","1995-09-14T00:00:00Z","field","P. Negrel","p.negrel@brgm.fr","","Orleans station","","","","","Grosbois, C., Negrel, P., Fouillac, C. and Grimaud, D., 2000. Dissolved load of the Loire River: chemical and isotopic characterization. Chemical Geology, 170(1-4), pp.179-201.",0.1279252,NA,0.711393,8.5e-07,"unknown","unknown","https://doi.org/10.1016/S0009-2541(99)00247-8","DOI","LIT","jlo36","ARDUOUS-08987","jlo36","water solute","water",NA,"France",1.9,47.9
"164","L15","","SRM987",0.710227,"TIMS","bulk water","water",1.7e-05,"inorganic-organic composite : water : water solute","","","","river or stream","other","acidified","1995-10-07T00:00:00Z","field","P. Negrel","p.negrel@brgm.fr","","Beaugency station","","","","","Grosbois, C., Negrel, P., Fouillac, C. and Grimaud, D., 2000. Dissolved load of the Loire River: chemical and isotopic characterization. Chemical Geology, 170(1-4), pp.179-201.",0.1296776,NA,0.710968,8.5e-07,"unknown","unknown","https://doi.org/10.1016/S0009-2541(99)00247-8","DOI","LIT","L15","ARDUOUS-08988","L15","water solute","water",NA,"France",1.63,47.77
"165","jlo35","","SRM987",0.710227,"TIMS","bulk water","water",1.7e-05,"inorganic-organic composite : water : water solute","","","","river or stream","other","acidified","1995-05-09T00:00:00Z","field","P. Negrel","p.negrel@brgm.fr","","Orleans station","","","","","Grosbois, C., Negrel, P., Fouillac, C. and Grimaud, D., 2000. Dissolved load of the Loire River: chemical and isotopic characterization. Chemical Geology, 170(1-4), pp.179-201.",0.13143,NA,0.711465,8.5e-07,"unknown","unknown","https://doi.org/10.1016/S0009-2541(99)00247-8","DOI","LIT","jlo35","ARDUOUS-08989","jlo35","water solute","water",NA,"France",1.9,47.9
"166","L14","","SRM987",0.710227,"TIMS","bulk water","water",1.7e-05,"inorganic-organic composite : water : water solute","","","","river or stream","other","acidified","1995-09-06T00:00:00Z","field","P. Negrel","p.negrel@brgm.fr","","Beaugency station","","","","","Grosbois, C., Negrel, P., Fouillac, C. and Grimaud, D., 2000. Dissolved load of the Loire River: chemical and isotopic characterization. Chemical Geology, 170(1-4), pp.179-201.",0.13143,NA,0.711075,8.5e-07,"unknown","unknown","https://doi.org/10.1016/S0009-2541(99)00247-8","DOI","LIT","L14","ARDUOUS-08990","L14","water solute","water",NA,"France",1.63,47.77
"167","jlo43","","SRM987",0.710227,"TIMS","bulk water","water",1.7e-05,"inorganic-organic composite : water : water solute","","","","river or stream","other","acidified","1995-11-15T00:00:00Z","field","P. Negrel","p.negrel@brgm.fr","","Orleans station","","","","","Grosbois, C., Negrel, P., Fouillac, C. and Grimaud, D., 2000. Dissolved load of the Loire River: chemical and isotopic characterization. Chemical Geology, 170(1-4), pp.179-201.",0.13143,NA,0.711377,8.5e-07,"unknown","unknown","https://doi.org/10.1016/S0009-2541(99)00247-8","DOI","LIT","jlo43","ARDUOUS-08991","jlo43","water solute","water",NA,"France",1.9,47.9
"168","L19","","SRM987",0.710227,"TIMS","bulk water","water",1.7e-05,"inorganic-organic composite : water : water solute","","","","river or stream","other","acidified","1995-12-12T00:00:00Z","field","P. Negrel","p.negrel@brgm.fr","","Beaugency station","","","","","Grosbois, C., Negrel, P., Fouillac, C. and Grimaud, D., 2000. Dissolved load of the Loire River: chemical and isotopic characterization. Chemical Geology, 170(1-4), pp.179-201.",0.13143,NA,0.711416,8.5e-07,"unknown","unknown","https://doi.org/10.1016/S0009-2541(99)00247-8","DOI","LIT","L19","ARDUOUS-08992","L19","water solute","water",NA,"France",1.63,47.77
"169","L21","","SRM987",0.710227,"TIMS","bulk water","water",1.7e-05,"inorganic-organic composite : water : water solute","","","","river or stream","other","acidified","1996-02-15T00:00:00Z","field","P. Negrel","p.negrel@brgm.fr","","Beaugency station","","","","","Grosbois, C., Negrel, P., Fouillac, C. and Grimaud, D., 2000. Dissolved load of the Loire River: chemical and isotopic characterization. Chemical Geology, 170(1-4), pp.179-201.",0.13143,NA,0.711334,8.5e-07,"unknown","unknown","https://doi.org/10.1016/S0009-2541(99)00247-8","DOI","LIT","L21","ARDUOUS-08993","L21","water solute","water",NA,"France",1.63,47.77
"170","jlo52","","SRM987",0.710227,"TIMS","bulk water","water",1.7e-05,"inorganic-organic composite : water : water solute","","","","river or stream","other","acidified","1996-11-01T00:00:00Z","field","P. Negrel","p.negrel@brgm.fr","","Orleans station","","","","","Grosbois, C., Negrel, P., Fouillac, C. and Grimaud, D., 2000. Dissolved load of the Loire River: chemical and isotopic characterization. Chemical Geology, 170(1-4), pp.179-201.",0.1349348,NA,0.711556,8.5e-07,"unknown","unknown","https://doi.org/10.1016/S0009-2541(99)00247-8","DOI","LIT","jlo52","ARDUOUS-08994","jlo52","water solute","water",NA,"France",1.9,47.9
"171","jlo55","","SRM987",0.710227,"TIMS","bulk water","water",1.7e-05,"inorganic-organic composite : water : water solute","","","","river or stream","other","acidified","1996-01-18T00:00:00Z","field","P. Negrel","p.negrel@brgm.fr","","Orleans station","","","","","Grosbois, C., Negrel, P., Fouillac, C. and Grimaud, D., 2000. Dissolved load of the Loire River: chemical and isotopic characterization. Chemical Geology, 170(1-4), pp.179-201.",0.1375634,NA,0.711778,8.5e-07,"unknown","unknown","https://doi.org/10.1016/S0009-2541(99)00247-8","DOI","LIT","jlo55","ARDUOUS-08995","jlo55","water solute","water",NA,"France",1.9,47.9
"172","L3","","SRM987",0.710227,"TIMS","bulk water","water",1.7e-05,"inorganic-organic composite : water : water solute","","","","river or stream","other","acidified","1994-04-07T00:00:00Z","field","P. Negrel","p.negrel@brgm.fr","","Beaugency station","","","","","Grosbois, C., Negrel, P., Fouillac, C. and Grimaud, D., 2000. Dissolved load of the Loire River: chemical and isotopic characterization. Chemical Geology, 170(1-4), pp.179-201.",0.144573,NA,0.711127,8.5e-07,"unknown","unknown","https://doi.org/10.1016/S0009-2541(99)00247-8","DOI","LIT","L3","ARDUOUS-08996","L3","water solute","water",NA,"France",1.63,47.77
"173","L6","","SRM987",0.710227,"TIMS","bulk water","water",1.7e-05,"inorganic-organic composite : water : water solute","","","","river or stream","other","acidified","1994-03-10T00:00:00Z","field","P. Negrel","p.negrel@brgm.fr","","Beaugency station","","","","","Grosbois, C., Negrel, P., Fouillac, C. and Grimaud, D., 2000. Dissolved load of the Loire River: chemical and isotopic characterization. Chemical Geology, 170(1-4), pp.179-201.",0.1463254,NA,0.711478,8.5e-07,"unknown","unknown","https://doi.org/10.1016/S0009-2541(99)00247-8","DOI","LIT","L6","ARDUOUS-08997","L6","water solute","water",NA,"France",1.63,47.77
"174","L18","","SRM987",0.710227,"TIMS","bulk water","water",1.7e-05,"inorganic-organic composite : water : water solute","","","","river or stream","other","acidified","1995-11-14T00:00:00Z","field","P. Negrel","p.negrel@brgm.fr","","Beaugency station","","","","","Grosbois, C., Negrel, P., Fouillac, C. and Grimaud, D., 2000. Dissolved load of the Loire River: chemical and isotopic characterization. Chemical Geology, 170(1-4), pp.179-201.",0.1472016,NA,0.710831,8.5e-07,"unknown","unknown","https://doi.org/10.1016/S0009-2541(99)00247-8","DOI","LIT","L18","ARDUOUS-08998","L18","water solute","water",NA,"France",1.63,47.77
"175","L7","","SRM987",0.710227,"TIMS","bulk water","water",1.7e-05,"inorganic-organic composite : water : water solute","","","","river or stream","other","acidified","1994-07-11T00:00:00Z","field","P. Negrel","p.negrel@brgm.fr","","Beaugency station","","","","","Grosbois, C., Negrel, P., Fouillac, C. and Grimaud, D., 2000. Dissolved load of the Loire River: chemical and isotopic characterization. Chemical Geology, 170(1-4), pp.179-201.",0.153335,NA,0.711446,8.5e-07,"unknown","unknown","https://doi.org/10.1016/S0009-2541(99)00247-8","DOI","LIT","L7","ARDUOUS-08999","L7","water solute","water",NA,"France",1.63,47.77
"176","L2","","SRM987",0.710227,"TIMS","bulk water","water",1.7e-05,"inorganic-organic composite : water : water solute","","","","river or stream","other","acidified","1994-07-06T00:00:00Z","field","P. Negrel","p.negrel@brgm.fr","","Beaugency station","","","","","Grosbois, C., Negrel, P., Fouillac, C. and Grimaud, D., 2000. Dissolved load of the Loire River: chemical and isotopic characterization. Chemical Geology, 170(1-4), pp.179-201.",0.1542112,NA,0.711166,8.5e-07,"unknown","unknown","https://doi.org/10.1016/S0009-2541(99)00247-8","DOI","LIT","L2","ARDUOUS-09000","L2","water solute","water",NA,"France",1.63,47.77
"177","L9","","SRM987",0.710227,"TIMS","bulk water","water",1.7e-05,"inorganic-organic composite : water : water solute","","","","river or stream","other","acidified","1995-05-01T00:00:00Z","field","P. Negrel","p.negrel@brgm.fr","","Beaugency station","","","","","Grosbois, C., Negrel, P., Fouillac, C. and Grimaud, D., 2000. Dissolved load of the Loire River: chemical and isotopic characterization. Chemical Geology, 170(1-4), pp.179-201.",0.1638494,NA,0.711355,8.5e-07,"unknown","unknown","https://doi.org/10.1016/S0009-2541(99)00247-8","DOI","LIT","L9","ARDUOUS-09001","L9","water solute","water",NA,"France",1.63,47.77
"178","L17","","SRM987",0.710227,"TIMS","bulk water","water",1.7e-05,"inorganic-organic composite : water : water solute","","","","river or stream","other","acidified","1995-12-09T00:00:00Z","field","P. Negrel","p.negrel@brgm.fr","","Beaugency station","","","","","Grosbois, C., Negrel, P., Fouillac, C. and Grimaud, D., 2000. Dissolved load of the Loire River: chemical and isotopic characterization. Chemical Geology, 170(1-4), pp.179-201.",0.1647256,NA,0.710969,8.5e-07,"unknown","unknown","https://doi.org/10.1016/S0009-2541(99)00247-8","DOI","LIT","L17","ARDUOUS-09002","L17","water solute","water",NA,"France",1.63,47.77
"179","L5","","SRM987",0.710227,"TIMS","bulk water","water",1.7e-05,"inorganic-organic composite : water : water solute","","","","river or stream","other","acidified","1994-09-09T00:00:00Z","field","P. Negrel","p.negrel@brgm.fr","","Beaugency station","","","","","Grosbois, C., Negrel, P., Fouillac, C. and Grimaud, D., 2000. Dissolved load of the Loire River: chemical and isotopic characterization. Chemical Geology, 170(1-4), pp.179-201.",0.170859,NA,0.710995,8.5e-07,"unknown","unknown","https://doi.org/10.1016/S0009-2541(99)00247-8","DOI","LIT","L5","ARDUOUS-09003","L5","water solute","water",NA,"France",1.63,47.77
"180","L16","","SRM987",0.710227,"TIMS","bulk water","water",1.7e-05,"inorganic-organic composite : water : water solute","","","","river or stream","other","acidified","1995-09-08T00:00:00Z","field","P. Negrel","p.negrel@brgm.fr","","Beaugency station","","","","","Grosbois, C., Negrel, P., Fouillac, C. and Grimaud, D., 2000. Dissolved load of the Loire River: chemical and isotopic characterization. Chemical Geology, 170(1-4), pp.179-201.",0.170859,NA,0.71072,8.5e-07,"unknown","unknown","https://doi.org/10.1016/S0009-2541(99)00247-8","DOI","LIT","L16","ARDUOUS-09004","L16","water solute","water",NA,"France",1.63,47.77
"181","L4","","SRM987",0.710227,"TIMS","bulk water","water",1.7e-05,"inorganic-organic composite : water : water solute","","","","river or stream","other","acidified","1994-09-08T00:00:00Z","field","P. Negrel","p.negrel@brgm.fr","","Beaugency station","","","","","Grosbois, C., Negrel, P., Fouillac, C. and Grimaud, D., 2000. Dissolved load of the Loire River: chemical and isotopic characterization. Chemical Geology, 170(1-4), pp.179-201.",0.1857544,NA,0.710959,8.5e-07,"unknown","unknown","https://doi.org/10.1016/S0009-2541(99)00247-8","DOI","LIT","L4","ARDUOUS-09005","L4","water solute","water",NA,"France",1.63,47.77
"182","jlo39","","SRM987",0.710227,"TIMS","bulk water","water",1.7e-05,"inorganic-organic composite : water : water solute","","","","river or stream","other","acidified","1995-02-01T00:00:00Z","field","P. Negrel","p.negrel@brgm.fr","","Orleans station","","","","","Grosbois, C., Negrel, P., Fouillac, C. and Grimaud, D., 2000. Dissolved load of the Loire River: chemical and isotopic characterization. Chemical Geology, 170(1-4), pp.179-201.",0.1875068,NA,0.711653,8.5e-07,"unknown","unknown","https://doi.org/10.1016/S0009-2541(99)00247-8","DOI","LIT","jlo39","ARDUOUS-09006","jlo39","water solute","water",NA,"France",1.9,47.9
"183","jlo22","","SRM987",0.710227,"TIMS","bulk water","water",1.7e-05,"inorganic-organic composite : water : water solute","","","","river or stream","other","acidified","1995-03-07T00:00:00Z","field","P. Negrel","p.negrel@brgm.fr","","Orleans station","","","","","Grosbois, C., Negrel, P., Fouillac, C. and Grimaud, D., 2000. Dissolved load of the Loire River: chemical and isotopic characterization. Chemical Geology, 170(1-4), pp.179-201.",0.2181738,NA,0.711334,8.5e-07,"unknown","unknown","https://doi.org/10.1016/S0009-2541(99)00247-8","DOI","LIT","jlo22","ARDUOUS-09007","jlo22","water solute","water",NA,"France",1.9,47.9
"184","L8","","SRM987",0.710227,"TIMS","bulk water","water",1.7e-05,"inorganic-organic composite : water : water solute","","","","river or stream","other","acidified","1994-09-12T00:00:00Z","field","P. Negrel","p.negrel@brgm.fr","","Beaugency station","","","","","Grosbois, C., Negrel, P., Fouillac, C. and Grimaud, D., 2000. Dissolved load of the Loire River: chemical and isotopic characterization. Chemical Geology, 170(1-4), pp.179-201.",0.2269358,NA,0.711237,8.5e-07,"unknown","unknown","https://doi.org/10.1016/S0009-2541(99)00247-8","DOI","LIT","L8","ARDUOUS-09008","L8","water solute","water",NA,"France",1.63,47.77
"185","jlo18","","SRM987",0.710227,"TIMS","bulk water","water",1.7e-05,"inorganic-organic composite : water : water solute","","","","river or stream","other","acidified","1995-06-23T00:00:00Z","field","P. Negrel","p.negrel@brgm.fr","","Orleans station","","","","","Grosbois, C., Negrel, P., Fouillac, C. and Grimaud, D., 2000. Dissolved load of the Loire River: chemical and isotopic characterization. Chemical Geology, 170(1-4), pp.179-201.",0.249717,NA,0.711388,8.5e-07,"unknown","unknown","https://doi.org/10.1016/S0009-2541(99)00247-8","DOI","LIT","jlo18","ARDUOUS-09009","jlo18","water solute","water",NA,"France",1.9,47.9
"186","jlo66","","SRM987",0.710227,"TIMS","bulk water","water",1.7e-05,"inorganic-organic composite : water : water solute","","","","river or stream","other","acidified","1996-02-27T00:00:00Z","field","P. Negrel","p.negrel@brgm.fr","","Orleans station","","","","","Grosbois, C., Negrel, P., Fouillac, C. and Grimaud, D., 2000. Dissolved load of the Loire River: chemical and isotopic characterization. Chemical Geology, 170(1-4), pp.179-201.",0.3355846,NA,0.711558,8.5e-07,"unknown","unknown","https://doi.org/10.1016/S0009-2541(99)00247-8","DOI","LIT","jlo66","ARDUOUS-09010","jlo66","water solute","water",NA,"France",1.9,47.9
"187","jlo59","","SRM987",0.710227,"TIMS","bulk water","water",1.7e-05,"inorganic-organic composite : water : water solute","","","","river or stream","other","acidified","1996-01-29T00:00:00Z","field","P. Negrel","p.negrel@brgm.fr","","Orleans station","","","","","Grosbois, C., Negrel, P., Fouillac, C. and Grimaud, D., 2000. Dissolved load of the Loire River: chemical and isotopic characterization. Chemical Geology, 170(1-4), pp.179-201.",0.074477,NA,0.711591,8.5e-07,"unknown","unknown","https://doi.org/10.1016/S0009-2541(99)00247-8","DOI","LIT","jlo59","ARDUOUS-09011","jlo59","water solute","water",NA,"France",1.9,47.9
"188","jlo54","","SRM987",0.710227,"TIMS","bulk water","water",1.7e-05,"inorganic-organic composite : water : water solute","","","","river or stream","other","acidified","1996-01-16T00:00:00Z","field","P. Negrel","p.negrel@brgm.fr","","Orleans station","","","","","Grosbois, C., Negrel, P., Fouillac, C. and Grimaud, D., 2000. Dissolved load of the Loire River: chemical and isotopic characterization. Chemical Geology, 170(1-4), pp.179-201.",0.0762294,NA,0.711696,8.5e-07,"unknown","unknown","https://doi.org/10.1016/S0009-2541(99)00247-8","DOI","LIT","jlo54","ARDUOUS-09012","jlo54","water solute","water",NA,"France",1.9,47.9
"189","jlo64","","SRM987",0.710227,"TIMS","bulk water","water",1.7e-05,"inorganic-organic composite : water : water solute","","","","river or stream","other","acidified","1996-02-19T00:00:00Z","field","P. Negrel","p.negrel@brgm.fr","","Orleans station","","","","","Grosbois, C., Negrel, P., Fouillac, C. and Grimaud, D., 2000. Dissolved load of the Loire River: chemical and isotopic characterization. Chemical Geology, 170(1-4), pp.179-201.",0.0762294,NA,0.711597,8.5e-07,"unknown","unknown","https://doi.org/10.1016/S0009-2541(99)00247-8","DOI","LIT","jlo64","ARDUOUS-09013","jlo64","water solute","water",NA,"France",1.9,47.9
"190","jlo67","","SRM987",0.710227,"TIMS","bulk water","water",1.7e-05,"inorganic-organic composite : water : water solute","","","","river or stream","other","acidified","1996-08-03T00:00:00Z","field","P. Negrel","p.negrel@brgm.fr","","Orleans station","","","","","Grosbois, C., Negrel, P., Fouillac, C. and Grimaud, D., 2000. Dissolved load of the Loire River: chemical and isotopic characterization. Chemical Geology, 170(1-4), pp.179-201.",0.0779818,NA,0.711796,8.5e-07,"unknown","unknown","https://doi.org/10.1016/S0009-2541(99)00247-8","DOI","LIT","jlo67","ARDUOUS-09014","jlo67","water solute","water",NA,"France",1.9,47.9
"191","jlo53","","SRM987",0.710227,"TIMS","bulk water","water",1.7e-05,"inorganic-organic composite : water : water solute","","","","river or stream","other","acidified","1996-01-14T00:00:00Z","field","P. Negrel","p.negrel@brgm.fr","","Orleans station","","","","","Grosbois, C., Negrel, P., Fouillac, C. and Grimaud, D., 2000. Dissolved load of the Loire River: chemical and isotopic characterization. Chemical Geology, 170(1-4), pp.179-201.",0.0806104,NA,0.711579,8.5e-07,"unknown","unknown","https://doi.org/10.1016/S0009-2541(99)00247-8","DOI","LIT","jlo53","ARDUOUS-09015","jlo53","water solute","water",NA,"France",1.9,47.9
"192","jlo49","","SRM987",0.710227,"TIMS","bulk water","water",1.7e-05,"inorganic-organic composite : water : water solute","","","","river or stream","other","acidified","1996-05-01T00:00:00Z","field","P. Negrel","p.negrel@brgm.fr","","Orleans station","","","","","Grosbois, C., Negrel, P., Fouillac, C. and Grimaud, D., 2000. Dissolved load of the Loire River: chemical and isotopic characterization. Chemical Geology, 170(1-4), pp.179-201.",0.0814866,NA,0.711606,8.5e-07,"unknown","unknown","https://doi.org/10.1016/S0009-2541(99)00247-8","DOI","LIT","jlo49","ARDUOUS-09016","jlo49","water solute","water",NA,"France",1.9,47.9
"193","jlo56","","SRM987",0.710227,"TIMS","bulk water","water",1.7e-05,"inorganic-organic composite : water : water solute","","","","river or stream","other","acidified","1996-01-21T00:00:00Z","field","P. Negrel","p.negrel@brgm.fr","","Orleans station","","","","","Grosbois, C., Negrel, P., Fouillac, C. and Grimaud, D., 2000. Dissolved load of the Loire River: chemical and isotopic characterization. Chemical Geology, 170(1-4), pp.179-201.",0.0841152,NA,0.7117,8.5e-07,"unknown","unknown","https://doi.org/10.1016/S0009-2541(99)00247-8","DOI","LIT","jlo56","ARDUOUS-09017","jlo56","water solute","water",NA,"France",1.9,47.9
"194","L20","","SRM987",0.710227,"TIMS","bulk water","water",1.7e-05,"inorganic-organic composite : water : water solute","","","","river or stream","other","acidified","1996-07-01T00:00:00Z","field","P. Negrel","p.negrel@brgm.fr","","Beaugency station","","","","","Grosbois, C., Negrel, P., Fouillac, C. and Grimaud, D., 2000. Dissolved load of the Loire River: chemical and isotopic characterization. Chemical Geology, 170(1-4), pp.179-201.",0.0841152,NA,0.711641,8.5e-07,"unknown","unknown","https://doi.org/10.1016/S0009-2541(99)00247-8","DOI","LIT","L20","ARDUOUS-09018","L20","water solute","water",NA,"France",1.63,47.77
"195","jlo57","","SRM987",0.710227,"TIMS","bulk water","water",1.7e-05,"inorganic-organic composite : water : water solute","","","","river or stream","other","acidified","1996-01-22T00:00:00Z","field","P. Negrel","p.negrel@brgm.fr","","Orleans station","","","","","Grosbois, C., Negrel, P., Fouillac, C. and Grimaud, D., 2000. Dissolved load of the Loire River: chemical and isotopic characterization. Chemical Geology, 170(1-4), pp.179-201.",0.0858676,NA,0.711641,8.5e-07,"unknown","unknown","https://doi.org/10.1016/S0009-2541(99)00247-8","DOI","LIT","jlo57","ARDUOUS-09019","jlo57","water solute","water",NA,"France",1.9,47.9
"196","jlo48","","SRM987",0.710227,"TIMS","bulk water","water",1.7e-05,"inorganic-organic composite : water : water solute","","","","river or stream","other","acidified","1996-03-01T00:00:00Z","field","P. Negrel","p.negrel@brgm.fr","","Orleans station","","","","","Grosbois, C., Negrel, P., Fouillac, C. and Grimaud, D., 2000. Dissolved load of the Loire River: chemical and isotopic characterization. Chemical Geology, 170(1-4), pp.179-201.",0.0858676,NA,0.711551,8.5e-07,"unknown","unknown","https://doi.org/10.1016/S0009-2541(99)00247-8","DOI","LIT","jlo48","ARDUOUS-09020","jlo48","water solute","water",NA,"France",1.9,47.9
"197","jlo58","","SRM987",0.710227,"TIMS","bulk water","water",1.7e-05,"inorganic-organic composite : water : water solute","","","","river or stream","other","acidified","1996-01-26T00:00:00Z","field","P. Negrel","p.negrel@brgm.fr","","Orleans station","","","","","Grosbois, C., Negrel, P., Fouillac, C. and Grimaud, D., 2000. Dissolved load of the Loire River: chemical and isotopic characterization. Chemical Geology, 170(1-4), pp.179-201.",0.0867438,NA,0.711592,8.5e-07,"unknown","unknown","https://doi.org/10.1016/S0009-2541(99)00247-8","DOI","LIT","jlo58","ARDUOUS-09021","jlo58","water solute","water",NA,"France",1.9,47.9
"198","jlo51","","SRM987",0.710227,"TIMS","bulk water","water",1.7e-05,"inorganic-organic composite : water : water solute","","","","river or stream","other","acidified","1996-09-01T00:00:00Z","field","P. Negrel","p.negrel@brgm.fr","","Orleans station","","","","","Grosbois, C., Negrel, P., Fouillac, C. and Grimaud, D., 2000. Dissolved load of the Loire River: chemical and isotopic characterization. Chemical Geology, 170(1-4), pp.179-201.",0.0884962,NA,0.711579,8.5e-07,"unknown","unknown","https://doi.org/10.1016/S0009-2541(99)00247-8","DOI","LIT","jlo51","ARDUOUS-09022","jlo51","water solute","water",NA,"France",1.9,47.9
"199","jlo60","","SRM987",0.710227,"TIMS","bulk water","water",1.7e-05,"inorganic-organic composite : water : water solute","","","","river or stream","other","acidified","1996-01-02T00:00:00Z","field","P. Negrel","p.negrel@brgm.fr","","Orleans station","","","","","Grosbois, C., Negrel, P., Fouillac, C. and Grimaud, D., 2000. Dissolved load of the Loire River: chemical and isotopic characterization. Chemical Geology, 170(1-4), pp.179-201.",0.0096382,NA,0.711558,8.5e-07,"unknown","unknown","https://doi.org/10.1016/S0009-2541(99)00247-8","DOI","LIT","jlo60","ARDUOUS-09023","jlo60","water solute","water",NA,"France",1.9,47.9
"200","jlo61","","SRM987",0.710227,"TIMS","bulk water","water",1.7e-05,"inorganic-organic composite : water : water solute","","","","river or stream","other","acidified","1996-06-02T00:00:00Z","field","P. Negrel","p.negrel@brgm.fr","","Orleans station","","","","","Grosbois, C., Negrel, P., Fouillac, C. and Grimaud, D., 2000. Dissolved load of the Loire River: chemical and isotopic characterization. Chemical Geology, 170(1-4), pp.179-201.",0.0902486,NA,0.71139,8.5e-07,"unknown","unknown","https://doi.org/10.1016/S0009-2541(99)00247-8","DOI","LIT","jlo61","ARDUOUS-09024","jlo61","water solute","water",NA,"France",1.9,47.9
"201","jlo45","","SRM987",0.710227,"TIMS","bulk water","water",1.7e-05,"inorganic-organic composite : water : water solute","","","","river or stream","other","acidified","1995-03-12T00:00:00Z","field","P. Negrel","p.negrel@brgm.fr","","Orleans station","","","","","Grosbois, C., Negrel, P., Fouillac, C. and Grimaud, D., 2000. Dissolved load of the Loire River: chemical and isotopic characterization. Chemical Geology, 170(1-4), pp.179-201.",0.0911248,NA,0.711543,8.5e-07,"unknown","unknown","https://doi.org/10.1016/S0009-2541(99)00247-8","DOI","LIT","jlo45","ARDUOUS-09025","jlo45","water solute","water",NA,"France",1.9,47.9
"202","jlo62","","SRM987",0.710227,"TIMS","bulk water","water",1.7e-05,"inorganic-organic composite : water : water solute","","","","river or stream","other","acidified","1996-12-02T00:00:00Z","field","P. Negrel","p.negrel@brgm.fr","","Orleans station","","","","","Grosbois, C., Negrel, P., Fouillac, C. and Grimaud, D., 2000. Dissolved load of the Loire River: chemical and isotopic characterization. Chemical Geology, 170(1-4), pp.179-201.",0.0937534,NA,0.711399,8.5e-07,"unknown","unknown","https://doi.org/10.1016/S0009-2541(99)00247-8","DOI","LIT","jlo62","ARDUOUS-09026","jlo62","water solute","water",NA,"France",1.9,47.9
"203","jlo63","","SRM987",0.710227,"TIMS","bulk water","water",1.7e-05,"inorganic-organic composite : water : water solute","","","","river or stream","other","acidified","1996-02-15T00:00:00Z","field","P. Negrel","p.negrel@brgm.fr","","Orleans station","","","","","Grosbois, C., Negrel, P., Fouillac, C. and Grimaud, D., 2000. Dissolved load of the Loire River: chemical and isotopic characterization. Chemical Geology, 170(1-4), pp.179-201.",0.0946296,NA,0.711325,8.5e-07,"unknown","unknown","https://doi.org/10.1016/S0009-2541(99)00247-8","DOI","LIT","jlo63","ARDUOUS-09027","jlo63","water solute","water",NA,"France",1.9,47.9
"204","jlo47","","SRM987",0.710227,"TIMS","bulk water","water",1.7e-05,"inorganic-organic composite : water : water solute","","","","river or stream","other","acidified","1995-12-17T00:00:00Z","field","P. Negrel","p.negrel@brgm.fr","","Orleans station","","","","","Grosbois, C., Negrel, P., Fouillac, C. and Grimaud, D., 2000. Dissolved load of the Loire River: chemical and isotopic characterization. Chemical Geology, 170(1-4), pp.179-201.",0.0990106,NA,0.711401,8.5e-07,"unknown","unknown","https://doi.org/10.1016/S0009-2541(99)00247-8","DOI","LIT","jlo47","ARDUOUS-09028","jlo47","water solute","water",NA,"France",1.9,47.9
"205","(c)","","SRM987",0.71023,"TIMS","bulk water","water",2.4e-05,"inorganic-organic composite : water : water solute","","","","river or stream","other","","1990-11-01T00:00:00Z","field","N. Clauer","nclauer@illite.u-strasbg.fr","","Portet","","","","","Semhi K, N. Clauer, J.L. Probst, Strontium isotope compositions of river waters as records of lithology-dependent mass transfers: the Garonne river and its tributaries (SW France), Chemical Geology, Volume 168, Issues 3-4, 2000, Pages 173-193",0.1,NA,0.710623,1.4e-05,"unknown","unknown","https://doi.org/10.1016/S0009-2541(00)00226-6","DOI","LIT","(c)","ARDUOUS-12649","(c)","water solute","water",NA,"France",1.43,43.53
"206","(k)","","SRM987",0.71023,"TIMS","bulk water","water",2.4e-05,"inorganic-organic composite : water : water solute","","","","river or stream","other","","1992-03-01T00:00:00Z","field","N. Clauer","nclauer@illite.u-strasbg.fr","","Villeneuve","","","","","Semhi K, N. Clauer, J.L. Probst, Strontium isotope compositions of river waters as records of lithology-dependent mass transfers: the Garonne river and its tributaries (SW France), Chemical Geology, Volume 168, Issues 3-4, 2000, Pages 173-193",0.1,NA,0.70904,1.4e-05,"unknown","unknown","https://doi.org/10.1016/S0009-2541(00)00226-6","DOI","LIT","(k)","ARDUOUS-12650","(k)","water solute","water",NA,"France",0.7,44.41
"207","(h)","","SRM987",0.71023,"TIMS","bulk water","water",2.4e-05,"inorganic-organic composite : water : water solute","","","","river or stream","other","","1992-04-01T00:00:00Z","field","N. Clauer","nclauer@illite.u-strasbg.fr","","Montauban","","","","","Semhi K, N. Clauer, J.L. Probst, Strontium isotope compositions of river waters as records of lithology-dependent mass transfers: the Garonne river and its tributaries (SW France), Chemical Geology, Volume 168, Issues 3-4, 2000, Pages 173-193",0.1,NA,0.71087,1.4e-05,"unknown","unknown","https://doi.org/10.1016/S0009-2541(00)00226-6","DOI","LIT","(h)","ARDUOUS-12651","(h)","water solute","water",NA,"France",1.35,44.02
"208","(h)","","SRM987",0.71023,"TIMS","bulk water","water",2.4e-05,"inorganic-organic composite : water : water solute","","","","river or stream","other","","1991-04-01T00:00:00Z","field","N. Clauer","nclauer@illite.u-strasbg.fr","","Montauban","","","","","Semhi K, N. Clauer, J.L. Probst, Strontium isotope compositions of river waters as records of lithology-dependent mass transfers: the Garonne river and its tributaries (SW France), Chemical Geology, Volume 168, Issues 3-4, 2000, Pages 173-193",0.101,NA,0.710431,1.4e-05,"unknown","unknown","https://doi.org/10.1016/S0009-2541(00)00226-6","DOI","LIT","(h)","ARDUOUS-12652","(h)","water solute","water",NA,"France",1.35,44.02
"209","(h)","","SRM987",0.71023,"TIMS","bulk water","water",2.4e-05,"inorganic-organic composite : water : water solute","","","","river or stream","other","","1991-06-01T00:00:00Z","field","N. Clauer","nclauer@illite.u-strasbg.fr","","Montauban","","","","","Semhi K, N. Clauer, J.L. Probst, Strontium isotope compositions of river waters as records of lithology-dependent mass transfers: the Garonne river and its tributaries (SW France), Chemical Geology, Volume 168, Issues 3-4, 2000, Pages 173-193",0.103,NA,0.710347,1.4e-05,"unknown","unknown","https://doi.org/10.1016/S0009-2541(00)00226-6","DOI","LIT","(h)","ARDUOUS-12653","(h)","water solute","water",NA,"France",1.35,44.02
"210","(b)","","SRM987",0.71023,"TIMS","bulk water","water",2.4e-05,"inorganic-organic composite : water : water solute","","","","river or stream","other","","1990-08-01T00:00:00Z","field","N. Clauer","nclauer@illite.u-strasbg.fr","","Lamagistere","","","","","Semhi K, N. Clauer, J.L. Probst, Strontium isotope compositions of river waters as records of lithology-dependent mass transfers: the Garonne river and its tributaries (SW France), Chemical Geology, Volume 168, Issues 3-4, 2000, Pages 173-193",0.104,NA,0.710393,1.4e-05,"unknown","unknown","https://doi.org/10.1016/S0009-2541(00)00226-6","DOI","LIT","(b)","ARDUOUS-12654","(b)","water solute","water",NA,"France",0.82,44.12
"211","(b)","","SRM987",0.71023,"TIMS","bulk water","water",2.4e-05,"inorganic-organic composite : water : water solute","","","","river or stream","other","","1990-11-01T00:00:00Z","field","N. Clauer","nclauer@illite.u-strasbg.fr","","Lamagistere","","","","","Semhi K, N. Clauer, J.L. Probst, Strontium isotope compositions of river waters as records of lithology-dependent mass transfers: the Garonne river and its tributaries (SW France), Chemical Geology, Volume 168, Issues 3-4, 2000, Pages 173-193",0.105,NA,0.710256,1.4e-05,"unknown","unknown","https://doi.org/10.1016/S0009-2541(00)00226-6","DOI","LIT","(b)","ARDUOUS-12655","(b)","water solute","water",NA,"France",0.82,44.12
"212","(a)","","SRM987",0.71023,"TIMS","bulk water","water",2.4e-05,"inorganic-organic composite : water : water solute","","","","river or stream","other","","1991-11-01T00:00:00Z","field","N. Clauer","nclauer@illite.u-strasbg.fr","","La Reole","","","","","Semhi K, N. Clauer, J.L. Probst, Strontium isotope compositions of river waters as records of lithology-dependent mass transfers: the Garonne river and its tributaries (SW France), Chemical Geology, Volume 168, Issues 3-4, 2000, Pages 173-193",0.107,NA,0.710171,1.4e-05,"unknown","unknown","https://doi.org/10.1016/S0009-2541(00)00226-6","DOI","LIT","(a)","ARDUOUS-12656","(a)","water solute","water",NA,"France",-0.04,44.58
"213","(g)","","SRM987",0.71023,"TIMS","bulk water","water",2.4e-05,"inorganic-organic composite : water : water solute","","","","river or stream","other","","1991-05-01T00:00:00Z","field","N. Clauer","nclauer@illite.u-strasbg.fr","","Lacroix Falgarde","","","","","Semhi K, N. Clauer, J.L. Probst, Strontium isotope compositions of river waters as records of lithology-dependent mass transfers: the Garonne river and its tributaries (SW France), Chemical Geology, Volume 168, Issues 3-4, 2000, Pages 173-193",0.108,NA,0.71058,1.4e-05,"unknown","unknown","https://doi.org/10.1016/S0009-2541(00)00226-6","DOI","LIT","(g)","ARDUOUS-12657","(g)","water solute","water",NA,"France",1.41,43.5
"214","(k)","","SRM987",0.71023,"TIMS","bulk water","water",2.4e-05,"inorganic-organic composite : water : water solute","","","","river or stream","other","","1991-10-01T00:00:00Z","field","N. Clauer","nclauer@illite.u-strasbg.fr","","Villeneuve","","","","","Semhi K, N. Clauer, J.L. Probst, Strontium isotope compositions of river waters as records of lithology-dependent mass transfers: the Garonne river and its tributaries (SW France), Chemical Geology, Volume 168, Issues 3-4, 2000, Pages 173-193",0.108,NA,0.70901,1.4e-05,"unknown","unknown","https://doi.org/10.1016/S0009-2541(00)00226-6","DOI","LIT","(k)","ARDUOUS-12658","(k)","water solute","water",NA,"France",0.7,44.41
"215","(g)","","SRM987",0.71023,"TIMS","bulk water","water",2.4e-05,"inorganic-organic composite : water : water solute","","","","river or stream","other","","1991-11-01T00:00:00Z","field","N. Clauer","nclauer@illite.u-strasbg.fr","","Lacroix Falgarde","","","","","Semhi K, N. Clauer, J.L. Probst, Strontium isotope compositions of river waters as records of lithology-dependent mass transfers: the Garonne river and its tributaries (SW France), Chemical Geology, Volume 168, Issues 3-4, 2000, Pages 173-193",0.108,NA,0.70997,1.4e-05,"unknown","unknown","https://doi.org/10.1016/S0009-2541(00)00226-6","DOI","LIT","(g)","ARDUOUS-12659","(g)","water solute","water",NA,"France",1.41,43.5
"216","(k)","","SRM987",0.71023,"TIMS","bulk water","water",2.4e-05,"inorganic-organic composite : water : water solute","","","","river or stream","other","","1992-08-01T00:00:00Z","field","N. Clauer","nclauer@illite.u-strasbg.fr","","Villeneuve","","","","","Semhi K, N. Clauer, J.L. Probst, Strontium isotope compositions of river waters as records of lithology-dependent mass transfers: the Garonne river and its tributaries (SW France), Chemical Geology, Volume 168, Issues 3-4, 2000, Pages 173-193",0.108,NA,0.70922,1.4e-05,"unknown","unknown","https://doi.org/10.1016/S0009-2541(00)00226-6","DOI","LIT","(k)","ARDUOUS-12660","(k)","water solute","water",NA,"France",0.7,44.41
"217","(d)","","SRM987",0.71023,"TIMS","bulk water","water",2.4e-05,"inorganic-organic composite : water : water solute","","","","river or stream","other","","1992-02-01T00:00:00Z","field","N. Clauer","nclauer@illite.u-strasbg.fr","","Valentine","","","","","Semhi K, N. Clauer, J.L. Probst, Strontium isotope compositions of river waters as records of lithology-dependent mass transfers: the Garonne river and its tributaries (SW France), Chemical Geology, Volume 168, Issues 3-4, 2000, Pages 173-193",0.109,NA,0.71096,1.4e-05,"unknown","unknown","https://doi.org/10.1016/S0009-2541(00)00226-6","DOI","LIT","(d)","ARDUOUS-12661","(d)","water solute","water",NA,"France",0.71,43.1
"218","(g)","","SRM987",0.71023,"TIMS","bulk water","water",2.4e-05,"inorganic-organic composite : water : water solute","","","","river or stream","other","","1991-04-01T00:00:00Z","field","N. Clauer","nclauer@illite.u-strasbg.fr","","Lacroix Falgarde","","","","","Semhi K, N. Clauer, J.L. Probst, Strontium isotope compositions of river waters as records of lithology-dependent mass transfers: the Garonne river and its tributaries (SW France), Chemical Geology, Volume 168, Issues 3-4, 2000, Pages 173-193",0.11,NA,0.71014,1.4e-05,"unknown","unknown","https://doi.org/10.1016/S0009-2541(00)00226-6","DOI","LIT","(g)","ARDUOUS-12662","(g)","water solute","water",NA,"France",1.41,43.5
"219","(d)","","SRM987",0.71023,"TIMS","bulk water","water",2.4e-05,"inorganic-organic composite : water : water solute","","","","river or stream","other","","1990-07-01T00:00:00Z","field","N. Clauer","nclauer@illite.u-strasbg.fr","","Valentine","","","","","Semhi K, N. Clauer, J.L. Probst, Strontium isotope compositions of river waters as records of lithology-dependent mass transfers: the Garonne river and its tributaries (SW France), Chemical Geology, Volume 168, Issues 3-4, 2000, Pages 173-193",0.111,NA,0.711261,1.4e-05,"unknown","unknown","https://doi.org/10.1016/S0009-2541(00)00226-6","DOI","LIT","(d)","ARDUOUS-12663","(d)","water solute","water",NA,"France",0.71,43.1
"220","(o)","","SRM987",0.71023,"TIMS","bulk water","water",2.4e-05,"inorganic-organic composite : water : water solute","","","","river or stream","other","","1990-10-01T00:00:00Z","field","N. Clauer","nclauer@illite.u-strasbg.fr","","Layrac","","","","","Semhi K, N. Clauer, J.L. Probst, Strontium isotope compositions of river waters as records of lithology-dependent mass transfers: the Garonne river and its tributaries (SW France), Chemical Geology, Volume 168, Issues 3-4, 2000, Pages 173-193",0.111,NA,0.710584,1.4e-05,"unknown","unknown","https://doi.org/10.1016/S0009-2541(00)00226-6","DOI","LIT","(o)","ARDUOUS-12664","(o)","water solute","water",NA,"France",0.67,44.14
"221","(f)","","SRM987",0.71023,"TIMS","bulk water","water",2.4e-05,"inorganic-organic composite : water : water solute","","","","river or stream","other","","1991-10-01T00:00:00Z","field","N. Clauer","nclauer@illite.u-strasbg.fr","","Salat","","","","","Semhi K, N. Clauer, J.L. Probst, Strontium isotope compositions of river waters as records of lithology-dependent mass transfers: the Garonne river and its tributaries (SW France), Chemical Geology, Volume 168, Issues 3-4, 2000, Pages 173-193",0.111,NA,0.70973,1.4e-05,"unknown","unknown","https://doi.org/10.1016/S0009-2541(00)00226-6","DOI","LIT","(f)","ARDUOUS-12665","(f)","water solute","water",NA,"France",1.13,42.98
"222","(a)","","SRM987",0.71023,"TIMS","bulk water","water",2.4e-05,"inorganic-organic composite : water : water solute","","","","river or stream","other","","1992-12-01T00:00:00Z","field","N. Clauer","nclauer@illite.u-strasbg.fr","","La Reole","","","","","Semhi K, N. Clauer, J.L. Probst, Strontium isotope compositions of river waters as records of lithology-dependent mass transfers: the Garonne river and its tributaries (SW France), Chemical Geology, Volume 168, Issues 3-4, 2000, Pages 173-193",0.112,NA,0.709938,1.4e-05,"unknown","unknown","https://doi.org/10.1016/S0009-2541(00)00226-6","DOI","LIT","(a)","ARDUOUS-12666","(a)","water solute","water",NA,"France",-0.04,44.58
"223","(d)","","SRM987",0.71023,"TIMS","bulk water","water",2.4e-05,"inorganic-organic composite : water : water solute","","","","river or stream","other","","1990-09-01T00:00:00Z","field","N. Clauer","nclauer@illite.u-strasbg.fr","","Valentine","","","","","Semhi K, N. Clauer, J.L. Probst, Strontium isotope compositions of river waters as records of lithology-dependent mass transfers: the Garonne river and its tributaries (SW France), Chemical Geology, Volume 168, Issues 3-4, 2000, Pages 173-193",0.113,NA,0.711345,1.4e-05,"unknown","unknown","https://doi.org/10.1016/S0009-2541(00)00226-6","DOI","LIT","(d)","ARDUOUS-12667","(d)","water solute","water",NA,"France",0.71,43.1
"224","(a)","","SRM987",0.71023,"TIMS","bulk water","water",2.4e-05,"inorganic-organic composite : water : water solute","","","","river or stream","other","","1991-09-01T00:00:00Z","field","N. Clauer","nclauer@illite.u-strasbg.fr","","La Reole","","","","","Semhi K, N. Clauer, J.L. Probst, Strontium isotope compositions of river waters as records of lithology-dependent mass transfers: the Garonne river and its tributaries (SW France), Chemical Geology, Volume 168, Issues 3-4, 2000, Pages 173-193",0.113,NA,0.710031,1.4e-05,"unknown","unknown","https://doi.org/10.1016/S0009-2541(00)00226-6","DOI","LIT","(a)","ARDUOUS-12668","(a)","water solute","water",NA,"France",-0.04,44.58
"225","(c)","","SRM987",0.71023,"TIMS","bulk water","water",2.4e-05,"inorganic-organic composite : water : water solute","","","","river or stream","other","","1990-07-01T00:00:00Z","field","N. Clauer","nclauer@illite.u-strasbg.fr","","Portet","","","","","Semhi K, N. Clauer, J.L. Probst, Strontium isotope compositions of river waters as records of lithology-dependent mass transfers: the Garonne river and its tributaries (SW France), Chemical Geology, Volume 168, Issues 3-4, 2000, Pages 173-193",0.115,NA,0.710556,1.4e-05,"unknown","unknown","https://doi.org/10.1016/S0009-2541(00)00226-6","DOI","LIT","(c)","ARDUOUS-12669","(c)","water solute","water",NA,"France",1.43,43.53
"226","(k)","","SRM987",0.71023,"TIMS","bulk water","water",2.4e-05,"inorganic-organic composite : water : water solute","","","","river or stream","other","","1990-10-01T00:00:00Z","field","N. Clauer","nclauer@illite.u-strasbg.fr","","Villeneuve","","","","","Semhi K, N. Clauer, J.L. Probst, Strontium isotope compositions of river waters as records of lithology-dependent mass transfers: the Garonne river and its tributaries (SW France), Chemical Geology, Volume 168, Issues 3-4, 2000, Pages 173-193",0.115,NA,0.70915,1.4e-05,"unknown","unknown","https://doi.org/10.1016/S0009-2541(00)00226-6","DOI","LIT","(k)","ARDUOUS-12670","(k)","water solute","water",NA,"France",0.7,44.41
"227","(c)","","SRM987",0.71023,"TIMS","bulk water","water",2.4e-05,"inorganic-organic composite : water : water solute","","","","river or stream","other","","1991-11-01T00:00:00Z","field","N. Clauer","nclauer@illite.u-strasbg.fr","","Portet","","","","","Semhi K, N. Clauer, J.L. Probst, Strontium isotope compositions of river waters as records of lithology-dependent mass transfers: the Garonne river and its tributaries (SW France), Chemical Geology, Volume 168, Issues 3-4, 2000, Pages 173-193",0.115,NA,0.710025,1.4e-05,"unknown","unknown","https://doi.org/10.1016/S0009-2541(00)00226-6","DOI","LIT","(c)","ARDUOUS-12671","(c)","water solute","water",NA,"France",1.43,43.53
"228","(a)","","SRM987",0.71023,"TIMS","bulk water","water",2.4e-05,"inorganic-organic composite : water : water solute","","","","river or stream","other","","1992-02-01T00:00:00Z","field","N. Clauer","nclauer@illite.u-strasbg.fr","","La Reole","","","","","Semhi K, N. Clauer, J.L. Probst, Strontium isotope compositions of river waters as records of lithology-dependent mass transfers: the Garonne river and its tributaries (SW France), Chemical Geology, Volume 168, Issues 3-4, 2000, Pages 173-193",0.115,NA,0.710097,1.4e-05,"unknown","unknown","https://doi.org/10.1016/S0009-2541(00)00226-6","DOI","LIT","(a)","ARDUOUS-12672","(a)","water solute","water",NA,"France",-0.04,44.58
"229","(g)","","SRM987",0.71023,"TIMS","bulk water","water",2.4e-05,"inorganic-organic composite : water : water solute","","","","river or stream","other","","1991-10-01T00:00:00Z","field","N. Clauer","nclauer@illite.u-strasbg.fr","","Lacroix Falgarde","","","","","Semhi K, N. Clauer, J.L. Probst, Strontium isotope compositions of river waters as records of lithology-dependent mass transfers: the Garonne river and its tributaries (SW France), Chemical Geology, Volume 168, Issues 3-4, 2000, Pages 173-193",0.116,NA,0.70993,1.4e-05,"unknown","unknown","https://doi.org/10.1016/S0009-2541(00)00226-6","DOI","LIT","(g)","ARDUOUS-12673","(g)","water solute","water",NA,"France",1.41,43.5
"230","(d)","","SRM987",0.71023,"TIMS","bulk water","water",2.4e-05,"inorganic-organic composite : water : water solute","","","","river or stream","other","","1991-11-01T00:00:00Z","field","N. Clauer","nclauer@illite.u-strasbg.fr","","Valentine","","","","","Semhi K, N. Clauer, J.L. Probst, Strontium isotope compositions of river waters as records of lithology-dependent mass transfers: the Garonne river and its tributaries (SW France), Chemical Geology, Volume 168, Issues 3-4, 2000, Pages 173-193",0.117,NA,0.710716,1.4e-05,"unknown","unknown","https://doi.org/10.1016/S0009-2541(00)00226-6","DOI","LIT","(d)","ARDUOUS-12674","(d)","water solute","water",NA,"France",0.71,43.1
"231","(d)","","SRM987",0.71023,"TIMS","bulk water","water",2.4e-05,"inorganic-organic composite : water : water solute","","","","river or stream","other","","1991-10-01T00:00:00Z","field","N. Clauer","nclauer@illite.u-strasbg.fr","","Valentine","","","","","Semhi K, N. Clauer, J.L. Probst, Strontium isotope compositions of river waters as records of lithology-dependent mass transfers: the Garonne river and its tributaries (SW France), Chemical Geology, Volume 168, Issues 3-4, 2000, Pages 173-193",0.118,NA,0.711083,1.4e-05,"unknown","unknown","https://doi.org/10.1016/S0009-2541(00)00226-6","DOI","LIT","(d)","ARDUOUS-12675","(d)","water solute","water",NA,"France",0.71,43.1
"232","(h)","","SRM987",0.71023,"TIMS","bulk water","water",2.4e-05,"inorganic-organic composite : water : water solute","","","","river or stream","other","","1991-11-01T00:00:00Z","field","N. Clauer","nclauer@illite.u-strasbg.fr","","Montauban","","","","","Semhi K, N. Clauer, J.L. Probst, Strontium isotope compositions of river waters as records of lithology-dependent mass transfers: the Garonne river and its tributaries (SW France), Chemical Geology, Volume 168, Issues 3-4, 2000, Pages 173-193",0.119,NA,0.709636,1.4e-05,"unknown","unknown","https://doi.org/10.1016/S0009-2541(00)00226-6","DOI","LIT","(h)","ARDUOUS-12676","(h)","water solute","water",NA,"France",1.35,44.02
"233","(h)","","SRM987",0.71023,"TIMS","bulk water","water",2.4e-05,"inorganic-organic composite : water : water solute","","","","river or stream","other","","1991-10-01T00:00:00Z","field","N. Clauer","nclauer@illite.u-strasbg.fr","","Montauban","","","","","Semhi K, N. Clauer, J.L. Probst, Strontium isotope compositions of river waters as records of lithology-dependent mass transfers: the Garonne river and its tributaries (SW France), Chemical Geology, Volume 168, Issues 3-4, 2000, Pages 173-193",0.123,NA,0.709834,1.4e-05,"unknown","unknown","https://doi.org/10.1016/S0009-2541(00)00226-6","DOI","LIT","(h)","ARDUOUS-12677","(h)","water solute","water",NA,"France",1.35,44.02
"234","(a)","","SRM987",0.71023,"TIMS","bulk water","water",2.4e-05,"inorganic-organic composite : water : water solute","","","","river or stream","other","","1992-03-01T00:00:00Z","field","N. Clauer","nclauer@illite.u-strasbg.fr","","La Reole","","","","","Semhi K, N. Clauer, J.L. Probst, Strontium isotope compositions of river waters as records of lithology-dependent mass transfers: the Garonne river and its tributaries (SW France), Chemical Geology, Volume 168, Issues 3-4, 2000, Pages 173-193",0.123,NA,0.710675,1.4e-05,"unknown","unknown","https://doi.org/10.1016/S0009-2541(00)00226-6","DOI","LIT","(a)","ARDUOUS-12678","(a)","water solute","water",NA,"France",-0.04,44.58
"235","(b)","","SRM987",0.71023,"TIMS","bulk water","water",2.4e-05,"inorganic-organic composite : water : water solute","","","","river or stream","other","","1990-12-01T00:00:00Z","field","N. Clauer","nclauer@illite.u-strasbg.fr","","Lamagistere","","","","","Semhi K, N. Clauer, J.L. Probst, Strontium isotope compositions of river waters as records of lithology-dependent mass transfers: the Garonne river and its tributaries (SW France), Chemical Geology, Volume 168, Issues 3-4, 2000, Pages 173-193",0.124,NA,0.710322,1.4e-05,"unknown","unknown","https://doi.org/10.1016/S0009-2541(00)00226-6","DOI","LIT","(b)","ARDUOUS-12679","(b)","water solute","water",NA,"France",0.82,44.12
"236","(a)","","SRM987",0.71023,"TIMS","bulk water","water",2.4e-05,"inorganic-organic composite : water : water solute","","","","river or stream","other","","1992-01-01T00:00:00Z","field","N. Clauer","nclauer@illite.u-strasbg.fr","","La Reole","","","","","Semhi K, N. Clauer, J.L. Probst, Strontium isotope compositions of river waters as records of lithology-dependent mass transfers: the Garonne river and its tributaries (SW France), Chemical Geology, Volume 168, Issues 3-4, 2000, Pages 173-193",0.124,NA,0.710303,1.4e-05,"unknown","unknown","https://doi.org/10.1016/S0009-2541(00)00226-6","DOI","LIT","(a)","ARDUOUS-12680","(a)","water solute","water",NA,"France",-0.04,44.58
"237","(h)","","SRM987",0.71023,"TIMS","bulk water","water",2.4e-05,"inorganic-organic composite : water : water solute","","","","river or stream","other","","1990-07-01T00:00:00Z","field","N. Clauer","nclauer@illite.u-strasbg.fr","","Montauban","","","","","Semhi K, N. Clauer, J.L. Probst, Strontium isotope compositions of river waters as records of lithology-dependent mass transfers: the Garonne river and its tributaries (SW France), Chemical Geology, Volume 168, Issues 3-4, 2000, Pages 173-193",0.125,NA,0.709654,1.4e-05,"unknown","unknown","https://doi.org/10.1016/S0009-2541(00)00226-6","DOI","LIT","(h)","ARDUOUS-12681","(h)","water solute","water",NA,"France",1.35,44.02
"238","(h)","","SRM987",0.71023,"TIMS","bulk water","water",2.4e-05,"inorganic-organic composite : water : water solute","","","","river or stream","other","","1990-08-01T00:00:00Z","field","N. Clauer","nclauer@illite.u-strasbg.fr","","Montauban","","","","","Semhi K, N. Clauer, J.L. Probst, Strontium isotope compositions of river waters as records of lithology-dependent mass transfers: the Garonne river and its tributaries (SW France), Chemical Geology, Volume 168, Issues 3-4, 2000, Pages 173-193",0.125,NA,0.709631,1.4e-05,"unknown","unknown","https://doi.org/10.1016/S0009-2541(00)00226-6","DOI","LIT","(h)","ARDUOUS-12682","(h)","water solute","water",NA,"France",1.35,44.02
"239","(b)","","SRM987",0.71023,"TIMS","bulk water","water",2.4e-05,"inorganic-organic composite : water : water solute","","","","river or stream","other","","1991-04-01T00:00:00Z","field","N. Clauer","nclauer@illite.u-strasbg.fr","","Lamagistere","","","","","Semhi K, N. Clauer, J.L. Probst, Strontium isotope compositions of river waters as records of lithology-dependent mass transfers: the Garonne river and its tributaries (SW France), Chemical Geology, Volume 168, Issues 3-4, 2000, Pages 173-193",0.126,NA,0.71043,1.4e-05,"unknown","unknown","https://doi.org/10.1016/S0009-2541(00)00226-6","DOI","LIT","(b)","ARDUOUS-12683","(b)","water solute","water",NA,"France",0.82,44.12
"240","(g)","","SRM987",0.71023,"TIMS","bulk water","water",2.4e-05,"inorganic-organic composite : water : water solute","","","","river or stream","other","","1990-06-01T00:00:00Z","field","N. Clauer","nclauer@illite.u-strasbg.fr","","Lacroix Falgarde","","","","","Semhi K, N. Clauer, J.L. Probst, Strontium isotope compositions of river waters as records of lithology-dependent mass transfers: the Garonne river and its tributaries (SW France), Chemical Geology, Volume 168, Issues 3-4, 2000, Pages 173-193",0.127,NA,0.709989,1.4e-05,"unknown","unknown","https://doi.org/10.1016/S0009-2541(00)00226-6","DOI","LIT","(g)","ARDUOUS-12684","(g)","water solute","water",NA,"France",1.41,43.5
"241","(g)","","SRM987",0.71023,"TIMS","bulk water","water",2.4e-05,"inorganic-organic composite : water : water solute","","","","river or stream","other","","1992-05-01T00:00:00Z","field","N. Clauer","nclauer@illite.u-strasbg.fr","","Lacroix Falgarde","","","","","Semhi K, N. Clauer, J.L. Probst, Strontium isotope compositions of river waters as records of lithology-dependent mass transfers: the Garonne river and its tributaries (SW France), Chemical Geology, Volume 168, Issues 3-4, 2000, Pages 173-193",0.129,NA,0.71065,1.4e-05,"unknown","unknown","https://doi.org/10.1016/S0009-2541(00)00226-6","DOI","LIT","(g)","ARDUOUS-12685","(g)","water solute","water",NA,"France",1.41,43.5
"242","(o)","","SRM987",0.71023,"TIMS","bulk water","water",2.4e-05,"inorganic-organic composite : water : water solute","","","","river or stream","other","","1991-10-01T00:00:00Z","field","N. Clauer","nclauer@illite.u-strasbg.fr","","Layrac","","","","","Semhi K, N. Clauer, J.L. Probst, Strontium isotope compositions of river waters as records of lithology-dependent mass transfers: the Garonne river and its tributaries (SW France), Chemical Geology, Volume 168, Issues 3-4, 2000, Pages 173-193",0.132,NA,0.710327,1.4e-05,"unknown","unknown","https://doi.org/10.1016/S0009-2541(00)00226-6","DOI","LIT","(o)","ARDUOUS-12686","(o)","water solute","water",NA,"France",0.67,44.14
"243","(o)","","SRM987",0.71023,"TIMS","bulk water","water",2.4e-05,"inorganic-organic composite : water : water solute","","","","river or stream","other","","1990-07-01T00:00:00Z","field","N. Clauer","nclauer@illite.u-strasbg.fr","","Layrac","","","","","Semhi K, N. Clauer, J.L. Probst, Strontium isotope compositions of river waters as records of lithology-dependent mass transfers: the Garonne river and its tributaries (SW France), Chemical Geology, Volume 168, Issues 3-4, 2000, Pages 173-193",0.133,NA,0.710009,1.4e-05,"unknown","unknown","https://doi.org/10.1016/S0009-2541(00)00226-6","DOI","LIT","(o)","ARDUOUS-12687","(o)","water solute","water",NA,"France",0.67,44.14
"244","(g)","","SRM987",0.71023,"TIMS","bulk water","water",2.4e-05,"inorganic-organic composite : water : water solute","","","","river or stream","other","","1990-08-01T00:00:00Z","field","N. Clauer","nclauer@illite.u-strasbg.fr","","Lacroix Falgarde","","","","","Semhi K, N. Clauer, J.L. Probst, Strontium isotope compositions of river waters as records of lithology-dependent mass transfers: the Garonne river and its tributaries (SW France), Chemical Geology, Volume 168, Issues 3-4, 2000, Pages 173-193",0.133,NA,0.70976,1.4e-05,"unknown","unknown","https://doi.org/10.1016/S0009-2541(00)00226-6","DOI","LIT","(g)","ARDUOUS-12688","(g)","water solute","water",NA,"France",1.41,43.5
"245","(b)","","SRM987",0.71023,"TIMS","bulk water","water",2.4e-05,"inorganic-organic composite : water : water solute","","","","river or stream","other","","1991-05-01T00:00:00Z","field","N. Clauer","nclauer@illite.u-strasbg.fr","","Lamagistere","","","","","Semhi K, N. Clauer, J.L. Probst, Strontium isotope compositions of river waters as records of lithology-dependent mass transfers: the Garonne river and its tributaries (SW France), Chemical Geology, Volume 168, Issues 3-4, 2000, Pages 173-193",0.133,NA,0.71012,1.4e-05,"unknown","unknown","https://doi.org/10.1016/S0009-2541(00)00226-6","DOI","LIT","(b)","ARDUOUS-12689","(b)","water solute","water",NA,"France",0.82,44.12
"246","(c)","","SRM987",0.71023,"TIMS","bulk water","water",2.4e-05,"inorganic-organic composite : water : water solute","","","","river or stream","other","","1991-04-01T00:00:00Z","field","N. Clauer","nclauer@illite.u-strasbg.fr","","Portet","","","","","Semhi K, N. Clauer, J.L. Probst, Strontium isotope compositions of river waters as records of lithology-dependent mass transfers: the Garonne river and its tributaries (SW France), Chemical Geology, Volume 168, Issues 3-4, 2000, Pages 173-193",0.134,NA,0.710246,1.4e-05,"unknown","unknown","https://doi.org/10.1016/S0009-2541(00)00226-6","DOI","LIT","(c)","ARDUOUS-12690","(c)","water solute","water",NA,"France",1.43,43.53
"247","(j)","","SRM987",0.71023,"TIMS","bulk water","water",2.4e-05,"inorganic-organic composite : water : water solute","","","","river or stream","other","","1991-04-01T00:00:00Z","field","N. Clauer","nclauer@illite.u-strasbg.fr","","Loubejac","","","","","Semhi K, N. Clauer, J.L. Probst, Strontium isotope compositions of river waters as records of lithology-dependent mass transfers: the Garonne river and its tributaries (SW France), Chemical Geology, Volume 168, Issues 3-4, 2000, Pages 173-193",0.139,NA,0.710677,1.4e-05,"unknown","unknown","https://doi.org/10.1016/S0009-2541(00)00226-6","DOI","LIT","(j)","ARDUOUS-12691","(j)","water solute","water",NA,"France",1.08,44.59
"248","(o)","","SRM987",0.71023,"TIMS","bulk water","water",2.4e-05,"inorganic-organic composite : water : water solute","","","","river or stream","other","","1991-11-01T00:00:00Z","field","N. Clauer","nclauer@illite.u-strasbg.fr","","Layrac","","","","","Semhi K, N. Clauer, J.L. Probst, Strontium isotope compositions of river waters as records of lithology-dependent mass transfers: the Garonne river and its tributaries (SW France), Chemical Geology, Volume 168, Issues 3-4, 2000, Pages 173-193",0.141,NA,0.710084,1.4e-05,"unknown","unknown","https://doi.org/10.1016/S0009-2541(00)00226-6","DOI","LIT","(o)","ARDUOUS-12692","(o)","water solute","water",NA,"France",0.67,44.14
"249","(c)","","SRM987",0.71023,"TIMS","bulk water","water",2.4e-05,"inorganic-organic composite : water : water solute","","","","river or stream","other","","1991-05-01T00:00:00Z","field","N. Clauer","nclauer@illite.u-strasbg.fr","","Portet","","","","","Semhi K, N. Clauer, J.L. Probst, Strontium isotope compositions of river waters as records of lithology-dependent mass transfers: the Garonne river and its tributaries (SW France), Chemical Geology, Volume 168, Issues 3-4, 2000, Pages 173-193",0.142,NA,0.710047,1.4e-05,"unknown","unknown","https://doi.org/10.1016/S0009-2541(00)00226-6","DOI","LIT","(c)","ARDUOUS-12693","(c)","water solute","water",NA,"France",1.43,43.53
"250","(b)","","SRM987",0.71023,"TIMS","bulk water","water",2.4e-05,"inorganic-organic composite : water : water solute","","","","river or stream","other","","1991-10-01T00:00:00Z","field","N. Clauer","nclauer@illite.u-strasbg.fr","","Lamagistere","","","","","Semhi K, N. Clauer, J.L. Probst, Strontium isotope compositions of river waters as records of lithology-dependent mass transfers: the Garonne river and its tributaries (SW France), Chemical Geology, Volume 168, Issues 3-4, 2000, Pages 173-193",0.144,NA,0.709962,1.4e-05,"unknown","unknown","https://doi.org/10.1016/S0009-2541(00)00226-6","DOI","LIT","(b)","ARDUOUS-12694","(b)","water solute","water",NA,"France",0.82,44.12
"251","(b)","","SRM987",0.71023,"TIMS","bulk water","water",2.4e-05,"inorganic-organic composite : water : water solute","","","","river or stream","other","","1991-11-01T00:00:00Z","field","N. Clauer","nclauer@illite.u-strasbg.fr","","Lamagistere","","","","","Semhi K, N. Clauer, J.L. Probst, Strontium isotope compositions of river waters as records of lithology-dependent mass transfers: the Garonne river and its tributaries (SW France), Chemical Geology, Volume 168, Issues 3-4, 2000, Pages 173-193",0.149,NA,0.709784,1.4e-05,"unknown","unknown","https://doi.org/10.1016/S0009-2541(00)00226-6","DOI","LIT","(b)","ARDUOUS-12695","(b)","water solute","water",NA,"France",0.82,44.12
"252","(h)","","SRM987",0.71023,"TIMS","bulk water","water",2.4e-05,"inorganic-organic composite : water : water solute","","","","river or stream","other","","1992-08-01T00:00:00Z","field","N. Clauer","nclauer@illite.u-strasbg.fr","","Montauban","","","","","Semhi K, N. Clauer, J.L. Probst, Strontium isotope compositions of river waters as records of lithology-dependent mass transfers: the Garonne river and its tributaries (SW France), Chemical Geology, Volume 168, Issues 3-4, 2000, Pages 173-193",0.151,NA,0.70991,1.4e-05,"unknown","unknown","https://doi.org/10.1016/S0009-2541(00)00226-6","DOI","LIT","(h)","ARDUOUS-12696","(h)","water solute","water",NA,"France",1.35,44.02
"253","(c)","","SRM987",0.71023,"TIMS","bulk water","water",2.4e-05,"inorganic-organic composite : water : water solute","","","","river or stream","other","","1992-03-01T00:00:00Z","field","N. Clauer","nclauer@illite.u-strasbg.fr","","Portet","","","","","Semhi K, N. Clauer, J.L. Probst, Strontium isotope compositions of river waters as records of lithology-dependent mass transfers: the Garonne river and its tributaries (SW France), Chemical Geology, Volume 168, Issues 3-4, 2000, Pages 173-193",0.17,NA,0.710015,1.4e-05,"unknown","unknown","https://doi.org/10.1016/S0009-2541(00)00226-6","DOI","LIT","(c)","ARDUOUS-12697","(c)","water solute","water",NA,"France",1.43,43.53
"254","(b)","","SRM987",0.71023,"TIMS","bulk water","water",2.4e-05,"inorganic-organic composite : water : water solute","","","","river or stream","other","","1992-03-01T00:00:00Z","field","N. Clauer","nclauer@illite.u-strasbg.fr","","Lamagistere","","","","","Semhi K, N. Clauer, J.L. Probst, Strontium isotope compositions of river waters as records of lithology-dependent mass transfers: the Garonne river and its tributaries (SW France), Chemical Geology, Volume 168, Issues 3-4, 2000, Pages 173-193",0.173,NA,0.710148,1.4e-05,"unknown","unknown","https://doi.org/10.1016/S0009-2541(00)00226-6","DOI","LIT","(b)","ARDUOUS-12698","(b)","water solute","water",NA,"France",0.82,44.12
"255","(j)","","SRM987",0.71023,"TIMS","bulk water","water",2.4e-05,"inorganic-organic composite : water : water solute","","","","river or stream","other","","1992-07-01T00:00:00Z","field","N. Clauer","nclauer@illite.u-strasbg.fr","","Loubejac","","","","","Semhi K, N. Clauer, J.L. Probst, Strontium isotope compositions of river waters as records of lithology-dependent mass transfers: the Garonne river and its tributaries (SW France), Chemical Geology, Volume 168, Issues 3-4, 2000, Pages 173-193",0.175,NA,0.7105,1.4e-05,"unknown","unknown","https://doi.org/10.1016/S0009-2541(00)00226-6","DOI","LIT","(j)","ARDUOUS-12699","(j)","water solute","water",NA,"France",1.08,44.59
"256","(j)","","SRM987",0.71023,"TIMS","bulk water","water",2.4e-05,"inorganic-organic composite : water : water solute","","","","river or stream","other","","1992-03-01T00:00:00Z","field","N. Clauer","nclauer@illite.u-strasbg.fr","","Loubejac","","","","","Semhi K, N. Clauer, J.L. Probst, Strontium isotope compositions of river waters as records of lithology-dependent mass transfers: the Garonne river and its tributaries (SW France), Chemical Geology, Volume 168, Issues 3-4, 2000, Pages 173-193",0.176,NA,0.710025,1.4e-05,"unknown","unknown","https://doi.org/10.1016/S0009-2541(00)00226-6","DOI","LIT","(j)","ARDUOUS-12700","(j)","water solute","water",NA,"France",1.08,44.59
"257","(g)","","SRM987",0.71023,"TIMS","bulk water","water",2.4e-05,"inorganic-organic composite : water : water solute","","","","river or stream","other","","1992-04-01T00:00:00Z","field","N. Clauer","nclauer@illite.u-strasbg.fr","","Lacroix Falgarde","","","","","Semhi K, N. Clauer, J.L. Probst, Strontium isotope compositions of river waters as records of lithology-dependent mass transfers: the Garonne river and its tributaries (SW France), Chemical Geology, Volume 168, Issues 3-4, 2000, Pages 173-193",0.181,NA,0.70981,1.4e-05,"unknown","unknown","https://doi.org/10.1016/S0009-2541(00)00226-6","DOI","LIT","(g)","ARDUOUS-12701","(g)","water solute","water",NA,"France",1.41,43.5
"258","(j)","","SRM987",0.71023,"TIMS","bulk water","water",2.4e-05,"inorganic-organic composite : water : water solute","","","","river or stream","other","","1990-11-01T00:00:00Z","field","N. Clauer","nclauer@illite.u-strasbg.fr","","Loubejac","","","","","Semhi K, N. Clauer, J.L. Probst, Strontium isotope compositions of river waters as records of lithology-dependent mass transfers: the Garonne river and its tributaries (SW France), Chemical Geology, Volume 168, Issues 3-4, 2000, Pages 173-193",0.182,NA,0.71027,1.4e-05,"unknown","unknown","https://doi.org/10.1016/S0009-2541(00)00226-6","DOI","LIT","(j)","ARDUOUS-12702","(j)","water solute","water",NA,"France",1.08,44.59
"259","(j)","","SRM987",0.71023,"TIMS","bulk water","water",2.4e-05,"inorganic-organic composite : water : water solute","","","","river or stream","other","","1992-05-01T00:00:00Z","field","N. Clauer","nclauer@illite.u-strasbg.fr","","Loubejac","","","","","Semhi K, N. Clauer, J.L. Probst, Strontium isotope compositions of river waters as records of lithology-dependent mass transfers: the Garonne river and its tributaries (SW France), Chemical Geology, Volume 168, Issues 3-4, 2000, Pages 173-193",0.182,NA,0.70994,1.4e-05,"unknown","unknown","https://doi.org/10.1016/S0009-2541(00)00226-6","DOI","LIT","(j)","ARDUOUS-12703","(j)","water solute","water",NA,"France",1.08,44.59
"260","(c)","","SRM987",0.71023,"TIMS","bulk water","water",2.4e-05,"inorganic-organic composite : water : water solute","","","","river or stream","other","","1991-10-01T00:00:00Z","field","N. Clauer","nclauer@illite.u-strasbg.fr","","Portet","","","","","Semhi K, N. Clauer, J.L. Probst, Strontium isotope compositions of river waters as records of lithology-dependent mass transfers: the Garonne river and its tributaries (SW France), Chemical Geology, Volume 168, Issues 3-4, 2000, Pages 173-193",0.185,NA,0.710216,1.4e-05,"unknown","unknown","https://doi.org/10.1016/S0009-2541(00)00226-6","DOI","LIT","(c)","ARDUOUS-12704","(c)","water solute","water",NA,"France",1.43,43.53
"261","(o)","","SRM987",0.71023,"TIMS","bulk water","water",2.4e-05,"inorganic-organic composite : water : water solute","","","","river or stream","other","","1990-08-01T00:00:00Z","field","N. Clauer","nclauer@illite.u-strasbg.fr","","Layrac","","","","","Semhi K, N. Clauer, J.L. Probst, Strontium isotope compositions of river waters as records of lithology-dependent mass transfers: the Garonne river and its tributaries (SW France), Chemical Geology, Volume 168, Issues 3-4, 2000, Pages 173-193",0.187,NA,0.709668,1.4e-05,"unknown","unknown","https://doi.org/10.1016/S0009-2541(00)00226-6","DOI","LIT","(o)","ARDUOUS-12705","(o)","water solute","water",NA,"France",0.67,44.14
"262","(j)","","SRM987",0.71023,"TIMS","bulk water","water",2.4e-05,"inorganic-organic composite : water : water solute","","","","river or stream","other","","1991-05-01T00:00:00Z","field","N. Clauer","nclauer@illite.u-strasbg.fr","","Loubejac","","","","","Semhi K, N. Clauer, J.L. Probst, Strontium isotope compositions of river waters as records of lithology-dependent mass transfers: the Garonne river and its tributaries (SW France), Chemical Geology, Volume 168, Issues 3-4, 2000, Pages 173-193",0.188,NA,0.709691,1.4e-05,"unknown","unknown","https://doi.org/10.1016/S0009-2541(00)00226-6","DOI","LIT","(j)","ARDUOUS-12706","(j)","water solute","water",NA,"France",1.08,44.59
"263","(j)","","SRM987",0.71023,"TIMS","bulk water","water",2.4e-05,"inorganic-organic composite : water : water solute","","","","river or stream","other","","1991-11-01T00:00:00Z","field","N. Clauer","nclauer@illite.u-strasbg.fr","","Loubejac","","","","","Semhi K, N. Clauer, J.L. Probst, Strontium isotope compositions of river waters as records of lithology-dependent mass transfers: the Garonne river and its tributaries (SW France), Chemical Geology, Volume 168, Issues 3-4, 2000, Pages 173-193",0.188,NA,0.70972,1.4e-05,"unknown","unknown","https://doi.org/10.1016/S0009-2541(00)00226-6","DOI","LIT","(j)","ARDUOUS-12707","(j)","water solute","water",NA,"France",1.08,44.59
"264","(j)","","SRM987",0.71023,"TIMS","bulk water","water",2.4e-05,"inorganic-organic composite : water : water solute","","","","river or stream","other","","1990-08-01T00:00:00Z","field","N. Clauer","nclauer@illite.u-strasbg.fr","","Loubejac","","","","","Semhi K, N. Clauer, J.L. Probst, Strontium isotope compositions of river waters as records of lithology-dependent mass transfers: the Garonne river and its tributaries (SW France), Chemical Geology, Volume 168, Issues 3-4, 2000, Pages 173-193",0.208,NA,0.70966,1.4e-05,"unknown","unknown","https://doi.org/10.1016/S0009-2541(00)00226-6","DOI","LIT","(j)","ARDUOUS-12708","(j)","water solute","water",NA,"France",1.08,44.59
"265","(j)","","SRM987",0.71023,"TIMS","bulk water","water",2.4e-05,"inorganic-organic composite : water : water solute","","","","river or stream","other","","1990-07-01T00:00:00Z","field","N. Clauer","nclauer@illite.u-strasbg.fr","","Loubejac","","","","","Semhi K, N. Clauer, J.L. Probst, Strontium isotope compositions of river waters as records of lithology-dependent mass transfers: the Garonne river and its tributaries (SW France), Chemical Geology, Volume 168, Issues 3-4, 2000, Pages 173-193",0.243,NA,0.709401,1.4e-05,"unknown","unknown","https://doi.org/10.1016/S0009-2541(00)00226-6","DOI","LIT","(j)","ARDUOUS-12709","(j)","water solute","water",NA,"France",1.08,44.59
"266","(o)","","SRM987",0.71023,"TIMS","bulk water","water",2.4e-05,"inorganic-organic composite : water : water solute","","","","river or stream","other","","1991-04-01T00:00:00Z","field","N. Clauer","nclauer@illite.u-strasbg.fr","","Layrac","","","","","Semhi K, N. Clauer, J.L. Probst, Strontium isotope compositions of river waters as records of lithology-dependent mass transfers: the Garonne river and its tributaries (SW France), Chemical Geology, Volume 168, Issues 3-4, 2000, Pages 173-193",0.254,NA,0.709397,1.4e-05,"unknown","unknown","https://doi.org/10.1016/S0009-2541(00)00226-6","DOI","LIT","(o)","ARDUOUS-12710","(o)","water solute","water",NA,"France",0.67,44.14
"267","(j)","","SRM987",0.71023,"TIMS","bulk water","water",2.4e-05,"inorganic-organic composite : water : water solute","","","","river or stream","other","","1991-06-01T00:00:00Z","field","N. Clauer","nclauer@illite.u-strasbg.fr","","Loubejac","","","","","Semhi K, N. Clauer, J.L. Probst, Strontium isotope compositions of river waters as records of lithology-dependent mass transfers: the Garonne river and its tributaries (SW France), Chemical Geology, Volume 168, Issues 3-4, 2000, Pages 173-193",0.295,NA,0.70922,1.4e-05,"unknown","unknown","https://doi.org/10.1016/S0009-2541(00)00226-6","DOI","LIT","(j)","ARDUOUS-12711","(j)","water solute","water",NA,"France",1.08,44.59
"268","(j)","","SRM987",0.71023,"TIMS","bulk water","water",2.4e-05,"inorganic-organic composite : water : water solute","","","","river or stream","other","","1991-10-01T00:00:00Z","field","N. Clauer","nclauer@illite.u-strasbg.fr","","Loubejac","","","","","Semhi K, N. Clauer, J.L. Probst, Strontium isotope compositions of river waters as records of lithology-dependent mass transfers: the Garonne river and its tributaries (SW France), Chemical Geology, Volume 168, Issues 3-4, 2000, Pages 173-193",0.305,NA,0.708919,1.4e-05,"unknown","unknown","https://doi.org/10.1016/S0009-2541(00)00226-6","DOI","LIT","(j)","ARDUOUS-12712","(j)","water solute","water",NA,"France",1.08,44.59
"269","(j)","","SRM987",0.71023,"TIMS","bulk water","water",2.4e-05,"inorganic-organic composite : water : water solute","","","","river or stream","other","","1992-08-01T00:00:00Z","field","N. Clauer","nclauer@illite.u-strasbg.fr","","Loubejac","","","","","Semhi K, N. Clauer, J.L. Probst, Strontium isotope compositions of river waters as records of lithology-dependent mass transfers: the Garonne river and its tributaries (SW France), Chemical Geology, Volume 168, Issues 3-4, 2000, Pages 173-193",0.321,NA,0.7089,1.4e-05,"unknown","unknown","https://doi.org/10.1016/S0009-2541(00)00226-6","DOI","LIT","(j)","ARDUOUS-12713","(j)","water solute","water",NA,"France",1.08,44.59
"270","(o)","","SRM987",0.71023,"TIMS","bulk water","water",2.4e-05,"inorganic-organic composite : water : water solute","","","","river or stream","other","","1992-03-01T00:00:00Z","field","N. Clauer","nclauer@illite.u-strasbg.fr","","Layrac","","","","","Semhi K, N. Clauer, J.L. Probst, Strontium isotope compositions of river waters as records of lithology-dependent mass transfers: the Garonne river and its tributaries (SW France), Chemical Geology, Volume 168, Issues 3-4, 2000, Pages 173-193",0.363,NA,0.709399,1.4e-05,"unknown","unknown","https://doi.org/10.1016/S0009-2541(00)00226-6","DOI","LIT","(o)","ARDUOUS-12714","(o)","water solute","water",NA,"France",0.67,44.14
"271","(o)","","SRM987",0.71023,"TIMS","bulk water","water",2.4e-05,"inorganic-organic composite : water : water solute","","","","river or stream","other","","1991-05-01T00:00:00Z","field","N. Clauer","nclauer@illite.u-strasbg.fr","","Layrac","","","","","Semhi K, N. Clauer, J.L. Probst, Strontium isotope compositions of river waters as records of lithology-dependent mass transfers: the Garonne river and its tributaries (SW France), Chemical Geology, Volume 168, Issues 3-4, 2000, Pages 173-193",0.382,NA,0.709397,1.4e-05,"unknown","unknown","https://doi.org/10.1016/S0009-2541(00)00226-6","DOI","LIT","(o)","ARDUOUS-12715","(o)","water solute","water",NA,"France",0.67,44.14
"272","(o)","","SRM987",0.71023,"TIMS","bulk water","water",2.4e-05,"inorganic-organic composite : water : water solute","","","","river or stream","other","","1990-11-01T00:00:00Z","field","N. Clauer","nclauer@illite.u-strasbg.fr","","Layrac","","","","","Semhi K, N. Clauer, J.L. Probst, Strontium isotope compositions of river waters as records of lithology-dependent mass transfers: the Garonne river and its tributaries (SW France), Chemical Geology, Volume 168, Issues 3-4, 2000, Pages 173-193",0.383,NA,0.709482,1.4e-05,"unknown","unknown","https://doi.org/10.1016/S0009-2541(00)00226-6","DOI","LIT","(o)","ARDUOUS-12716","(o)","water solute","water",NA,"France",0.67,44.14
"273","(l)","","SRM987",0.71023,"TIMS","bulk water","water",2.4e-05,"inorganic-organic composite : water : water solute","","","","river or stream","other","","1992-07-01T00:00:00Z","field","N. Clauer","nclauer@illite.u-strasbg.fr","","","","","","","Semhi K, N. Clauer, J.L. Probst, Strontium isotope compositions of river waters as records of lithology-dependent mass transfers: the Garonne river and its tributaries (SW France), Chemical Geology, Volume 168, Issues 3-4, 2000, Pages 173-193",0.048,NA,0.70924,1.4e-05,"unknown","unknown","https://doi.org/10.1016/S0009-2541(00)00226-6","DOI","LIT","(l)","ARDUOUS-12717","(l)","water solute","water",NA,"France",2.58,44.66
"274","(l)","","SRM987",0.71023,"TIMS","bulk water","water",2.4e-05,"inorganic-organic composite : water : water solute","","","","river or stream","other","","1992-08-01T00:00:00Z","field","N. Clauer","nclauer@illite.u-strasbg.fr","","","","","","","Semhi K, N. Clauer, J.L. Probst, Strontium isotope compositions of river waters as records of lithology-dependent mass transfers: the Garonne river and its tributaries (SW France), Chemical Geology, Volume 168, Issues 3-4, 2000, Pages 173-193",0.051,NA,0.70895,1.4e-05,"unknown","unknown","https://doi.org/10.1016/S0009-2541(00)00226-6","DOI","LIT","(l)","ARDUOUS-12718","(l)","water solute","water",NA,"France",2.58,44.66
"275","(l)","","SRM987",0.71023,"TIMS","bulk water","water",2.4e-05,"inorganic-organic composite : water : water solute","","","","river or stream","other","","1992-03-01T00:00:00Z","field","N. Clauer","nclauer@illite.u-strasbg.fr","","","","","","","Semhi K, N. Clauer, J.L. Probst, Strontium isotope compositions of river waters as records of lithology-dependent mass transfers: the Garonne river and its tributaries (SW France), Chemical Geology, Volume 168, Issues 3-4, 2000, Pages 173-193",0.052,NA,0.70844,1.4e-05,"unknown","unknown","https://doi.org/10.1016/S0009-2541(00)00226-6","DOI","LIT","(l)","ARDUOUS-12719","(l)","water solute","water",NA,"France",2.58,44.66
"276","(l)","","SRM987",0.71023,"TIMS","bulk water","water",2.4e-05,"inorganic-organic composite : water : water solute","","","","river or stream","other","","1992-06-01T00:00:00Z","field","N. Clauer","nclauer@illite.u-strasbg.fr","","","","","","","Semhi K, N. Clauer, J.L. Probst, Strontium isotope compositions of river waters as records of lithology-dependent mass transfers: the Garonne river and its tributaries (SW France), Chemical Geology, Volume 168, Issues 3-4, 2000, Pages 173-193",0.052,NA,0.70845,1.4e-05,"unknown","unknown","https://doi.org/10.1016/S0009-2541(00)00226-6","DOI","LIT","(l)","ARDUOUS-12720","(l)","water solute","water",NA,"France",2.58,44.66
"277","(l)","","SRM987",0.71023,"TIMS","bulk water","water",2.4e-05,"inorganic-organic composite : water : water solute","","","","river or stream","other","","1991-10-01T00:00:00Z","field","N. Clauer","nclauer@illite.u-strasbg.fr","","","","","","","Semhi K, N. Clauer, J.L. Probst, Strontium isotope compositions of river waters as records of lithology-dependent mass transfers: the Garonne river and its tributaries (SW France), Chemical Geology, Volume 168, Issues 3-4, 2000, Pages 173-193",0.053,NA,0.70906,1.4e-05,"unknown","unknown","https://doi.org/10.1016/S0009-2541(00)00226-6","DOI","LIT","(l)","ARDUOUS-12721","(l)","water solute","water",NA,"France",2.58,44.66
"278","(n)","","SRM987",0.71023,"TIMS","bulk water","water",2.4e-05,"inorganic-organic composite : water : water solute","","","","river or stream","other","","1992-04-01T00:00:00Z","field","N. Clauer","nclauer@illite.u-strasbg.fr","","upstream","","","","","Semhi K, N. Clauer, J.L. Probst, Strontium isotope compositions of river waters as records of lithology-dependent mass transfers: the Garonne river and its tributaries (SW France), Chemical Geology, Volume 168, Issues 3-4, 2000, Pages 173-193",0.053,NA,0.71026,1.4e-05,"unknown","unknown","https://doi.org/10.1016/S0009-2541(00)00226-6","DOI","LIT","(n)","ARDUOUS-12722","(n)","water solute","water",NA,"France",2.58,44.64
"279","(l)","","SRM987",0.71023,"TIMS","bulk water","water",2.4e-05,"inorganic-organic composite : water : water solute","","","","river or stream","other","","1992-09-01T00:00:00Z","field","N. Clauer","nclauer@illite.u-strasbg.fr","","","","","","","Semhi K, N. Clauer, J.L. Probst, Strontium isotope compositions of river waters as records of lithology-dependent mass transfers: the Garonne river and its tributaries (SW France), Chemical Geology, Volume 168, Issues 3-4, 2000, Pages 173-193",0.053,NA,0.70935,1.4e-05,"unknown","unknown","https://doi.org/10.1016/S0009-2541(00)00226-6","DOI","LIT","(l)","ARDUOUS-12723","(l)","water solute","water",NA,"France",2.58,44.66
"280","(l)","","SRM987",0.71023,"TIMS","bulk water","water",2.4e-05,"inorganic-organic composite : water : water solute","","","","river or stream","other","","1992-04-01T00:00:00Z","field","N. Clauer","nclauer@illite.u-strasbg.fr","","","","","","","Semhi K, N. Clauer, J.L. Probst, Strontium isotope compositions of river waters as records of lithology-dependent mass transfers: the Garonne river and its tributaries (SW France), Chemical Geology, Volume 168, Issues 3-4, 2000, Pages 173-193",0.054,NA,0.708,1.4e-05,"unknown","unknown","https://doi.org/10.1016/S0009-2541(00)00226-6","DOI","LIT","(l)","ARDUOUS-12724","(l)","water solute","water",NA,"France",2.58,44.66
"281","(l)","","SRM987",0.71023,"TIMS","bulk water","water",2.4e-05,"inorganic-organic composite : water : water solute","","","","river or stream","other","","1991-11-01T00:00:00Z","field","N. Clauer","nclauer@illite.u-strasbg.fr","","","","","","","Semhi K, N. Clauer, J.L. Probst, Strontium isotope compositions of river waters as records of lithology-dependent mass transfers: the Garonne river and its tributaries (SW France), Chemical Geology, Volume 168, Issues 3-4, 2000, Pages 173-193",0.055,NA,0.70857,1.4e-05,"unknown","unknown","https://doi.org/10.1016/S0009-2541(00)00226-6","DOI","LIT","(l)","ARDUOUS-12725","(l)","water solute","water",NA,"France",2.58,44.66
"282","(n)","","SRM987",0.71023,"TIMS","bulk water","water",2.4e-05,"inorganic-organic composite : water : water solute","","","","river or stream","other","","1991-11-01T00:00:00Z","field","N. Clauer","nclauer@illite.u-strasbg.fr","","upstream","","","","","Semhi K, N. Clauer, J.L. Probst, Strontium isotope compositions of river waters as records of lithology-dependent mass transfers: the Garonne river and its tributaries (SW France), Chemical Geology, Volume 168, Issues 3-4, 2000, Pages 173-193",0.055,NA,0.70994,1.4e-05,"unknown","unknown","https://doi.org/10.1016/S0009-2541(00)00226-6","DOI","LIT","(n)","ARDUOUS-12726","(n)","water solute","water",NA,"France",2.58,44.64
"283","(k)","","SRM987",0.71023,"TIMS","bulk water","water",2.4e-05,"inorganic-organic composite : water : water solute","","","","river or stream","other","","1991-05-01T00:00:00Z","field","N. Clauer","nclauer@illite.u-strasbg.fr","","Villeneuve","","","","","Semhi K, N. Clauer, J.L. Probst, Strontium isotope compositions of river waters as records of lithology-dependent mass transfers: the Garonne river and its tributaries (SW France), Chemical Geology, Volume 168, Issues 3-4, 2000, Pages 173-193",0.056,NA,0.70915,1.4e-05,"unknown","unknown","https://doi.org/10.1016/S0009-2541(00)00226-6","DOI","LIT","(k)","ARDUOUS-12727","(k)","water solute","water",NA,"France",0.7,44.41
"284","(k)","","SRM987",0.71023,"TIMS","bulk water","water",2.4e-05,"inorganic-organic composite : water : water solute","","","","river or stream","other","","1990-11-01T00:00:00Z","field","N. Clauer","nclauer@illite.u-strasbg.fr","","Villeneuve","","","","","Semhi K, N. Clauer, J.L. Probst, Strontium isotope compositions of river waters as records of lithology-dependent mass transfers: the Garonne river and its tributaries (SW France), Chemical Geology, Volume 168, Issues 3-4, 2000, Pages 173-193",0.061,NA,0.70947,1.4e-05,"unknown","unknown","https://doi.org/10.1016/S0009-2541(00)00226-6","DOI","LIT","(k)","ARDUOUS-12728","(k)","water solute","water",NA,"France",0.7,44.41
"285","(f)","","SRM987",0.71023,"TIMS","bulk water","water",2.4e-05,"inorganic-organic composite : water : water solute","","","","river or stream","other","","1992-05-01T00:00:00Z","field","N. Clauer","nclauer@illite.u-strasbg.fr","","Salat","","","","","Semhi K, N. Clauer, J.L. Probst, Strontium isotope compositions of river waters as records of lithology-dependent mass transfers: the Garonne river and its tributaries (SW France), Chemical Geology, Volume 168, Issues 3-4, 2000, Pages 173-193",0.062,NA,0.70997,1.4e-05,"unknown","unknown","https://doi.org/10.1016/S0009-2541(00)00226-6","DOI","LIT","(f)","ARDUOUS-12729","(f)","water solute","water",NA,"France",1.13,42.98
"286","(f)","","SRM987",0.71023,"TIMS","bulk water","water",2.4e-05,"inorganic-organic composite : water : water solute","","","","river or stream","other","","1992-07-01T00:00:00Z","field","N. Clauer","nclauer@illite.u-strasbg.fr","","Salat","","","","","Semhi K, N. Clauer, J.L. Probst, Strontium isotope compositions of river waters as records of lithology-dependent mass transfers: the Garonne river and its tributaries (SW France), Chemical Geology, Volume 168, Issues 3-4, 2000, Pages 173-193",0.062,NA,0.70997,1.4e-05,"unknown","unknown","https://doi.org/10.1016/S0009-2541(00)00226-6","DOI","LIT","(f)","ARDUOUS-12730","(f)","water solute","water",NA,"France",1.13,42.98
"287","(n)","","SRM987",0.71023,"TIMS","bulk water","water",2.4e-05,"inorganic-organic composite : water : water solute","","","","river or stream","other","","1992-07-01T00:00:00Z","field","N. Clauer","nclauer@illite.u-strasbg.fr","","upstream","","","","","Semhi K, N. Clauer, J.L. Probst, Strontium isotope compositions of river waters as records of lithology-dependent mass transfers: the Garonne river and its tributaries (SW France), Chemical Geology, Volume 168, Issues 3-4, 2000, Pages 173-193",0.062,NA,0.71099,1.4e-05,"unknown","unknown","https://doi.org/10.1016/S0009-2541(00)00226-6","DOI","LIT","(n)","ARDUOUS-12731","(n)","water solute","water",NA,"France",2.58,44.64
"288","(n)","","SRM987",0.71023,"TIMS","bulk water","water",2.4e-05,"inorganic-organic composite : water : water solute","","","","river or stream","other","","1992-08-01T00:00:00Z","field","N. Clauer","nclauer@illite.u-strasbg.fr","","upstream","","","","","Semhi K, N. Clauer, J.L. Probst, Strontium isotope compositions of river waters as records of lithology-dependent mass transfers: the Garonne river and its tributaries (SW France), Chemical Geology, Volume 168, Issues 3-4, 2000, Pages 173-193",0.063,NA,0.7107,1.4e-05,"unknown","unknown","https://doi.org/10.1016/S0009-2541(00)00226-6","DOI","LIT","(n)","ARDUOUS-12732","(n)","water solute","water",NA,"France",2.58,44.64
"289","(n)","","SRM987",0.71023,"TIMS","bulk water","water",2.4e-05,"inorganic-organic composite : water : water solute","","","","river or stream","other","","1992-06-01T00:00:00Z","field","N. Clauer","nclauer@illite.u-strasbg.fr","","upstream","","","","","Semhi K, N. Clauer, J.L. Probst, Strontium isotope compositions of river waters as records of lithology-dependent mass transfers: the Garonne river and its tributaries (SW France), Chemical Geology, Volume 168, Issues 3-4, 2000, Pages 173-193",0.064,NA,0.71038,1.4e-05,"unknown","unknown","https://doi.org/10.1016/S0009-2541(00)00226-6","DOI","LIT","(n)","ARDUOUS-12733","(n)","water solute","water",NA,"France",2.58,44.64
"290","(n)","","SRM987",0.71023,"TIMS","bulk water","water",2.4e-05,"inorganic-organic composite : water : water solute","","","","river or stream","other","","1991-10-01T00:00:00Z","field","N. Clauer","nclauer@illite.u-strasbg.fr","","upstream","","","","","Semhi K, N. Clauer, J.L. Probst, Strontium isotope compositions of river waters as records of lithology-dependent mass transfers: the Garonne river and its tributaries (SW France), Chemical Geology, Volume 168, Issues 3-4, 2000, Pages 173-193",0.067,NA,0.7104,1.4e-05,"unknown","unknown","https://doi.org/10.1016/S0009-2541(00)00226-6","DOI","LIT","(n)","ARDUOUS-12734","(n)","water solute","water",NA,"France",2.58,44.64
"291","(n)","","SRM987",0.71023,"TIMS","bulk water","water",2.4e-05,"inorganic-organic composite : water : water solute","","","","river or stream","other","","1992-03-01T00:00:00Z","field","N. Clauer","nclauer@illite.u-strasbg.fr","","upstream","","","","","Semhi K, N. Clauer, J.L. Probst, Strontium isotope compositions of river waters as records of lithology-dependent mass transfers: the Garonne river and its tributaries (SW France), Chemical Geology, Volume 168, Issues 3-4, 2000, Pages 173-193",0.067,NA,0.71003,1.4e-05,"unknown","unknown","https://doi.org/10.1016/S0009-2541(00)00226-6","DOI","LIT","(n)","ARDUOUS-12735","(n)","water solute","water",NA,"France",2.58,44.64
"292","(d)","","SRM987",0.71023,"TIMS","bulk water","water",2.4e-05,"inorganic-organic composite : water : water solute","","","","river or stream","other","","1990-05-01T00:00:00Z","field","N. Clauer","nclauer@illite.u-strasbg.fr","","Valentine","","","","","Semhi K, N. Clauer, J.L. Probst, Strontium isotope compositions of river waters as records of lithology-dependent mass transfers: the Garonne river and its tributaries (SW France), Chemical Geology, Volume 168, Issues 3-4, 2000, Pages 173-193",0.06798,NA,0.711365,1.4e-05,"unknown","unknown","https://doi.org/10.1016/S0009-2541(00)00226-6","DOI","LIT","(d)","ARDUOUS-12736","(d)","water solute","water",NA,"France",0.71,43.1
"293","(g)","","SRM987",0.71023,"TIMS","bulk water","water",2.4e-05,"inorganic-organic composite : water : water solute","","","","river or stream","other","","1990-10-01T00:00:00Z","field","N. Clauer","nclauer@illite.u-strasbg.fr","","Lacroix Falgarde","","","","","Semhi K, N. Clauer, J.L. Probst, Strontium isotope compositions of river waters as records of lithology-dependent mass transfers: the Garonne river and its tributaries (SW France), Chemical Geology, Volume 168, Issues 3-4, 2000, Pages 173-193",0.07,NA,0.711145,1.4e-05,"unknown","unknown","https://doi.org/10.1016/S0009-2541(00)00226-6","DOI","LIT","(g)","ARDUOUS-12737","(g)","water solute","water",NA,"France",1.41,43.5
"294","(k)","","SRM987",0.71023,"TIMS","bulk water","water",2.4e-05,"inorganic-organic composite : water : water solute","","","","river or stream","other","","1991-04-01T00:00:00Z","field","N. Clauer","nclauer@illite.u-strasbg.fr","","Villeneuve","","","","","Semhi K, N. Clauer, J.L. Probst, Strontium isotope compositions of river waters as records of lithology-dependent mass transfers: the Garonne river and its tributaries (SW France), Chemical Geology, Volume 168, Issues 3-4, 2000, Pages 173-193",0.071,NA,0.70955,1.4e-05,"unknown","unknown","https://doi.org/10.1016/S0009-2541(00)00226-6","DOI","LIT","(k)","ARDUOUS-12738","(k)","water solute","water",NA,"France",0.7,44.41
"295","(e)","","SRM987",0.71023,"TIMS","bulk water","water",2.4e-05,"inorganic-organic composite : water : water solute","","","","river or stream","other","","1991-11-01T00:00:00Z","field","N. Clauer","nclauer@illite.u-strasbg.fr","","Plan d'Arem","","","","","Semhi K, N. Clauer, J.L. Probst, Strontium isotope compositions of river waters as records of lithology-dependent mass transfers: the Garonne river and its tributaries (SW France), Chemical Geology, Volume 168, Issues 3-4, 2000, Pages 173-193",0.071,NA,0.713246,1.4e-05,"unknown","unknown","https://doi.org/10.1016/S0009-2541(00)00226-6","DOI","LIT","(e)","ARDUOUS-12739","(e)","water solute","water",NA,"France",0.64,42.96
"296","(k)","","SRM987",0.71023,"TIMS","bulk water","water",2.4e-05,"inorganic-organic composite : water : water solute","","","","river or stream","other","","1992-06-01T00:00:00Z","field","N. Clauer","nclauer@illite.u-strasbg.fr","","Villeneuve","","","","","Semhi K, N. Clauer, J.L. Probst, Strontium isotope compositions of river waters as records of lithology-dependent mass transfers: the Garonne river and its tributaries (SW France), Chemical Geology, Volume 168, Issues 3-4, 2000, Pages 173-193",0.073,NA,0.70968,1.4e-05,"unknown","unknown","https://doi.org/10.1016/S0009-2541(00)00226-6","DOI","LIT","(k)","ARDUOUS-12740","(k)","water solute","water",NA,"France",0.7,44.41
"297","(d)","","SRM987",0.71023,"TIMS","bulk water","water",2.4e-05,"inorganic-organic composite : water : water solute","","","","river or stream","other","","1990-10-01T00:00:00Z","field","N. Clauer","nclauer@illite.u-strasbg.fr","","Valentine","","","","","Semhi K, N. Clauer, J.L. Probst, Strontium isotope compositions of river waters as records of lithology-dependent mass transfers: the Garonne river and its tributaries (SW France), Chemical Geology, Volume 168, Issues 3-4, 2000, Pages 173-193",0.074,NA,0.71187,1.4e-05,"unknown","unknown","https://doi.org/10.1016/S0009-2541(00)00226-6","DOI","LIT","(d)","ARDUOUS-12741","(d)","water solute","water",NA,"France",0.71,43.1
"298","(d)","","SRM987",0.71023,"TIMS","bulk water","water",2.4e-05,"inorganic-organic composite : water : water solute","","","","river or stream","other","","1991-05-01T00:00:00Z","field","N. Clauer","nclauer@illite.u-strasbg.fr","","Valentine","","","","","Semhi K, N. Clauer, J.L. Probst, Strontium isotope compositions of river waters as records of lithology-dependent mass transfers: the Garonne river and its tributaries (SW France), Chemical Geology, Volume 168, Issues 3-4, 2000, Pages 173-193",0.079,NA,0.711456,1.4e-05,"unknown","unknown","https://doi.org/10.1016/S0009-2541(00)00226-6","DOI","LIT","(d)","ARDUOUS-12742","(d)","water solute","water",NA,"France",0.71,43.1
"299","(c)","","SRM987",0.71023,"TIMS","bulk water","water",2.4e-05,"inorganic-organic composite : water : water solute","","","","river or stream","other","","1991-06-01T00:00:00Z","field","N. Clauer","nclauer@illite.u-strasbg.fr","","Portet","","","","","Semhi K, N. Clauer, J.L. Probst, Strontium isotope compositions of river waters as records of lithology-dependent mass transfers: the Garonne river and its tributaries (SW France), Chemical Geology, Volume 168, Issues 3-4, 2000, Pages 173-193",0.079,NA,0.710433,1.4e-05,"unknown","unknown","https://doi.org/10.1016/S0009-2541(00)00226-6","DOI","LIT","(c)","ARDUOUS-12743","(c)","water solute","water",NA,"France",1.43,43.53
"300","(k)","","SRM987",0.71023,"TIMS","bulk water","water",2.4e-05,"inorganic-organic composite : water : water solute","","","","river or stream","other","","1990-07-01T00:00:00Z","field","N. Clauer","nclauer@illite.u-strasbg.fr","","Villeneuve","","","","","Semhi K, N. Clauer, J.L. Probst, Strontium isotope compositions of river waters as records of lithology-dependent mass transfers: the Garonne river and its tributaries (SW France), Chemical Geology, Volume 168, Issues 3-4, 2000, Pages 173-193",0.08,NA,0.71007,1.4e-05,"unknown","unknown","https://doi.org/10.1016/S0009-2541(00)00226-6","DOI","LIT","(k)","ARDUOUS-12744","(k)","water solute","water",NA,"France",0.7,44.41
"301","(n)","","SRM987",0.71023,"TIMS","bulk water","water",2.4e-05,"inorganic-organic composite : water : water solute","","","","river or stream","other","","1992-09-01T00:00:00Z","field","N. Clauer","nclauer@illite.u-strasbg.fr","","upstream","","","","","Semhi K, N. Clauer, J.L. Probst, Strontium isotope compositions of river waters as records of lithology-dependent mass transfers: the Garonne river and its tributaries (SW France), Chemical Geology, Volume 168, Issues 3-4, 2000, Pages 173-193",0.08,NA,0.7105,1.4e-05,"unknown","unknown","https://doi.org/10.1016/S0009-2541(00)00226-6","DOI","LIT","(n)","ARDUOUS-12745","(n)","water solute","water",NA,"France",2.58,44.64
"302","(k)","","SRM987",0.71023,"TIMS","bulk water","water",2.4e-05,"inorganic-organic composite : water : water solute","","","","river or stream","other","","1990-08-01T00:00:00Z","field","N. Clauer","nclauer@illite.u-strasbg.fr","","Villeneuve","","","","","Semhi K, N. Clauer, J.L. Probst, Strontium isotope compositions of river waters as records of lithology-dependent mass transfers: the Garonne river and its tributaries (SW France), Chemical Geology, Volume 168, Issues 3-4, 2000, Pages 173-193",0.081,NA,0.70996,1.4e-05,"unknown","unknown","https://doi.org/10.1016/S0009-2541(00)00226-6","DOI","LIT","(k)","ARDUOUS-12746","(k)","water solute","water",NA,"France",0.7,44.41
"303","(k)","","SRM987",0.71023,"TIMS","bulk water","water",2.4e-05,"inorganic-organic composite : water : water solute","","","","river or stream","other","","1992-07-01T00:00:00Z","field","N. Clauer","nclauer@illite.u-strasbg.fr","","Villeneuve","","","","","Semhi K, N. Clauer, J.L. Probst, Strontium isotope compositions of river waters as records of lithology-dependent mass transfers: the Garonne river and its tributaries (SW France), Chemical Geology, Volume 168, Issues 3-4, 2000, Pages 173-193",0.081,NA,0.70955,1.4e-05,"unknown","unknown","https://doi.org/10.1016/S0009-2541(00)00226-6","DOI","LIT","(k)","ARDUOUS-12747","(k)","water solute","water",NA,"France",0.7,44.41
"304","(k)","","SRM987",0.71023,"TIMS","bulk water","water",2.4e-05,"inorganic-organic composite : water : water solute","","","","river or stream","other","","1992-05-01T00:00:00Z","field","N. Clauer","nclauer@illite.u-strasbg.fr","","Villeneuve","","","","","Semhi K, N. Clauer, J.L. Probst, Strontium isotope compositions of river waters as records of lithology-dependent mass transfers: the Garonne river and its tributaries (SW France), Chemical Geology, Volume 168, Issues 3-4, 2000, Pages 173-193",0.082,NA,0.70917,1.4e-05,"unknown","unknown","https://doi.org/10.1016/S0009-2541(00)00226-6","DOI","LIT","(k)","ARDUOUS-12748","(k)","water solute","water",NA,"France",0.7,44.41
"305","(g)","","SRM987",0.71023,"TIMS","bulk water","water",2.4e-05,"inorganic-organic composite : water : water solute","","","","river or stream","other","","1990-05-01T00:00:00Z","field","N. Clauer","nclauer@illite.u-strasbg.fr","","Lacroix Falgarde","","","","","Semhi K, N. Clauer, J.L. Probst, Strontium isotope compositions of river waters as records of lithology-dependent mass transfers: the Garonne river and its tributaries (SW France), Chemical Geology, Volume 168, Issues 3-4, 2000, Pages 173-193",0.083,NA,0.710698,1.4e-05,"unknown","unknown","https://doi.org/10.1016/S0009-2541(00)00226-6","DOI","LIT","(g)","ARDUOUS-12749","(g)","water solute","water",NA,"France",1.41,43.5
"306","(d)","","SRM987",0.71023,"TIMS","bulk water","water",2.4e-05,"inorganic-organic composite : water : water solute","","","","river or stream","other","","1990-06-01T00:00:00Z","field","N. Clauer","nclauer@illite.u-strasbg.fr","","Valentine","","","","","Semhi K, N. Clauer, J.L. Probst, Strontium isotope compositions of river waters as records of lithology-dependent mass transfers: the Garonne river and its tributaries (SW France), Chemical Geology, Volume 168, Issues 3-4, 2000, Pages 173-193",0.08398,NA,0.711397,1.4e-05,"unknown","unknown","https://doi.org/10.1016/S0009-2541(00)00226-6","DOI","LIT","(d)","ARDUOUS-12750","(d)","water solute","water",NA,"France",0.71,43.1
"307","(g)","","SRM987",0.71023,"TIMS","bulk water","water",2.4e-05,"inorganic-organic composite : water : water solute","","","","river or stream","other","","1990-09-01T00:00:00Z","field","N. Clauer","nclauer@illite.u-strasbg.fr","","Lacroix Falgarde","","","","","Semhi K, N. Clauer, J.L. Probst, Strontium isotope compositions of river waters as records of lithology-dependent mass transfers: the Garonne river and its tributaries (SW France), Chemical Geology, Volume 168, Issues 3-4, 2000, Pages 173-193",0.084,NA,0.710675,1.4e-05,"unknown","unknown","https://doi.org/10.1016/S0009-2541(00)00226-6","DOI","LIT","(g)","ARDUOUS-12751","(g)","water solute","water",NA,"France",1.41,43.5
"308","(h)","","SRM987",0.71023,"TIMS","bulk water","water",2.4e-05,"inorganic-organic composite : water : water solute","","","","river or stream","other","","1990-11-01T00:00:00Z","field","N. Clauer","nclauer@illite.u-strasbg.fr","","Montauban","","","","","Semhi K, N. Clauer, J.L. Probst, Strontium isotope compositions of river waters as records of lithology-dependent mass transfers: the Garonne river and its tributaries (SW France), Chemical Geology, Volume 168, Issues 3-4, 2000, Pages 173-193",0.084,NA,0.709664,1.4e-05,"unknown","unknown","https://doi.org/10.1016/S0009-2541(00)00226-6","DOI","LIT","(h)","ARDUOUS-12752","(h)","water solute","water",NA,"France",1.35,44.02
"309","(f)","","SRM987",0.71023,"TIMS","bulk water","water",2.4e-05,"inorganic-organic composite : water : water solute","","","","river or stream","other","","1991-11-01T00:00:00Z","field","N. Clauer","nclauer@illite.u-strasbg.fr","","Salat","","","","","Semhi K, N. Clauer, J.L. Probst, Strontium isotope compositions of river waters as records of lithology-dependent mass transfers: the Garonne river and its tributaries (SW France), Chemical Geology, Volume 168, Issues 3-4, 2000, Pages 173-193",0.084,NA,0.70983,1.4e-05,"unknown","unknown","https://doi.org/10.1016/S0009-2541(00)00226-6","DOI","LIT","(f)","ARDUOUS-12753","(f)","water solute","water",NA,"France",1.13,42.98
"310","(e)","","SRM987",0.71023,"TIMS","bulk water","water",2.4e-05,"inorganic-organic composite : water : water solute","","","","river or stream","other","","1992-02-01T00:00:00Z","field","N. Clauer","nclauer@illite.u-strasbg.fr","","Plan d'Arem","","","","","Semhi K, N. Clauer, J.L. Probst, Strontium isotope compositions of river waters as records of lithology-dependent mass transfers: the Garonne river and its tributaries (SW France), Chemical Geology, Volume 168, Issues 3-4, 2000, Pages 173-193",0.087,NA,0.712902,1.4e-05,"unknown","unknown","https://doi.org/10.1016/S0009-2541(00)00226-6","DOI","LIT","(e)","ARDUOUS-12754","(e)","water solute","water",NA,"France",0.64,42.96
"311","(f)","","SRM987",0.71023,"TIMS","bulk water","water",2.4e-05,"inorganic-organic composite : water : water solute","","","","river or stream","other","","1992-09-01T00:00:00Z","field","N. Clauer","nclauer@illite.u-strasbg.fr","","Salat","","","","","Semhi K, N. Clauer, J.L. Probst, Strontium isotope compositions of river waters as records of lithology-dependent mass transfers: the Garonne river and its tributaries (SW France), Chemical Geology, Volume 168, Issues 3-4, 2000, Pages 173-193",0.087,NA,0.7099,1.4e-05,"unknown","unknown","https://doi.org/10.1016/S0009-2541(00)00226-6","DOI","LIT","(f)","ARDUOUS-12755","(f)","water solute","water",NA,"France",1.13,42.98
"312","(d)","","SRM987",0.71023,"TIMS","bulk water","water",2.4e-05,"inorganic-organic composite : water : water solute","","","","river or stream","other","","1991-04-01T00:00:00Z","field","N. Clauer","nclauer@illite.u-strasbg.fr","","Valentine","","","","","Semhi K, N. Clauer, J.L. Probst, Strontium isotope compositions of river waters as records of lithology-dependent mass transfers: the Garonne river and its tributaries (SW France), Chemical Geology, Volume 168, Issues 3-4, 2000, Pages 173-193",0.088,NA,0.711283,1.4e-05,"unknown","unknown","https://doi.org/10.1016/S0009-2541(00)00226-6","DOI","LIT","(d)","ARDUOUS-12756","(d)","water solute","water",NA,"France",0.71,43.1
"313","(h)","","SRM987",0.71023,"TIMS","bulk water","water",2.4e-05,"inorganic-organic composite : water : water solute","","","","river or stream","other","","1992-03-01T00:00:00Z","field","N. Clauer","nclauer@illite.u-strasbg.fr","","Montauban","","","","","Semhi K, N. Clauer, J.L. Probst, Strontium isotope compositions of river waters as records of lithology-dependent mass transfers: the Garonne river and its tributaries (SW France), Chemical Geology, Volume 168, Issues 3-4, 2000, Pages 173-193",0.088,NA,0.710683,1.4e-05,"unknown","unknown","https://doi.org/10.1016/S0009-2541(00)00226-6","DOI","LIT","(h)","ARDUOUS-12757","(h)","water solute","water",NA,"France",1.35,44.02
"314","(e)","","SRM987",0.71023,"TIMS","bulk water","water",2.4e-05,"inorganic-organic composite : water : water solute","","","","river or stream","other","","1991-10-01T00:00:00Z","field","N. Clauer","nclauer@illite.u-strasbg.fr","","Plan d'Arem","","","","","Semhi K, N. Clauer, J.L. Probst, Strontium isotope compositions of river waters as records of lithology-dependent mass transfers: the Garonne river and its tributaries (SW France), Chemical Geology, Volume 168, Issues 3-4, 2000, Pages 173-193",0.089,NA,0.712362,1.4e-05,"unknown","unknown","https://doi.org/10.1016/S0009-2541(00)00226-6","DOI","LIT","(e)","ARDUOUS-12758","(e)","water solute","water",NA,"France",0.64,42.96
"315","(k)","","SRM987",0.71023,"TIMS","bulk water","water",2.4e-05,"inorganic-organic composite : water : water solute","","","","river or stream","other","","1991-11-01T00:00:00Z","field","N. Clauer","nclauer@illite.u-strasbg.fr","","Villeneuve","","","","","Semhi K, N. Clauer, J.L. Probst, Strontium isotope compositions of river waters as records of lithology-dependent mass transfers: the Garonne river and its tributaries (SW France), Chemical Geology, Volume 168, Issues 3-4, 2000, Pages 173-193",0.089,NA,0.70934,1.4e-05,"unknown","unknown","https://doi.org/10.1016/S0009-2541(00)00226-6","DOI","LIT","(k)","ARDUOUS-12759","(k)","water solute","water",NA,"France",0.7,44.41
"316","(d)","","SRM987",0.71023,"TIMS","bulk water","water",2.4e-05,"inorganic-organic composite : water : water solute","","","","river or stream","other","","1990-11-01T00:00:00Z","field","N. Clauer","nclauer@illite.u-strasbg.fr","","Valentine","","","","","Semhi K, N. Clauer, J.L. Probst, Strontium isotope compositions of river waters as records of lithology-dependent mass transfers: the Garonne river and its tributaries (SW France), Chemical Geology, Volume 168, Issues 3-4, 2000, Pages 173-193",0.094,NA,0.711136,1.4e-05,"unknown","unknown","https://doi.org/10.1016/S0009-2541(00)00226-6","DOI","LIT","(d)","ARDUOUS-12760","(d)","water solute","water",NA,"France",0.71,43.1
"317","(h)","","SRM987",0.71023,"TIMS","bulk water","water",2.4e-05,"inorganic-organic composite : water : water solute","","","","river or stream","other","","1991-05-01T00:00:00Z","field","N. Clauer","nclauer@illite.u-strasbg.fr","","Montauban","","","","","Semhi K, N. Clauer, J.L. Probst, Strontium isotope compositions of river waters as records of lithology-dependent mass transfers: the Garonne river and its tributaries (SW France), Chemical Geology, Volume 168, Issues 3-4, 2000, Pages 173-193",0.094,NA,0.710919,1.4e-05,"unknown","unknown","https://doi.org/10.1016/S0009-2541(00)00226-6","DOI","LIT","(h)","ARDUOUS-12761","(h)","water solute","water",NA,"France",1.35,44.02
"318","(c)","","SRM987",0.71023,"TIMS","bulk water","water",2.4e-05,"inorganic-organic composite : water : water solute","","","","river or stream","other","","1990-08-01T00:00:00Z","field","N. Clauer","nclauer@illite.u-strasbg.fr","","Portet","","","","","Semhi K, N. Clauer, J.L. Probst, Strontium isotope compositions of river waters as records of lithology-dependent mass transfers: the Garonne river and its tributaries (SW France), Chemical Geology, Volume 168, Issues 3-4, 2000, Pages 173-193",0.096,NA,0.710508,1.4e-05,"unknown","unknown","https://doi.org/10.1016/S0009-2541(00)00226-6","DOI","LIT","(c)","ARDUOUS-12762","(c)","water solute","water",NA,"France",1.43,43.53
"319","(g)","","SRM987",0.71023,"TIMS","bulk water","water",2.4e-05,"inorganic-organic composite : water : water solute","","","","river or stream","other","","1990-11-01T00:00:00Z","field","N. Clauer","nclauer@illite.u-strasbg.fr","","Lacroix Falgarde","","","","","Semhi K, N. Clauer, J.L. Probst, Strontium isotope compositions of river waters as records of lithology-dependent mass transfers: the Garonne river and its tributaries (SW France), Chemical Geology, Volume 168, Issues 3-4, 2000, Pages 173-193",0.096,NA,0.71033,1.4e-05,"unknown","unknown","https://doi.org/10.1016/S0009-2541(00)00226-6","DOI","LIT","(g)","ARDUOUS-12763","(g)","water solute","water",NA,"France",1.41,43.5
"320","(h)","","SRM987",0.71023,"TIMS","bulk water","water",2.4e-05,"inorganic-organic composite : water : water solute","","","","river or stream","other","","1992-07-01T00:00:00Z","field","N. Clauer","nclauer@illite.u-strasbg.fr","","Montauban","","","","","Semhi K, N. Clauer, J.L. Probst, Strontium isotope compositions of river waters as records of lithology-dependent mass transfers: the Garonne river and its tributaries (SW France), Chemical Geology, Volume 168, Issues 3-4, 2000, Pages 173-193",0.097,NA,0.71103,1.4e-05,"unknown","unknown","https://doi.org/10.1016/S0009-2541(00)00226-6","DOI","LIT","(h)","ARDUOUS-12764","(h)","water solute","water",NA,"France",1.35,44.02
"321","(k)","","SRM987",0.71023,"TIMS","bulk water","water",2.4e-05,"inorganic-organic composite : water : water solute","","","","river or stream","other","","1992-04-01T00:00:00Z","field","N. Clauer","nclauer@illite.u-strasbg.fr","","Villeneuve","","","","","Semhi K, N. Clauer, J.L. Probst, Strontium isotope compositions of river waters as records of lithology-dependent mass transfers: the Garonne river and its tributaries (SW France), Chemical Geology, Volume 168, Issues 3-4, 2000, Pages 173-193",0.098,NA,0.70938,1.4e-05,"unknown","unknown","https://doi.org/10.1016/S0009-2541(00)00226-6","DOI","LIT","(k)","ARDUOUS-12765","(k)","water solute","water",NA,"France",0.7,44.41
"322","(h)","","SRM987",0.71023,"TIMS","bulk water","water",2.4e-05,"inorganic-organic composite : water : water solute","","","","river or stream","other","","1992-05-01T00:00:00Z","field","N. Clauer","nclauer@illite.u-strasbg.fr","","Montauban","","","","","Semhi K, N. Clauer, J.L. Probst, Strontium isotope compositions of river waters as records of lithology-dependent mass transfers: the Garonne river and its tributaries (SW France), Chemical Geology, Volume 168, Issues 3-4, 2000, Pages 173-193",0.098,NA,0.71091,1.4e-05,"unknown","unknown","https://doi.org/10.1016/S0009-2541(00)00226-6","DOI","LIT","(h)","ARDUOUS-12766","(h)","water solute","water",NA,"France",1.35,44.02
"323","SO/01/09","","SRM987",0.710254,"TIMS","bulk water","water",6e-06,"inorganic-organic composite : water : water solute","","","","river or stream","other","","2001-04-01T00:00:00Z","field","P. Negrel","p.negrel@brgm.fr","","","","","","","Negrel, P., et al., 1993. Erosion sources determined by inversion of major and trace element ratios and strontium isotopic ratios in river water: the Congo Basin case. Earth and Planetary Science Letters, 120(1-2), pp.59-76.",0.184002,NA,0.707925,5e-06,"unknown","unknown","https://doi.org/10.1016/j.jhydrol.2004.08.031","DOI","LIT","SO/01/09","ARDUOUS-17394","SO/01/09","water solute","water",NA,"France",2.25,49.87
"324","SO/01/109","","SRM987",0.710254,"TIMS","bulk water","water",6e-06,"inorganic-organic composite : water : water solute","","","","river or stream","other","","2001-10-01T00:00:00Z","field","P. Negrel","p.negrel@brgm.fr","","","","","","","Negrel, P., et al., 1993. Erosion sources determined by inversion of major and trace element ratios and strontium isotopic ratios in river water: the Congo Basin case. Earth and Planetary Science Letters, 120(1-2), pp.59-76.",0.210288,NA,0.707913,5e-06,"unknown","unknown","https://doi.org/10.1016/j.jhydrol.2004.08.031","DOI","LIT","SO/01/109","ARDUOUS-17395","SO/01/109","water solute","water",NA,"France",2.25,49.87
"325","SO/02/209","","SRM987",0.710254,"TIMS","bulk water","water",6e-06,"inorganic-organic composite : water : water solute","","","","river or stream","other","","2002-09-01T00:00:00Z","field","P. Negrel","p.negrel@brgm.fr","","","","","","","Negrel, P., et al., 1993. Erosion sources determined by inversion of major and trace element ratios and strontium isotopic ratios in river water: the Congo Basin case. Earth and Planetary Science Letters, 120(1-2), pp.59-76.",0.21905,NA,0.707916,5e-06,"unknown","unknown","https://doi.org/10.1016/j.jhydrol.2004.08.031","DOI","LIT","SO/02/209","ARDUOUS-17396","SO/02/209","water solute","water",NA,"France",2.25,49.87
"326","SO/01/06","","SRM987",0.710254,"TIMS","bulk water","water",6e-06,"inorganic-organic composite : water : water solute","","","","river or stream","other","","2001-04-01T00:00:00Z","field","P. Negrel","p.negrel@brgm.fr","","","","","","","Negrel, P., et al., 1993. Erosion sources determined by inversion of major and trace element ratios and strontium isotopic ratios in river water: the Congo Basin case. Earth and Planetary Science Letters, 120(1-2), pp.59-76.",0.26286,NA,0.707945,5e-06,"unknown","unknown","https://doi.org/10.1016/j.jhydrol.2004.08.031","DOI","LIT","SO/01/06","ARDUOUS-17397","SO/01/06","water solute","water",NA,"France",2.5,49.91
"327","SO/01/10","","SRM987",0.710254,"TIMS","bulk water","water",6e-06,"inorganic-organic composite : water : water solute","","","","river or stream","other","","2001-04-01T00:00:00Z","field","P. Negrel","p.negrel@brgm.fr","","","","","","","Negrel, P., et al., 1993. Erosion sources determined by inversion of major and trace element ratios and strontium isotopic ratios in river water: the Congo Basin case. Earth and Planetary Science Letters, 120(1-2), pp.59-76.",0.271622,NA,0.708036,5e-06,"unknown","unknown","https://doi.org/10.1016/j.jhydrol.2004.08.031","DOI","LIT","SO/01/10","ARDUOUS-17398","SO/01/10","water solute","water",NA,"France",2.12,49.95
"328","SO/01/14","","SRM987",0.710254,"TIMS","bulk water","water",6e-06,"inorganic-organic composite : water : water solute","","","","river or stream","other","","2001-04-01T00:00:00Z","field","P. Negrel","p.negrel@brgm.fr","","","","","","","Negrel, P., et al., 1993. Erosion sources determined by inversion of major and trace element ratios and strontium isotopic ratios in river water: the Congo Basin case. Earth and Planetary Science Letters, 120(1-2), pp.59-76.",0.271622,NA,0.708024,5e-06,"unknown","unknown","https://doi.org/10.1016/j.jhydrol.2004.08.031","DOI","LIT","SO/01/14","ARDUOUS-17399","SO/01/14","water solute","water",NA,"France",1.83,50.09
"329","SO/01/05","","SRM987",0.710254,"TIMS","bulk water","water",6e-06,"inorganic-organic composite : water : water solute","","","","river or stream","other","","2001-04-01T00:00:00Z","field","P. Negrel","p.negrel@brgm.fr","","","","","","","Negrel, P., et al., 1993. Erosion sources determined by inversion of major and trace element ratios and strontium isotopic ratios in river water: the Congo Basin case. Earth and Planetary Science Letters, 120(1-2), pp.59-76.",0.280384,NA,0.70801,5e-06,"unknown","unknown","https://doi.org/10.1016/j.jhydrol.2004.08.031","DOI","LIT","SO/01/05","ARDUOUS-17400","SO/01/05","water solute","water",NA,"France",2.72,49.94
"330","SO/01/04","","SRM987",0.710254,"TIMS","bulk water","water",6e-06,"inorganic-organic composite : water : water solute","","","","river or stream","other","","2001-04-01T00:00:00Z","field","P. Negrel","p.negrel@brgm.fr","","","","","","","Negrel, P., et al., 1993. Erosion sources determined by inversion of major and trace element ratios and strontium isotopic ratios in river water: the Congo Basin case. Earth and Planetary Science Letters, 120(1-2), pp.59-76.",0.289146,NA,0.707777,5e-06,"unknown","unknown","https://doi.org/10.1016/j.jhydrol.2004.08.031","DOI","LIT","SO/01/04","ARDUOUS-17401","SO/01/04","water solute","water",NA,"France",2.43,49.94
"331","SO/01/13","","SRM987",0.710254,"TIMS","bulk water","water",6e-06,"inorganic-organic composite : water : water solute","","","","river or stream","other","","2001-04-01T00:00:00Z","field","P. Negrel","p.negrel@brgm.fr","","","","","","","Negrel, P., et al., 1993. Erosion sources determined by inversion of major and trace element ratios and strontium isotopic ratios in river water: the Congo Basin case. Earth and Planetary Science Letters, 120(1-2), pp.59-76.",0.289146,NA,0.708022,5e-06,"unknown","unknown","https://doi.org/10.1016/j.jhydrol.2004.08.031","DOI","LIT","SO/01/13","ARDUOUS-17402","SO/01/13","water solute","water",NA,"France",1.89,50.06
"332","SO/01/106","","SRM987",0.710254,"TIMS","bulk water","water",6e-06,"inorganic-organic composite : water : water solute","","","","river or stream","other","","2001-10-01T00:00:00Z","field","P. Negrel","p.negrel@brgm.fr","","","","","","","Negrel, P., et al., 1993. Erosion sources determined by inversion of major and trace element ratios and strontium isotopic ratios in river water: the Congo Basin case. Earth and Planetary Science Letters, 120(1-2), pp.59-76.",0.297908,NA,0.707864,5e-06,"unknown","unknown","https://doi.org/10.1016/j.jhydrol.2004.08.031","DOI","LIT","SO/01/106","ARDUOUS-17403","SO/01/106","water solute","water",NA,"France",2.5,49.91
"333","SO/02/213","","SRM987",0.710254,"TIMS","bulk water","water",6e-06,"inorganic-organic composite : water : water solute","","","","river or stream","other","","2002-09-01T00:00:00Z","field","P. Negrel","p.negrel@brgm.fr","","","","","","","Negrel, P., et al., 1993. Erosion sources determined by inversion of major and trace element ratios and strontium isotopic ratios in river water: the Congo Basin case. Earth and Planetary Science Letters, 120(1-2), pp.59-76.",0.297908,NA,0.707949,5e-06,"unknown","unknown","https://doi.org/10.1016/j.jhydrol.2004.08.031","DOI","LIT","SO/02/213","ARDUOUS-17404","SO/02/213","water solute","water",NA,"France",1.89,50.06
"334","SO/02/214","","SRM987",0.710254,"TIMS","bulk water","water",6e-06,"inorganic-organic composite : water : water solute","","","","river or stream","other","","2002-09-01T00:00:00Z","field","P. Negrel","p.negrel@brgm.fr","","","","","","","Negrel, P., et al., 1993. Erosion sources determined by inversion of major and trace element ratios and strontium isotopic ratios in river water: the Congo Basin case. Earth and Planetary Science Letters, 120(1-2), pp.59-76.",0.297908,NA,0.707945,5e-06,"unknown","unknown","https://doi.org/10.1016/j.jhydrol.2004.08.031","DOI","LIT","SO/02/214","ARDUOUS-17405","SO/02/214","water solute","water",NA,"France",1.83,50.09
"335","SO/01/114","","SRM987",0.710254,"TIMS","bulk water","water",6e-06,"inorganic-organic composite : water : water solute","","","","river or stream","other","","2001-10-01T00:00:00Z","field","P. Negrel","p.negrel@brgm.fr","","","","","","","Negrel, P., et al., 1993. Erosion sources determined by inversion of major and trace element ratios and strontium isotopic ratios in river water: the Congo Basin case. Earth and Planetary Science Letters, 120(1-2), pp.59-76.",0.30667,NA,0.707994,5e-06,"unknown","unknown","https://doi.org/10.1016/j.jhydrol.2004.08.031","DOI","LIT","SO/01/114","ARDUOUS-17406","SO/01/114","water solute","water",NA,"France",1.83,50.09
"336","SO/02/210","","SRM987",0.710254,"TIMS","bulk water","water",6e-06,"inorganic-organic composite : water : water solute","","","","river or stream","other","","2002-09-01T00:00:00Z","field","P. Negrel","p.negrel@brgm.fr","","","","","","","Negrel, P., et al., 1993. Erosion sources determined by inversion of major and trace element ratios and strontium isotopic ratios in river water: the Congo Basin case. Earth and Planetary Science Letters, 120(1-2), pp.59-76.",0.30667,NA,0.707976,5e-06,"unknown","unknown","https://doi.org/10.1016/j.jhydrol.2004.08.031","DOI","LIT","SO/02/210","ARDUOUS-17407","SO/02/210","water solute","water",NA,"France",2.12,49.95
"337","SO/01/110","","SRM987",0.710254,"TIMS","bulk water","water",6e-06,"inorganic-organic composite : water : water solute","","","","river or stream","other","","2001-10-01T00:00:00Z","field","P. Negrel","p.negrel@brgm.fr","","","","","","","Negrel, P., et al., 1993. Erosion sources determined by inversion of major and trace element ratios and strontium isotopic ratios in river water: the Congo Basin case. Earth and Planetary Science Letters, 120(1-2), pp.59-76.",0.315432,NA,0.707995,5e-06,"unknown","unknown","https://doi.org/10.1016/j.jhydrol.2004.08.031","DOI","LIT","SO/01/110","ARDUOUS-17408","SO/01/110","water solute","water",NA,"France",2.12,49.95
"338","SO/01/113","","SRM987",0.710254,"TIMS","bulk water","water",6e-06,"inorganic-organic composite : water : water solute","","","","river or stream","other","","2001-10-01T00:00:00Z","field","P. Negrel","p.negrel@brgm.fr","","","","","","","Negrel, P., et al., 1993. Erosion sources determined by inversion of major and trace element ratios and strontium isotopic ratios in river water: the Congo Basin case. Earth and Planetary Science Letters, 120(1-2), pp.59-76.",0.315432,NA,0.707966,5e-06,"unknown","unknown","https://doi.org/10.1016/j.jhydrol.2004.08.031","DOI","LIT","SO/01/113","ARDUOUS-17409","SO/01/113","water solute","water",NA,"France",1.89,50.06
"339","SO/02/206","","SRM987",0.710254,"TIMS","bulk water","water",6e-06,"inorganic-organic composite : water : water solute","","","","river or stream","other","","2002-09-01T00:00:00Z","field","P. Negrel","p.negrel@brgm.fr","","","","","","","Negrel, P., et al., 1993. Erosion sources determined by inversion of major and trace element ratios and strontium isotopic ratios in river water: the Congo Basin case. Earth and Planetary Science Letters, 120(1-2), pp.59-76.",0.315432,NA,0.70786,5e-06,"unknown","unknown","https://doi.org/10.1016/j.jhydrol.2004.08.031","DOI","LIT","SO/02/206","ARDUOUS-17410","SO/02/206","water solute","water",NA,"France",2.5,49.91
"340","SO/01/104","","SRM987",0.710254,"TIMS","bulk water","water",6e-06,"inorganic-organic composite : water : water solute","","","","river or stream","other","","2001-10-01T00:00:00Z","field","P. Negrel","p.negrel@brgm.fr","","","","","","","Negrel, P., et al., 1993. Erosion sources determined by inversion of major and trace element ratios and strontium isotopic ratios in river water: the Congo Basin case. Earth and Planetary Science Letters, 120(1-2), pp.59-76.",0.35048,NA,0.707757,5e-06,"unknown","unknown","https://doi.org/10.1016/j.jhydrol.2004.08.031","DOI","LIT","SO/01/104","ARDUOUS-17411","SO/01/104","water solute","water",NA,"France",2.43,49.94
"341","SO/01/105","","SRM987",0.710254,"TIMS","bulk water","water",6e-06,"inorganic-organic composite : water : water solute","","","","river or stream","other","","2001-10-01T00:00:00Z","field","P. Negrel","p.negrel@brgm.fr","","","","","","","Negrel, P., et al., 1993. Erosion sources determined by inversion of major and trace element ratios and strontium isotopic ratios in river water: the Congo Basin case. Earth and Planetary Science Letters, 120(1-2), pp.59-76.",0.35048,NA,0.708004,5e-06,"unknown","unknown","https://doi.org/10.1016/j.jhydrol.2004.08.031","DOI","LIT","SO/01/105","ARDUOUS-17412","SO/01/105","water solute","water",NA,"France",2.72,49.94
"342","SO/02/204","","SRM987",0.710254,"TIMS","bulk water","water",6e-06,"inorganic-organic composite : water : water solute","","","","river or stream","other","","2002-09-01T00:00:00Z","field","P. Negrel","p.negrel@brgm.fr","","","","","","","Negrel, P., et al., 1993. Erosion sources determined by inversion of major and trace element ratios and strontium isotopic ratios in river water: the Congo Basin case. Earth and Planetary Science Letters, 120(1-2), pp.59-76.",0.35048,NA,0.707749,5e-06,"unknown","unknown","https://doi.org/10.1016/j.jhydrol.2004.08.031","DOI","LIT","SO/02/204","ARDUOUS-17413","SO/02/204","water solute","water",NA,"France",2.43,49.94
"343","SO/01/107","","SRM987",0.710254,"TIMS","bulk water","water",6e-06,"inorganic-organic composite : water : water solute","","","","river or stream","other","","2001-10-01T00:00:00Z","field","P. Negrel","p.negrel@brgm.fr","","","","","","","Negrel, P., et al., 1993. Erosion sources determined by inversion of major and trace element ratios and strontium isotopic ratios in river water: the Congo Basin case. Earth and Planetary Science Letters, 120(1-2), pp.59-76.",0.359242,NA,0.70814,5e-06,"unknown","unknown","https://doi.org/10.1016/j.jhydrol.2004.08.031","DOI","LIT","SO/01/107","ARDUOUS-17414","SO/01/107","water solute","water",NA,"France",2.38,49.85
"344","SO/02/207","","SRM987",0.710254,"TIMS","bulk water","water",6e-06,"inorganic-organic composite : water : water solute","","","","river or stream","other","","2002-09-01T00:00:00Z","field","P. Negrel","p.negrel@brgm.fr","","","","","","","Negrel, P., et al., 1993. Erosion sources determined by inversion of major and trace element ratios and strontium isotopic ratios in river water: the Congo Basin case. Earth and Planetary Science Letters, 120(1-2), pp.59-76.",0.359242,NA,0.708141,5e-06,"unknown","unknown","https://doi.org/10.1016/j.jhydrol.2004.08.031","DOI","LIT","SO/02/207","ARDUOUS-17415","SO/02/207","water solute","water",NA,"France",2.38,49.85
"345","SO/01/07","","SRM987",0.710254,"TIMS","bulk water","water",6e-06,"inorganic-organic composite : water : water solute","","","","river or stream","other","","2001-04-01T00:00:00Z","field","P. Negrel","p.negrel@brgm.fr","","","","","","","Negrel, P., et al., 1993. Erosion sources determined by inversion of major and trace element ratios and strontium isotopic ratios in river water: the Congo Basin case. Earth and Planetary Science Letters, 120(1-2), pp.59-76.",0.39429,NA,0.708159,5e-06,"unknown","unknown","https://doi.org/10.1016/j.jhydrol.2004.08.031","DOI","LIT","SO/01/07","ARDUOUS-17416","SO/01/07","water solute","water",NA,"France",2.38,49.85
"346","SO/02/205","","SRM987",0.710254,"TIMS","bulk water","water",6e-06,"inorganic-organic composite : water : water solute","","","","river or stream","other","","2002-09-01T00:00:00Z","field","P. Negrel","p.negrel@brgm.fr","","","","","","","Negrel, P., et al., 1993. Erosion sources determined by inversion of major and trace element ratios and strontium isotopic ratios in river water: the Congo Basin case. Earth and Planetary Science Letters, 120(1-2), pp.59-76.",0.39429,NA,0.708104,5e-06,"unknown","unknown","https://doi.org/10.1016/j.jhydrol.2004.08.031","DOI","LIT","SO/02/205","ARDUOUS-17417","SO/02/205","water solute","water",NA,"France",2.72,49.94
"347","BP18","","SRM987",0.71023,"TIMS","bulk water","water",1e-05,"inorganic-organic composite : water : water solute","","","","river or stream","other","","1994-03-16T00:00:00Z","field","J. Gaillardet","gaillardet@ipgp.jussieu.fr","","Bar","","","","","Roy, S., Gaillardet, J. and Allegre, C.J., 1999. Geochemistry of dissolved and suspended loads of the Seine river, France: anthropogenic impact, carbonate and silicate weathering. Geochimica et cosmochimica acta, 63(9), pp.1277-1292.",0.118287,NA,0.708364,7.5e-06,"unknown","unknown","https://doi.org/10.1016/S0016-7037(99)00099-X","DOI","LIT","BP18","ARDUOUS-19825","BP18","water solute","water",NA,"France",4.38,48.11
"348","BP2","","SRM987",0.71023,"TIMS","bulk water","water",1e-05,"inorganic-organic composite : water : water solute","","","","river or stream","other","","1994-01-05T00:00:00Z","field","J. Gaillardet","gaillardet@ipgp.jussieu.fr","","","","","","","Roy, S., Gaillardet, J. and Allegre, C.J., 1999. Geochemistry of dissolved and suspended loads of the Seine river, France: anthropogenic impact, carbonate and silicate weathering. Geochimica et cosmochimica acta, 63(9), pp.1277-1292.",0.1200394,NA,0.710725,7.5e-06,"unknown","unknown","https://doi.org/10.1016/S0016-7037(99)00099-X","DOI","LIT","BP2","ARDUOUS-19826","BP2","water solute","water",NA,"France",2.81,48.38
"349","BP24","","SRM987",0.71023,"TIMS","bulk water","water",1e-05,"inorganic-organic composite : water : water solute","","","","river or stream","other","","1994-03-17T00:00:00Z","field","J. Gaillardet","gaillardet@ipgp.jussieu.fr","","","","","","","Roy, S., Gaillardet, J. and Allegre, C.J., 1999. Geochemistry of dissolved and suspended loads of the Seine river, France: anthropogenic impact, carbonate and silicate weathering. Geochimica et cosmochimica acta, 63(9), pp.1277-1292.",0.1323062,NA,0.710061,7.5e-06,"unknown","unknown","https://doi.org/10.1016/S0016-7037(99)00099-X","DOI","LIT","BP24","ARDUOUS-19827","BP24","water solute","water",NA,"France",4.01,47.46
"350","BP11","","SRM987",0.71023,"TIMS","bulk water","water",1e-05,"inorganic-organic composite : water : water solute","","","","river or stream","other","","1994-03-15T00:00:00Z","field","J. Gaillardet","gaillardet@ipgp.jussieu.fr","","Fontaine","","","","","Roy, S., Gaillardet, J. and Allegre, C.J., 1999. Geochemistry of dissolved and suspended loads of the Seine river, France: anthropogenic impact, carbonate and silicate weathering. Geochimica et cosmochimica acta, 63(9), pp.1277-1292.",0.148954,NA,0.709894,7.5e-06,"unknown","unknown","https://doi.org/10.1016/S0016-7037(99)00099-X","DOI","LIT","BP11","ARDUOUS-19828","BP11","water solute","water",NA,"France",2.75,48.43
"351","BP3","","SRM987",0.71023,"TIMS","bulk water","water",1e-05,"inorganic-organic composite : water : water solute","","","","river or stream","other","","1994-01-05T00:00:00Z","field","J. Gaillardet","gaillardet@ipgp.jussieu.fr","","","","","","","Roy, S., Gaillardet, J. and Allegre, C.J., 1999. Geochemistry of dissolved and suspended loads of the Seine river, France: anthropogenic impact, carbonate and silicate weathering. Geochimica et cosmochimica acta, 63(9), pp.1277-1292.",0.1612208,NA,0.709664,7.5e-06,"unknown","unknown","https://doi.org/10.1016/S0016-7037(99)00099-X","DOI","LIT","BP3","ARDUOUS-19829","BP3","water solute","water",NA,"France",3.16,48.33
"352","BP17","","SRM987",0.71023,"TIMS","bulk water","water",1e-05,"inorganic-organic composite : water : water solute","","","","river or stream","other","","1994-03-16T00:00:00Z","field","J. Gaillardet","gaillardet@ipgp.jussieu.fr","","","","","","","Roy, S., Gaillardet, J. and Allegre, C.J., 1999. Geochemistry of dissolved and suspended loads of the Seine river, France: anthropogenic impact, carbonate and silicate weathering. Geochimica et cosmochimica acta, 63(9), pp.1277-1292.",0.1866306,NA,0.707861,7.5e-06,"unknown","unknown","https://doi.org/10.1016/S0016-7037(99)00099-X","DOI","LIT","BP17","ARDUOUS-19830","BP17","water solute","water",NA,"France",4.79,48.1
"353","BP12","","SRM987",0.71023,"TIMS","bulk water","water",1e-05,"inorganic-organic composite : water : water solute","","","","river or stream","other","","1994-03-15T00:00:00Z","field","J. Gaillardet","gaillardet@ipgp.jussieu.fr","","","","","","","Roy, S., Gaillardet, J. and Allegre, C.J., 1999. Geochemistry of dissolved and suspended loads of the Seine river, France: anthropogenic impact, carbonate and silicate weathering. Geochimica et cosmochimica acta, 63(9), pp.1277-1292.",0.197145,NA,0.708943,7.5e-06,"unknown","unknown","https://doi.org/10.1016/S0016-7037(99)00099-X","DOI","LIT","BP12","ARDUOUS-19831","BP12","water solute","water",NA,"France",2.81,48.38
"354","BP1","","SRM987",0.71023,"TIMS","bulk water","water",1e-05,"inorganic-organic composite : water : water solute","","","","river or stream","other","","1994-01-05T00:00:00Z","field","J. Gaillardet","gaillardet@ipgp.jussieu.fr","","Fontaine","","","","","Roy, S., Gaillardet, J. and Allegre, C.J., 1999. Geochemistry of dissolved and suspended loads of the Seine river, France: anthropogenic impact, carbonate and silicate weathering. Geochimica et cosmochimica acta, 63(9), pp.1277-1292.",0.2006498,NA,0.709037,7.5e-06,"unknown","unknown","https://doi.org/10.1016/S0016-7037(99)00099-X","DOI","LIT","BP1","ARDUOUS-19832","BP1","water solute","water",NA,"France",2.75,48.43
"355","BP14","","SRM987",0.71023,"TIMS","bulk water","water",1e-05,"inorganic-organic composite : water : water solute","","","","river or stream","other","","1994-03-15T00:00:00Z","field","J. Gaillardet","gaillardet@ipgp.jussieu.fr","","Noyen","","","","","Roy, S., Gaillardet, J. and Allegre, C.J., 1999. Geochemistry of dissolved and suspended loads of the Seine river, France: anthropogenic impact, carbonate and silicate weathering. Geochimica et cosmochimica acta, 63(9), pp.1277-1292.",0.2435836,NA,0.707928,7.5e-06,"unknown","unknown","https://doi.org/10.1016/S0016-7037(99)00099-X","DOI","LIT","BP14","ARDUOUS-19833","BP14","water solute","water",NA,"France",3.34,48.46
"356","BP9","","SRM987",0.71023,"TIMS","bulk water","water",1e-05,"inorganic-organic composite : water : water solute","","","","river or stream","other","","1994-01-18T00:00:00Z","field","J. Gaillardet","gaillardet@ipgp.jussieu.fr","","Paris","","","","","Roy, S., Gaillardet, J. and Allegre, C.J., 1999. Geochemistry of dissolved and suspended loads of the Seine river, France: anthropogenic impact, carbonate and silicate weathering. Geochimica et cosmochimica acta, 63(9), pp.1277-1292.",0.2444598,NA,0.70845,7.5e-06,"unknown","unknown","https://doi.org/10.1016/S0016-7037(99)00099-X","DOI","LIT","BP9","ARDUOUS-19834","BP9","water solute","water",NA,"France",2.33,48.86
"357","BP15","","SRM987",0.71023,"TIMS","bulk water","water",1e-05,"inorganic-organic composite : water : water solute","","","","river or stream","other","","1994-03-16T00:00:00Z","field","J. Gaillardet","gaillardet@ipgp.jussieu.fr","","Chatres","","","","","Roy, S., Gaillardet, J. and Allegre, C.J., 1999. Geochemistry of dissolved and suspended loads of the Seine river, France: anthropogenic impact, carbonate and silicate weathering. Geochimica et cosmochimica acta, 63(9), pp.1277-1292.",0.2768792,NA,0.707729,7.5e-06,"unknown","unknown","https://doi.org/10.1016/S0016-7037(99)00099-X","DOI","LIT","BP15","ARDUOUS-19835","BP15","water solute","water",NA,"France",3.86,48.51
"358","BP4","","SRM987",0.71023,"TIMS","bulk water","water",1e-05,"inorganic-organic composite : water : water solute","","","","river or stream","other","","1994-01-05T00:00:00Z","field","J. Gaillardet","gaillardet@ipgp.jussieu.fr","","Noyen","","","","","Roy, S., Gaillardet, J. and Allegre, C.J., 1999. Geochemistry of dissolved and suspended loads of the Seine river, France: anthropogenic impact, carbonate and silicate weathering. Geochimica et cosmochimica acta, 63(9), pp.1277-1292.",0.2786316,NA,0.70792,7.5e-06,"unknown","unknown","https://doi.org/10.1016/S0016-7037(99)00099-X","DOI","LIT","BP4","ARDUOUS-19836","BP4","water solute","water",NA,"France",3.34,48.46
"359","BP22","","SRM987",0.71023,"TIMS","bulk water","water",1e-05,"inorganic-organic composite : water : water solute","","","","river or stream","other","","1994-03-17T00:00:00Z","field","J. Gaillardet","gaillardet@ipgp.jussieu.fr","","","","","","","Roy, S., Gaillardet, J. and Allegre, C.J., 1999. Geochemistry of dissolved and suspended loads of the Seine river, France: anthropogenic impact, carbonate and silicate weathering. Geochimica et cosmochimica acta, 63(9), pp.1277-1292.",0.0280384,NA,0.714521,7.5e-06,"unknown","unknown","https://doi.org/10.1016/S0016-7037(99)00099-X","DOI","LIT","BP22","ARDUOUS-19837","BP22","water solute","water",NA,"France",3.66,47.28
"360","BP7","","SRM987",0.71023,"TIMS","bulk water","water",1e-05,"inorganic-organic composite : water : water solute","","","","river or stream","other","","1994-01-06T00:00:00Z","field","J. Gaillardet","gaillardet@ipgp.jussieu.fr","","Paris","","","","","Roy, S., Gaillardet, J. and Allegre, C.J., 1999. Geochemistry of dissolved and suspended loads of the Seine river, France: anthropogenic impact, carbonate and silicate weathering. Geochimica et cosmochimica acta, 63(9), pp.1277-1292.",0.2838888,NA,0.708419,7.5e-06,"unknown","unknown","https://doi.org/10.1016/S0016-7037(99)00099-X","DOI","LIT","BP7","ARDUOUS-19838","BP7","water solute","water",NA,"France",2.33,48.86
"361","BP16","","SRM987",0.71023,"TIMS","bulk water","water",1e-05,"inorganic-organic composite : water : water solute","","","","river or stream","other","","1994-03-16T00:00:00Z","field","J. Gaillardet","gaillardet@ipgp.jussieu.fr","","","","","","","Roy, S., Gaillardet, J. and Allegre, C.J., 1999. Geochemistry of dissolved and suspended loads of the Seine river, France: anthropogenic impact, carbonate and silicate weathering. Geochimica et cosmochimica acta, 63(9), pp.1277-1292.",0.2987842,NA,0.707595,7.5e-06,"unknown","unknown","https://doi.org/10.1016/S0016-7037(99)00099-X","DOI","LIT","BP16","ARDUOUS-19839","BP16","water solute","water",NA,"France",3.91,48.58
"362","BP13","","SRM987",0.71023,"TIMS","bulk water","water",1e-05,"inorganic-organic composite : water : water solute","","","","river or stream","other","","1994-03-15T00:00:00Z","field","J. Gaillardet","gaillardet@ipgp.jussieu.fr","","","","","","","Roy, S., Gaillardet, J. and Allegre, C.J., 1999. Geochemistry of dissolved and suspended loads of the Seine river, France: anthropogenic impact, carbonate and silicate weathering. Geochimica et cosmochimica acta, 63(9), pp.1277-1292.",0.3075462,NA,0.707768,7.5e-06,"unknown","unknown","https://doi.org/10.1016/S0016-7037(99)00099-X","DOI","LIT","BP13","ARDUOUS-19840","BP13","water solute","water",NA,"France",3.16,48.33
"363","BP5","","SRM987",0.71023,"TIMS","bulk water","water",1e-05,"inorganic-organic composite : water : water solute","","","","river or stream","other","","1994-01-05T00:00:00Z","field","J. Gaillardet","gaillardet@ipgp.jussieu.fr","","","","","","","Roy, S., Gaillardet, J. and Allegre, C.J., 1999. Geochemistry of dissolved and suspended loads of the Seine river, France: anthropogenic impact, carbonate and silicate weathering. Geochimica et cosmochimica acta, 63(9), pp.1277-1292.",0.3364608,NA,0.708065,7.5e-06,"unknown","unknown","https://doi.org/10.1016/S0016-7037(99)00099-X","DOI","LIT","BP5","ARDUOUS-19841","BP5","water solute","water",NA,"France",2.67,48.88
"364","BP8","","SRM987",0.71023,"TIMS","bulk water","water",1e-05,"inorganic-organic composite : water : water solute","","","","river or stream","other","","1994-01-06T00:00:00Z","field","J. Gaillardet","gaillardet@ipgp.jussieu.fr","","Poses","","","","","Roy, S., Gaillardet, J. and Allegre, C.J., 1999. Geochemistry of dissolved and suspended loads of the Seine river, France: anthropogenic impact, carbonate and silicate weathering. Geochimica et cosmochimica acta, 63(9), pp.1277-1292.",0.3364608,NA,0.708237,7.5e-06,"unknown","unknown","https://doi.org/10.1016/S0016-7037(99)00099-X","DOI","LIT","BP8","ARDUOUS-19842","BP8","water solute","water",NA,"France",1.25,49.3
"365","BP6","","SRM987",0.71023,"TIMS","bulk water","water",1e-05,"inorganic-organic composite : water : water solute","","","","river or stream","other","","1994-01-05T00:00:00Z","field","J. Gaillardet","gaillardet@ipgp.jussieu.fr","","","","","","","Roy, S., Gaillardet, J. and Allegre, C.J., 1999. Geochemistry of dissolved and suspended loads of the Seine river, France: anthropogenic impact, carbonate and silicate weathering. Geochimica et cosmochimica acta, 63(9), pp.1277-1292.",0.368004,NA,0.708023,7.5e-06,"unknown","unknown","https://doi.org/10.1016/S0016-7037(99)00099-X","DOI","LIT","BP6","ARDUOUS-19843","BP6","water solute","water",NA,"France",2.1,49.05
"366","BP21","","SRM987",0.71023,"TIMS","bulk water","water",1e-05,"inorganic-organic composite : water : water solute","","","","river or stream","other","","1994-03-16T00:00:00Z","field","J. Gaillardet","gaillardet@ipgp.jussieu.fr","","","","","","","Roy, S., Gaillardet, J. and Allegre, C.J., 1999. Geochemistry of dissolved and suspended loads of the Seine river, France: anthropogenic impact, carbonate and silicate weathering. Geochimica et cosmochimica acta, 63(9), pp.1277-1292.",0.039429,NA,0.71329,7.5e-06,"unknown","unknown","https://doi.org/10.1016/S0016-7037(99)00099-X","DOI","LIT","BP21","ARDUOUS-19844","BP21","water solute","water",NA,"France",3.53,47.96
"367","BP10","","SRM987",0.71023,"TIMS","bulk water","water",1e-05,"inorganic-organic composite : water : water solute","","","","river or stream","other","","1995-02-15T00:00:00Z","field","J. Gaillardet","gaillardet@ipgp.jussieu.fr","","Paris","","","","","Roy, S., Gaillardet, J. and Allegre, C.J., 1999. Geochemistry of dissolved and suspended loads of the Seine river, France: anthropogenic impact, carbonate and silicate weathering. Geochimica et cosmochimica acta, 63(9), pp.1277-1292.",0.39429,NA,0.708465,7.5e-06,"unknown","unknown","https://doi.org/10.1016/S0016-7037(99)00099-X","DOI","LIT","BP10","ARDUOUS-19845","BP10","water solute","water",NA,"France",2.33,48.86
"368","BP23","","SRM987",0.71023,"TIMS","bulk water","water",1e-05,"inorganic-organic composite : water : water solute","","","","river or stream","other","","1994-03-17T00:00:00Z","field","J. Gaillardet","gaillardet@ipgp.jussieu.fr","","","","","","","Roy, S., Gaillardet, J. and Allegre, C.J., 1999. Geochemistry of dissolved and suspended loads of the Seine river, France: anthropogenic impact, carbonate and silicate weathering. Geochimica et cosmochimica acta, 63(9), pp.1277-1292.",0.04381,NA,0.716837,7.5e-06,"unknown","unknown","https://doi.org/10.1016/S0016-7037(99)00099-X","DOI","LIT","BP23","ARDUOUS-19846","BP23","water solute","water",NA,"France",3.89,47.39
"369","BP25","","SRM987",0.71023,"TIMS","bulk water","water",1e-05,"inorganic-organic composite : water : water solute","","","","river or stream","other","","1994-03-17T00:00:00Z","field","J. Gaillardet","gaillardet@ipgp.jussieu.fr","","","","","","","Roy, S., Gaillardet, J. and Allegre, C.J., 1999. Geochemistry of dissolved and suspended loads of the Seine river, France: anthropogenic impact, carbonate and silicate weathering. Geochimica et cosmochimica acta, 63(9), pp.1277-1292.",0.4801576,NA,0.708003,7.5e-06,"unknown","unknown","https://doi.org/10.1016/S0016-7037(99)00099-X","DOI","LIT","BP25","ARDUOUS-19847","BP25","water solute","water",NA,"France",3.6,47.73
"370","BP19","","SRM987",0.71023,"TIMS","bulk water","water",1e-05,"inorganic-organic composite : water : water solute","","","","river or stream","other","","1994-03-16T00:00:00Z","field","J. Gaillardet","gaillardet@ipgp.jussieu.fr","","Buncey","","","","","Roy, S., Gaillardet, J. and Allegre, C.J., 1999. Geochemistry of dissolved and suspended loads of the Seine river, France: anthropogenic impact, carbonate and silicate weathering. Geochimica et cosmochimica acta, 63(9), pp.1277-1292.",0.0902486,NA,0.707992,7.5e-06,"unknown","unknown","https://doi.org/10.1016/S0016-7037(99)00099-X","DOI","LIT","BP19","ARDUOUS-19848","BP19","water solute","water",NA,"France",4.56,47.82
"371","F11-001","","SRM987",0.71023,"TIMS","bulk solid","bulk solid",4e-05,"organism : plant : plant tissue : leaf","","","","","other","","","field","M. Willmes","malte.willmes@anu.edu.au","","","","","","","Willmes et al. (2014)- The IRHUM (Isotopic Reconstruction of Human Migration) database - bioavailable strontium isotope ratios for geochemical fingerprinting in France. Earth Syst Sci Data, 6.",NA,NA,0.708281,NA,"unknown","unknown","https://doi.org/10.5194/essd-6-117-2014","DOI","LIT","F11-001","ARDUOUS-25659","F11-001","leaf","plant",NA,"France",-0.94,45.61
"372","F11-002","","SRM987",0.71023,"TIMS","bulk solid","bulk solid",4e-05,"organism : plant : plant tissue : leaf","","","","","other","","","field","M. Willmes","malte.willmes@anu.edu.au","","","","","","","Willmes et al. (2014)- The IRHUM (Isotopic Reconstruction of Human Migration) database - bioavailable strontium isotope ratios for geochemical fingerprinting in France. Earth Syst Sci Data, 6.",NA,NA,0.709624,NA,"unknown","unknown","https://doi.org/10.5194/essd-6-117-2014","DOI","LIT","F11-002","ARDUOUS-25660","F11-002","leaf","plant",NA,NA,-1.12,45.66
"373","F11-003","","SRM987",0.71023,"TIMS","bulk solid","bulk solid",4e-05,"organism : plant : plant tissue : leaf","","","","","other","","","field","M. Willmes","malte.willmes@anu.edu.au","","","","","","","Willmes et al. (2014)- The IRHUM (Isotopic Reconstruction of Human Migration) database - bioavailable strontium isotope ratios for geochemical fingerprinting in France. Earth Syst Sci Data, 6.",NA,NA,0.708417,NA,"unknown","unknown","https://doi.org/10.5194/essd-6-117-2014","DOI","LIT","F11-003","ARDUOUS-25661","F11-003","leaf","plant",NA,"France",-1.12,45.73
"374","F11-003","","SRM987",0.71023,"TIMS","bulk solid","bulk solid",4e-05,"organism : plant : plant tissue : leaf","","","","","other","","","field","M. Willmes","malte.willmes@anu.edu.au","","","","","","","Willmes et al. (2014)- The IRHUM (Isotopic Reconstruction of Human Migration) database - bioavailable strontium isotope ratios for geochemical fingerprinting in France. Earth Syst Sci Data, 6.",NA,NA,0.709706,NA,"unknown","unknown","https://doi.org/10.5194/essd-6-117-2014","DOI","LIT","F11-003","ARDUOUS-25662","F11-003","leaf","plant",NA,"France",-1.12,45.73
"375","F11-004","","SRM987",0.71023,"TIMS","bulk solid","bulk solid",4e-05,"organism : plant : plant tissue : leaf","","","","","other","","","field","M. Willmes","malte.willmes@anu.edu.au","","","","","","","Willmes et al. (2014)- The IRHUM (Isotopic Reconstruction of Human Migration) database - bioavailable strontium isotope ratios for geochemical fingerprinting in France. Earth Syst Sci Data, 6.",NA,NA,0.710838,NA,"unknown","unknown","https://doi.org/10.5194/essd-6-117-2014","DOI","LIT","F11-004","ARDUOUS-25663","F11-004","leaf","plant",NA,"France",-0.83,45.66
"376","F11-004","","SRM987",0.71023,"TIMS","bulk solid","bulk solid",4e-05,"organism : plant : plant tissue : leaf","","","","","other","","","field","M. Willmes","malte.willmes@anu.edu.au","","","","","","","Willmes et al. (2014)- The IRHUM (Isotopic Reconstruction of Human Migration) database - bioavailable strontium isotope ratios for geochemical fingerprinting in France. Earth Syst Sci Data, 6.",NA,NA,0.711461,NA,"unknown","unknown","https://doi.org/10.5194/essd-6-117-2014","DOI","LIT","F11-004","ARDUOUS-25664","F11-004","leaf","plant",NA,"France",-0.83,45.66
"377","F11-005","","SRM987",0.71023,"TIMS","bulk solid","bulk solid",4e-05,"organism : plant : plant tissue : leaf","","","","","other","","","field","M. Willmes","malte.willmes@anu.edu.au","","","","","","","Willmes et al. (2014)- The IRHUM (Isotopic Reconstruction of Human Migration) database - bioavailable strontium isotope ratios for geochemical fingerprinting in France. Earth Syst Sci Data, 6.",NA,NA,0.711178,NA,"unknown","unknown","https://doi.org/10.5194/essd-6-117-2014","DOI","LIT","F11-005","ARDUOUS-25665","F11-005","leaf","plant",NA,"France",-0.63,45.62
"378","F11-005","","SRM987",0.71023,"TIMS","bulk solid","bulk solid",4e-05,"organism : plant : plant tissue : leaf","","","","","other","","","field","M. Willmes","malte.willmes@anu.edu.au","","","","","","","Willmes et al. (2014)- The IRHUM (Isotopic Reconstruction of Human Migration) database - bioavailable strontium isotope ratios for geochemical fingerprinting in France. Earth Syst Sci Data, 6.",NA,NA,0.711924,NA,"unknown","unknown","https://doi.org/10.5194/essd-6-117-2014","DOI","LIT","F11-005","ARDUOUS-25666","F11-005","leaf","plant",NA,"France",-0.63,45.62
"379","F11-006","","SRM987",0.71023,"TIMS","bulk solid","bulk solid",4e-05,"organism : plant : plant tissue : leaf","","","","","other","","","field","M. Willmes","malte.willmes@anu.edu.au","","","","","","","Willmes et al. (2014)- The IRHUM (Isotopic Reconstruction of Human Migration) database - bioavailable strontium isotope ratios for geochemical fingerprinting in France. Earth Syst Sci Data, 6.",NA,NA,0.710773,NA,"unknown","unknown","https://doi.org/10.5194/essd-6-117-2014","DOI","LIT","F11-006","ARDUOUS-25667","F11-006","leaf","plant",NA,"France",-0.71,45.54
"380","F11-006","","SRM987",0.71023,"TIMS","bulk solid","bulk solid",4e-05,"organism : plant : plant tissue : leaf","","","","","other","","","field","M. Willmes","malte.willmes@anu.edu.au","","","","","","","Willmes et al. (2014)- The IRHUM (Isotopic Reconstruction of Human Migration) database - bioavailable strontium isotope ratios for geochemical fingerprinting in France. Earth Syst Sci Data, 6.",NA,NA,0.712397,NA,"unknown","unknown","https://doi.org/10.5194/essd-6-117-2014","DOI","LIT","F11-006","ARDUOUS-25668","F11-006","leaf","plant",NA,"France",-0.71,45.54
"381","F11-007","","SRM987",0.71023,"TIMS","bulk solid","bulk solid",4e-05,"organism : plant : plant tissue : leaf","","","","","other","","","field","M. Willmes","malte.willmes@anu.edu.au","","","","","","","Willmes et al. (2014)- The IRHUM (Isotopic Reconstruction of Human Migration) database - bioavailable strontium isotope ratios for geochemical fingerprinting in France. Earth Syst Sci Data, 6.",NA,NA,0.708063,NA,"unknown","unknown","https://doi.org/10.5194/essd-6-117-2014","DOI","LIT","F11-007","ARDUOUS-25669","F11-007","leaf","plant",NA,"France",-0.69,45.43
"382","F11-008","","SRM987",0.71023,"TIMS","bulk solid","bulk solid",4e-05,"organism : plant : plant tissue : leaf","","","","","other","","","field","M. Willmes","malte.willmes@anu.edu.au","","","","","","","Willmes et al. (2014)- The IRHUM (Isotopic Reconstruction of Human Migration) database - bioavailable strontium isotope ratios for geochemical fingerprinting in France. Earth Syst Sci Data, 6.",NA,NA,0.710942,NA,"unknown","unknown","https://doi.org/10.5194/essd-6-117-2014","DOI","LIT","F11-008","ARDUOUS-25670","F11-008","leaf","plant",NA,"France",-0.74,45.41
"383","F11-009","","SRM987",0.71023,"TIMS","bulk solid","bulk solid",4e-05,"organism : plant : plant tissue : leaf","","","","","other","","","field","M. Willmes","malte.willmes@anu.edu.au","","","","","","","Willmes et al. (2014)- The IRHUM (Isotopic Reconstruction of Human Migration) database - bioavailable strontium isotope ratios for geochemical fingerprinting in France. Earth Syst Sci Data, 6.",NA,NA,0.709518,NA,"unknown","unknown","https://doi.org/10.5194/essd-6-117-2014","DOI","LIT","F11-009","ARDUOUS-25671","F11-009","leaf","plant",NA,"France",-0.67,45.2
"384","F11-010","","SRM987",0.71023,"TIMS","bulk solid","bulk solid",4e-05,"organism : plant : plant tissue : leaf","","","","","other","","","field","M. Willmes","malte.willmes@anu.edu.au","","","","","","","Willmes et al. (2014)- The IRHUM (Isotopic Reconstruction of Human Migration) database - bioavailable strontium isotope ratios for geochemical fingerprinting in France. Earth Syst Sci Data, 6.",NA,NA,0.710783,NA,"unknown","unknown","https://doi.org/10.5194/essd-6-117-2014","DOI","LIT","F11-010","ARDUOUS-25672","F11-010","leaf","plant",NA,"France",-0.51,45.04
"385","F11-011","","SRM987",0.71023,"TIMS","bulk solid","bulk solid",4e-05,"organism : plant : plant tissue : leaf","","","","","other","","","field","M. Willmes","malte.willmes@anu.edu.au","","","","","","","Willmes et al. (2014)- The IRHUM (Isotopic Reconstruction of Human Migration) database - bioavailable strontium isotope ratios for geochemical fingerprinting in France. Earth Syst Sci Data, 6.",NA,NA,0.710274,NA,"unknown","unknown","https://doi.org/10.5194/essd-6-117-2014","DOI","LIT","F11-011","ARDUOUS-25673","F11-011","leaf","plant",NA,"France",-0.29,45.3
"386","F11-012","","SRM987",0.71023,"TIMS","bulk solid","bulk solid",4e-05,"organism : plant : plant tissue : leaf","","","","","other","","","field","M. Willmes","malte.willmes@anu.edu.au","","","","","","","Willmes et al. (2014)- The IRHUM (Isotopic Reconstruction of Human Migration) database - bioavailable strontium isotope ratios for geochemical fingerprinting in France. Earth Syst Sci Data, 6.",NA,NA,0.714108,NA,"unknown","unknown","https://doi.org/10.5194/essd-6-117-2014","DOI","LIT","F11-012","ARDUOUS-25674","F11-012","leaf","plant",NA,"France",-0.09,45.33
"387","F11-012","","SRM987",0.71023,"TIMS","bulk solid","bulk solid",4e-05,"organism : plant : plant tissue : leaf","","","","","other","","","field","M. Willmes","malte.willmes@anu.edu.au","","","","","","","Willmes et al. (2014)- The IRHUM (Isotopic Reconstruction of Human Migration) database - bioavailable strontium isotope ratios for geochemical fingerprinting in France. Earth Syst Sci Data, 6.",NA,NA,0.714144,NA,"unknown","unknown","https://doi.org/10.5194/essd-6-117-2014","DOI","LIT","F11-012","ARDUOUS-25675","F11-012","leaf","plant",NA,"France",-0.09,45.33
"388","F11-013","","SRM987",0.71023,"TIMS","bulk solid","bulk solid",4e-05,"organism : plant : plant tissue : leaf","","","","","other","","","field","M. Willmes","malte.willmes@anu.edu.au","","","","","","","Willmes et al. (2014)- The IRHUM (Isotopic Reconstruction of Human Migration) database - bioavailable strontium isotope ratios for geochemical fingerprinting in France. Earth Syst Sci Data, 6.",NA,NA,0.708026,NA,"unknown","unknown","https://doi.org/10.5194/essd-6-117-2014","DOI","LIT","F11-013","ARDUOUS-25676","F11-013","leaf","plant",NA,"France",-0.03,45.32
"389","F11-014","","SRM987",0.71023,"TIMS","bulk solid","bulk solid",4e-05,"organism : plant : plant tissue : leaf","","","","","other","","","field","M. Willmes","malte.willmes@anu.edu.au","","","","","","","Willmes et al. (2014)- The IRHUM (Isotopic Reconstruction of Human Migration) database - bioavailable strontium isotope ratios for geochemical fingerprinting in France. Earth Syst Sci Data, 6.",NA,NA,0.708776,NA,"unknown","unknown","https://doi.org/10.5194/essd-6-117-2014","DOI","LIT","F11-014","ARDUOUS-25677","F11-014","leaf","plant",NA,"France",0.19,45.36
"390","F11-015","","SRM987",0.71023,"TIMS","bulk solid","bulk solid",4e-05,"organism : plant : plant tissue : leaf","","","","","other","","","field","M. Willmes","malte.willmes@anu.edu.au","","","","","","","Willmes et al. (2014)- The IRHUM (Isotopic Reconstruction of Human Migration) database - bioavailable strontium isotope ratios for geochemical fingerprinting in France. Earth Syst Sci Data, 6.",NA,NA,0.708166,NA,"unknown","unknown","https://doi.org/10.5194/essd-6-117-2014","DOI","LIT","F11-015","ARDUOUS-25678","F11-015","leaf","plant",NA,"France",0.36,45.33
"391","F11-016","","SRM987",0.71023,"TIMS","bulk solid","bulk solid",4e-05,"organism : plant : plant tissue : leaf","","","","","other","","","field","M. Willmes","malte.willmes@anu.edu.au","","","Hedera","genus","","","Willmes et al. (2014)- The IRHUM (Isotopic Reconstruction of Human Migration) database - bioavailable strontium isotope ratios for geochemical fingerprinting in France. Earth Syst Sci Data, 6.",NA,NA,0.708528,NA,"unknown","unknown","https://doi.org/10.5194/essd-6-117-2014","DOI","LIT","F11-016","ARDUOUS-25679","F11-016","leaf","plant",NA,"France",0.51,45.33
"392","F11-017","","SRM987",0.71023,"TIMS","bulk solid","bulk solid",4e-05,"organism : plant : plant tissue : leaf","","","","","other","","","field","M. Willmes","malte.willmes@anu.edu.au","","","","","","","Willmes et al. (2014)- The IRHUM (Isotopic Reconstruction of Human Migration) database - bioavailable strontium isotope ratios for geochemical fingerprinting in France. Earth Syst Sci Data, 6.",NA,NA,0.710442,NA,"unknown","unknown","https://doi.org/10.5194/essd-6-117-2014","DOI","LIT","F11-017","ARDUOUS-25680","F11-017","leaf","plant",NA,"France",0.39,45.46
"393","F11-018","","SRM987",0.71023,"TIMS","bulk solid","bulk solid",4e-05,"organism : plant : plant tissue : leaf","","","","","other","","","field","M. Willmes","malte.willmes@anu.edu.au","","","","","","","Willmes et al. (2014)- The IRHUM (Isotopic Reconstruction of Human Migration) database - bioavailable strontium isotope ratios for geochemical fingerprinting in France. Earth Syst Sci Data, 6.",NA,NA,0.7106,NA,"unknown","unknown","https://doi.org/10.5194/essd-6-117-2014","DOI","LIT","F11-018","ARDUOUS-25681","F11-018","leaf","plant",NA,"France",0.66,45.53
"394","F11-018","","SRM987",0.71023,"TIMS","bulk solid","bulk solid",4e-05,"organism : plant : plant tissue : leaf","","","","","other","","","field","M. Willmes","malte.willmes@anu.edu.au","","","","","","","Willmes et al. (2014)- The IRHUM (Isotopic Reconstruction of Human Migration) database - bioavailable strontium isotope ratios for geochemical fingerprinting in France. Earth Syst Sci Data, 6.",NA,NA,0.715971,NA,"unknown","unknown","https://doi.org/10.5194/essd-6-117-2014","DOI","LIT","F11-018","ARDUOUS-25682","F11-018","leaf","plant",NA,"France",0.66,45.53
"395","F11-019","","SRM987",0.71023,"TIMS","bulk solid","bulk solid",4e-05,"organism : plant : plant tissue : leaf","","","","","other","","","field","M. Willmes","malte.willmes@anu.edu.au","","","","","","","Willmes et al. (2014)- The IRHUM (Isotopic Reconstruction of Human Migration) database - bioavailable strontium isotope ratios for geochemical fingerprinting in France. Earth Syst Sci Data, 6.",NA,NA,0.709343,NA,"unknown","unknown","https://doi.org/10.5194/essd-6-117-2014","DOI","LIT","F11-019","ARDUOUS-25683","F11-019","leaf","plant",NA,"France",0.87,45.41
"396","F11-019","","SRM987",0.71023,"TIMS","bulk solid","bulk solid",4e-05,"organism : plant : plant tissue : leaf","","","","","other","","","field","M. Willmes","malte.willmes@anu.edu.au","","","","","","","Willmes et al. (2014)- The IRHUM (Isotopic Reconstruction of Human Migration) database - bioavailable strontium isotope ratios for geochemical fingerprinting in France. Earth Syst Sci Data, 6.",NA,NA,0.716571,NA,"unknown","unknown","https://doi.org/10.5194/essd-6-117-2014","DOI","LIT","F11-019","ARDUOUS-25684","F11-019","leaf","plant",NA,"France",0.87,45.41
"397","F11-020","","SRM987",0.71023,"TIMS","bulk solid","bulk solid",4e-05,"organism : plant : plant tissue : leaf","","","","","other","","","field","M. Willmes","malte.willmes@anu.edu.au","","","","","","","Willmes et al. (2014)- The IRHUM (Isotopic Reconstruction of Human Migration) database - bioavailable strontium isotope ratios for geochemical fingerprinting in France. Earth Syst Sci Data, 6.",NA,NA,0.711898,NA,"unknown","unknown","https://doi.org/10.5194/essd-6-117-2014","DOI","LIT","F11-020","ARDUOUS-25685","F11-020","leaf","plant",NA,"France",1.09,45.34
"398","F11-022","","SRM987",0.71023,"TIMS","bulk solid","bulk solid",4e-05,"organism : plant : plant tissue : leaf","","","","","other","","","field","M. Willmes","malte.willmes@anu.edu.au","","","","","","","Willmes et al. (2014)- The IRHUM (Isotopic Reconstruction of Human Migration) database - bioavailable strontium isotope ratios for geochemical fingerprinting in France. Earth Syst Sci Data, 6.",NA,NA,0.709489,NA,"unknown","unknown","https://doi.org/10.5194/essd-6-117-2014","DOI","LIT","F11-022","ARDUOUS-25686","F11-022","leaf","plant",NA,"France",1.13,45.21
"399","F11-025","","SRM987",0.71023,"TIMS","bulk solid","bulk solid",4e-05,"organism : plant : plant tissue : leaf","","","","","other","","","field","M. Willmes","malte.willmes@anu.edu.au","","","","","","","Willmes et al. (2014)- The IRHUM (Isotopic Reconstruction of Human Migration) database - bioavailable strontium isotope ratios for geochemical fingerprinting in France. Earth Syst Sci Data, 6.",NA,NA,0.711789,NA,"unknown","unknown","https://doi.org/10.5194/essd-6-117-2014","DOI","LIT","F11-025","ARDUOUS-25687","F11-025","leaf","plant",NA,"France",0.93,45.09
"400","F11-026","","SRM987",0.71023,"TIMS","bulk solid","bulk solid",4e-05,"organism : plant : plant tissue : leaf","","","","","other","","","field","M. Willmes","malte.willmes@anu.edu.au","","","","","","","Willmes et al. (2014)- The IRHUM (Isotopic Reconstruction of Human Migration) database - bioavailable strontium isotope ratios for geochemical fingerprinting in France. Earth Syst Sci Data, 6.",NA,NA,0.7198,NA,"unknown","unknown","https://doi.org/10.5194/essd-6-117-2014","DOI","LIT","F11-026","ARDUOUS-25688","F11-026","leaf","plant",NA,"France",-0.8,44.73
"401","F11-027","","SRM987",0.71023,"TIMS","bulk solid","bulk solid",4e-05,"organism : plant : plant tissue : leaf","","","","","other","","","field","M. Willmes","malte.willmes@anu.edu.au","","","","","","","Willmes et al. (2014)- The IRHUM (Isotopic Reconstruction of Human Migration) database - bioavailable strontium isotope ratios for geochemical fingerprinting in France. Earth Syst Sci Data, 6.",NA,NA,0.710097,NA,"unknown","unknown","https://doi.org/10.5194/essd-6-117-2014","DOI","LIT","F11-027","ARDUOUS-25689","F11-027","leaf","plant",NA,"France",-1.22,44.58
"402","F11-028","","SRM987",0.71023,"TIMS","bulk solid","bulk solid",4e-05,"organism : plant : plant tissue : leaf","","","","","other","","","field","M. Willmes","malte.willmes@anu.edu.au","","","","","","","Willmes et al. (2014)- The IRHUM (Isotopic Reconstruction of Human Migration) database - bioavailable strontium isotope ratios for geochemical fingerprinting in France. Earth Syst Sci Data, 6.",NA,NA,0.711165,NA,"unknown","unknown","https://doi.org/10.5194/essd-6-117-2014","DOI","LIT","F11-028","ARDUOUS-25690","F11-028","leaf","plant",NA,"France",-1.22,44.13
"403","F11-037","","SRM987",0.71023,"TIMS","bulk solid","bulk solid",4e-05,"organism : plant : plant tissue : leaf","","","","","other","","","field","M. Willmes","malte.willmes@gmail.com","","","","","","","Willmes et al. (2014)- The IRHUM (Isotopic Reconstruction of Human Migration) database - bioavailable strontium isotope ratios for geochemical fingerprinting in France. Earth Syst Sci Data, 6.",NA,NA,0.711962,NA,"unknown","unknown","https://doi.org/10.5194/essd-6-117-2014","DOI","LIT","F11-037","ARDUOUS-25691","F11-037","leaf","plant",NA,"France",0.38,42.98
"404","F11-038","","SRM987",0.71023,"TIMS","bulk solid","bulk solid",4e-05,"organism : plant : plant tissue : leaf","","","","","other","","","field","M. Willmes","malte.willmes@gmail.com","","","","","","","Willmes et al. (2014)- The IRHUM (Isotopic Reconstruction of Human Migration) database - bioavailable strontium isotope ratios for geochemical fingerprinting in France. Earth Syst Sci Data, 6.",NA,NA,0.709222,NA,"unknown","unknown","https://doi.org/10.5194/essd-6-117-2014","DOI","LIT","F11-038","ARDUOUS-25692","F11-038","leaf","plant",NA,"France",0.38,42.96
"405","F11-039","","SRM987",0.71023,"TIMS","bulk solid","bulk solid",4e-05,"organism : plant : plant tissue : leaf","","","","","other","","","field","M. Willmes","malte.willmes@gmail.com","","","","","","","Willmes et al. (2014)- The IRHUM (Isotopic Reconstruction of Human Migration) database - bioavailable strontium isotope ratios for geochemical fingerprinting in France. Earth Syst Sci Data, 6.",NA,NA,0.710573,NA,"unknown","unknown","https://doi.org/10.5194/essd-6-117-2014","DOI","LIT","F11-039","ARDUOUS-25693","F11-039","leaf","plant",NA,"France",0.38,42.95
"406","F11-040","","SRM987",0.71023,"TIMS","bulk solid","bulk solid",4e-05,"organism : plant : plant tissue : leaf","","","","","other","","","field","M. Willmes","malte.willmes@gmail.com","","","","","","","Willmes et al. (2014)- The IRHUM (Isotopic Reconstruction of Human Migration) database - bioavailable strontium isotope ratios for geochemical fingerprinting in France. Earth Syst Sci Data, 6.",NA,NA,0.715662,NA,"unknown","unknown","https://doi.org/10.5194/essd-6-117-2014","DOI","LIT","F11-040","ARDUOUS-25694","F11-040","leaf","plant",NA,"France",0.22,42.81
"407","F11-041","","SRM987",0.71023,"TIMS","bulk solid","bulk solid",4e-05,"organism : plant : plant tissue : leaf","","","","","other","","","field","M. Willmes","malte.willmes@gmail.com","","","","","","","Willmes et al. (2014)- The IRHUM (Isotopic Reconstruction of Human Migration) database - bioavailable strontium isotope ratios for geochemical fingerprinting in France. Earth Syst Sci Data, 6.",NA,NA,0.712164,NA,"unknown","unknown","https://doi.org/10.5194/essd-6-117-2014","DOI","LIT","F11-041","ARDUOUS-25695","F11-041","leaf","plant",NA,"France",0.37,42.94
"408","F11-042","","SRM987",0.71023,"TIMS","bulk solid","bulk solid",4e-05,"organism : plant : plant tissue : leaf","","","","","other","","","field","M. Willmes","malte.willmes@gmail.com","","","","","","","Willmes et al. (2014)- The IRHUM (Isotopic Reconstruction of Human Migration) database - bioavailable strontium isotope ratios for geochemical fingerprinting in France. Earth Syst Sci Data, 6.",NA,NA,0.710119,NA,"unknown","unknown","https://doi.org/10.5194/essd-6-117-2014","DOI","LIT","F11-042","ARDUOUS-25696","F11-042","leaf","plant",NA,"France",0.37,42.94
"409","F11-043","","SRM987",0.71023,"TIMS","bulk solid","bulk solid",4e-05,"organism : plant : plant tissue : leaf","","","","","other","","","field","M. Willmes","malte.willmes@gmail.com","","","","","","","Willmes et al. (2014)- The IRHUM (Isotopic Reconstruction of Human Migration) database - bioavailable strontium isotope ratios for geochemical fingerprinting in France. Earth Syst Sci Data, 6.",NA,NA,0.70893,NA,"unknown","unknown","https://doi.org/10.5194/essd-6-117-2014","DOI","LIT","F11-043","ARDUOUS-25697","F11-043","leaf","plant",NA,"France",0.35,42.89
"410","F11-044","","SRM987",0.71023,"TIMS","bulk solid","bulk solid",4e-05,"organism : plant : plant tissue : leaf","","","","","other","","","field","M. Willmes","malte.willmes@gmail.com","","","","","","","Willmes et al. (2014)- The IRHUM (Isotopic Reconstruction of Human Migration) database - bioavailable strontium isotope ratios for geochemical fingerprinting in France. Earth Syst Sci Data, 6.",NA,NA,0.713421,NA,"unknown","unknown","https://doi.org/10.5194/essd-6-117-2014","DOI","LIT","F11-044","ARDUOUS-25698","F11-044","leaf","plant",NA,"France",0.34,42.85
"411","F11-045","","SRM987",0.71023,"TIMS","bulk solid","bulk solid",4e-05,"organism : plant : plant tissue : leaf","","","","","other","","","field","M. Willmes","malte.willmes@gmail.com","","","","","","","Willmes et al. (2014)- The IRHUM (Isotopic Reconstruction of Human Migration) database - bioavailable strontium isotope ratios for geochemical fingerprinting in France. Earth Syst Sci Data, 6.",NA,NA,0.712983,NA,"unknown","unknown","https://doi.org/10.5194/essd-6-117-2014","DOI","LIT","F11-045","ARDUOUS-25699","F11-045","leaf","plant",NA,"France",0.17,42.82
"412","F11-046","","SRM987",0.71023,"TIMS","bulk solid","bulk solid",4e-05,"organism : plant : plant tissue : leaf","","","","","other","","","field","M. Willmes","malte.willmes@gmail.com","","","","","","","Willmes et al. (2014)- The IRHUM (Isotopic Reconstruction of Human Migration) database - bioavailable strontium isotope ratios for geochemical fingerprinting in France. Earth Syst Sci Data, 6.",NA,NA,0.71063,NA,"unknown","unknown","https://doi.org/10.5194/essd-6-117-2014","DOI","LIT","F11-046","ARDUOUS-25700","F11-046","leaf","plant",NA,"France",0.18,42.82
"413","F11-047","","SRM987",0.71023,"TIMS","bulk solid","bulk solid",4e-05,"organism : plant : plant tissue : leaf","","","","","other","","","field","M. Willmes","malte.willmes@gmail.com","","","","","","","Willmes et al. (2014)- The IRHUM (Isotopic Reconstruction of Human Migration) database - bioavailable strontium isotope ratios for geochemical fingerprinting in France. Earth Syst Sci Data, 6.",NA,NA,0.711804,NA,"unknown","unknown","https://doi.org/10.5194/essd-6-117-2014","DOI","LIT","F11-047","ARDUOUS-25701","F11-047","leaf","plant",NA,"France",0.23,42.81
"414","F11-048","","SRM987",0.71023,"TIMS","bulk solid","bulk solid",4e-05,"organism : plant : plant tissue : leaf","","","","","other","","","field","M. Willmes","malte.willmes@gmail.com","","","","","","","Willmes et al. (2014)- The IRHUM (Isotopic Reconstruction of Human Migration) database - bioavailable strontium isotope ratios for geochemical fingerprinting in France. Earth Syst Sci Data, 6.",NA,NA,0.712575,NA,"unknown","unknown","https://doi.org/10.5194/essd-6-117-2014","DOI","LIT","F11-048","ARDUOUS-25702","F11-048","leaf","plant",NA,"France",0.23,42.79
"415","F11-049","","SRM987",0.71023,"TIMS","bulk solid","bulk solid",4e-05,"organism : plant : plant tissue : leaf","","","","","other","","","field","M. Willmes","malte.willmes@gmail.com","","","","","","","Willmes et al. (2014)- The IRHUM (Isotopic Reconstruction of Human Migration) database - bioavailable strontium isotope ratios for geochemical fingerprinting in France. Earth Syst Sci Data, 6.",NA,NA,0.710198,NA,"unknown","unknown","https://doi.org/10.5194/essd-6-117-2014","DOI","LIT","F11-049","ARDUOUS-25703","F11-049","leaf","plant",NA,"France",0.69,43.59
"416","F11-049","","SRM987",0.71023,"TIMS","bulk solid","bulk solid",4e-05,"organism : plant : plant tissue : leaf","","","","","other","","","field","M. Willmes","malte.willmes@gmail.com","","","","","","","Willmes et al. (2014)- The IRHUM (Isotopic Reconstruction of Human Migration) database - bioavailable strontium isotope ratios for geochemical fingerprinting in France. Earth Syst Sci Data, 6.",NA,NA,0.710532,NA,"unknown","unknown","https://doi.org/10.5194/essd-6-117-2014","DOI","LIT","F11-049","ARDUOUS-25704","F11-049","leaf","plant",NA,"France",0.69,43.59
"417","F11-050","","SRM987",0.71023,"TIMS","bulk solid","bulk solid",4e-05,"organism : plant : plant tissue : leaf","","","","","other","","","field","M. Willmes","malte.willmes@gmail.com","","","","","","","Willmes et al. (2014)- The IRHUM (Isotopic Reconstruction of Human Migration) database - bioavailable strontium isotope ratios for geochemical fingerprinting in France. Earth Syst Sci Data, 6.",NA,NA,0.713809,NA,"unknown","unknown","https://doi.org/10.5194/essd-6-117-2014","DOI","LIT","F11-050","ARDUOUS-25705","F11-050","leaf","plant",NA,"France",1.08,43.49
"418","F11-051","","SRM987",0.71023,"TIMS","bulk solid","bulk solid",4e-05,"organism : plant : plant tissue : leaf","","","","","other","","","field","M. Willmes","malte.willmes@gmail.com","","","","","","","Willmes et al. (2014)- The IRHUM (Isotopic Reconstruction of Human Migration) database - bioavailable strontium isotope ratios for geochemical fingerprinting in France. Earth Syst Sci Data, 6.",NA,NA,0.712975,NA,"unknown","unknown","https://doi.org/10.5194/essd-6-117-2014","DOI","LIT","F11-051","ARDUOUS-25706","F11-051","leaf","plant",NA,"France",1.22,43.51
"419","F11-052","","SRM987",0.71023,"TIMS","bulk solid","bulk solid",4e-05,"organism : plant : plant tissue : leaf","","","","","other","","","field","M. Willmes","malte.willmes@gmail.com","","","","","","","Willmes et al. (2014)- The IRHUM (Isotopic Reconstruction of Human Migration) database - bioavailable strontium isotope ratios for geochemical fingerprinting in France. Earth Syst Sci Data, 6.",NA,NA,0.712851,NA,"unknown","unknown","https://doi.org/10.5194/essd-6-117-2014","DOI","LIT","F11-052","ARDUOUS-25707","F11-052","leaf","plant",NA,"France",1.43,43.21
"420","F11-053","","SRM987",0.71023,"TIMS","bulk solid","bulk solid",4e-05,"organism : plant : plant tissue : leaf","","","","","other","","","field","M. Willmes","malte.willmes@gmail.com","","","","","","","Willmes et al. (2014)- The IRHUM (Isotopic Reconstruction of Human Migration) database - bioavailable strontium isotope ratios for geochemical fingerprinting in France. Earth Syst Sci Data, 6.",NA,NA,0.713756,NA,"unknown","unknown","https://doi.org/10.5194/essd-6-117-2014","DOI","LIT","F11-053","ARDUOUS-25708","F11-053","leaf","plant",NA,"France",1.85,43.47
"421","F11-054","","SRM987",0.71023,"TIMS","bulk solid","bulk solid",4e-05,"organism : plant : plant tissue : leaf","","","","","other","","","field","M. Willmes","malte.willmes@gmail.com","","","","","","","Willmes et al. (2014)- The IRHUM (Isotopic Reconstruction of Human Migration) database - bioavailable strontium isotope ratios for geochemical fingerprinting in France. Earth Syst Sci Data, 6.",NA,NA,0.713027,NA,"unknown","unknown","https://doi.org/10.5194/essd-6-117-2014","DOI","LIT","F11-054","ARDUOUS-25709","F11-054","leaf","plant",NA,"France",1.73,43.93
"422","F11-055","","SRM987",0.71023,"TIMS","bulk solid","bulk solid",4e-05,"organism : plant : plant tissue : leaf","","","","","other","","","field","M. Willmes","malte.willmes@gmail.com","","","","","","","Willmes et al. (2014)- The IRHUM (Isotopic Reconstruction of Human Migration) database - bioavailable strontium isotope ratios for geochemical fingerprinting in France. Earth Syst Sci Data, 6.",NA,NA,0.709544,NA,"unknown","unknown","https://doi.org/10.5194/essd-6-117-2014","DOI","LIT","F11-055","ARDUOUS-25710","F11-055","leaf","plant",NA,"France",1.67,44.02
"423","F11-056","","SRM987",0.71023,"TIMS","bulk solid","bulk solid",4e-05,"organism : plant : plant tissue : leaf","","","","","other","","","field","M. Willmes","malte.willmes@gmail.com","","","","","","","Willmes et al. (2014)- The IRHUM (Isotopic Reconstruction of Human Migration) database - bioavailable strontium isotope ratios for geochemical fingerprinting in France. Earth Syst Sci Data, 6.",NA,NA,0.708993,NA,"unknown","unknown","https://doi.org/10.5194/essd-6-117-2014","DOI","LIT","F11-056","ARDUOUS-25711","F11-056","leaf","plant",NA,"France",1.54,44.52
"424","F11-057","","SRM987",0.71023,"TIMS","bulk solid","bulk solid",4e-05,"organism : plant : plant tissue : leaf","","","","","other","","","field","M. Willmes","malte.willmes@gmail.com","","","","","","","Willmes et al. (2014)- The IRHUM (Isotopic Reconstruction of Human Migration) database - bioavailable strontium isotope ratios for geochemical fingerprinting in France. Earth Syst Sci Data, 6.",NA,NA,0.709011,NA,"unknown","unknown","https://doi.org/10.5194/essd-6-117-2014","DOI","LIT","F11-057","ARDUOUS-25712","F11-057","leaf","plant",NA,"France",1.77,44.42
"425","F11-058","","SRM987",0.71023,"TIMS","bulk solid","bulk solid",4e-05,"organism : plant : plant tissue : leaf","","","","","other","","","field","M. Willmes","malte.willmes@gmail.com","","","","","","","Willmes et al. (2014)- The IRHUM (Isotopic Reconstruction of Human Migration) database - bioavailable strontium isotope ratios for geochemical fingerprinting in France. Earth Syst Sci Data, 6.",NA,NA,0.708498,NA,"unknown","unknown","https://doi.org/10.5194/essd-6-117-2014","DOI","LIT","F11-058","ARDUOUS-25713","F11-058","leaf","plant",NA,"France",1.78,44.24
"426","F11-059","","SRM987",0.71023,"TIMS","bulk solid","bulk solid",4e-05,"organism : plant : plant tissue : leaf","","","","","other","","","field","M. Willmes","malte.willmes@gmail.com","","","","","","","Willmes et al. (2014)- The IRHUM (Isotopic Reconstruction of Human Migration) database - bioavailable strontium isotope ratios for geochemical fingerprinting in France. Earth Syst Sci Data, 6.",NA,NA,0.710064,NA,"unknown","unknown","https://doi.org/10.5194/essd-6-117-2014","DOI","LIT","F11-059","ARDUOUS-25714","F11-059","leaf","plant",NA,"France",0.75,43.87
"427","F11-060","","SRM987",0.71023,"TIMS","bulk solid","bulk solid",4e-05,"organism : plant : plant tissue : leaf","","","","","other","","","field","M. Willmes","malte.willmes@gmail.com","","","","","","","Willmes et al. (2014)- The IRHUM (Isotopic Reconstruction of Human Migration) database - bioavailable strontium isotope ratios for geochemical fingerprinting in France. Earth Syst Sci Data, 6.",NA,NA,0.709864,NA,"unknown","unknown","https://doi.org/10.5194/essd-6-117-2014","DOI","LIT","F11-060","ARDUOUS-25715","F11-060","leaf","plant",NA,"France",0.55,43.8
"428","F11-061","","SRM987",0.71023,"TIMS","bulk solid","bulk solid",4e-05,"organism : plant : plant tissue : leaf","","","","","other","","","field","M. Willmes","malte.willmes@gmail.com","","","Hedera","genus","","","Willmes et al. (2014)- The IRHUM (Isotopic Reconstruction of Human Migration) database - bioavailable strontium isotope ratios for geochemical fingerprinting in France. Earth Syst Sci Data, 6.",NA,NA,0.709955,NA,"unknown","unknown","https://doi.org/10.5194/essd-6-117-2014","DOI","LIT","F11-061","ARDUOUS-25716","F11-061","leaf","plant",NA,"France",0.23,43.58
"429","F11-062","","SRM987",0.71023,"TIMS","bulk solid","bulk solid",4e-05,"organism : plant : plant tissue : leaf","","","","","other","","","field","M. Willmes","malte.willmes@gmail.com","","","","","","","Willmes et al. (2014)- The IRHUM (Isotopic Reconstruction of Human Migration) database - bioavailable strontium isotope ratios for geochemical fingerprinting in France. Earth Syst Sci Data, 6.",NA,NA,0.713591,NA,"unknown","unknown","https://doi.org/10.5194/essd-6-117-2014","DOI","LIT","F11-062","ARDUOUS-25717","F11-062","leaf","plant",NA,"France",-0.16,43.44
"430","F11-063","","SRM987",0.71023,"TIMS","bulk solid","bulk solid",4e-05,"organism : plant : plant tissue : leaf","","","","","other","","","field","M. Willmes","malte.willmes@gmail.com","","","Trifolieae","tribe","","","Willmes et al. (2014)- The IRHUM (Isotopic Reconstruction of Human Migration) database - bioavailable strontium isotope ratios for geochemical fingerprinting in France. Earth Syst Sci Data, 6.",NA,NA,0.710128,NA,"unknown","unknown","https://doi.org/10.5194/essd-6-117-2014","DOI","LIT","F11-063","ARDUOUS-25718","F11-063","leaf","plant",NA,"France",-0.55,43.51
"431","F11-064","","SRM987",0.71023,"TIMS","bulk solid","bulk solid",4e-05,"organism : plant : plant tissue : leaf","","","","","other","","","field","M. Willmes","malte.willmes@gmail.com","","","","","","","Willmes et al. (2014)- The IRHUM (Isotopic Reconstruction of Human Migration) database - bioavailable strontium isotope ratios for geochemical fingerprinting in France. Earth Syst Sci Data, 6.",NA,NA,0.710117,NA,"unknown","unknown","https://doi.org/10.5194/essd-6-117-2014","DOI","LIT","F11-064","ARDUOUS-25719","F11-064","leaf","plant",NA,"France",0.14,42.82
"432","F11-065","","SRM987",0.71023,"TIMS","bulk solid","bulk solid",4e-05,"organism : plant : plant tissue : leaf","","","","","other","","","field","M. Willmes","malte.willmes@gmail.com","","","","","","","Willmes et al. (2014)- The IRHUM (Isotopic Reconstruction of Human Migration) database - bioavailable strontium isotope ratios for geochemical fingerprinting in France. Earth Syst Sci Data, 6.",NA,NA,0.709878,NA,"unknown","unknown","https://doi.org/10.5194/essd-6-117-2014","DOI","LIT","F11-065","ARDUOUS-25720","F11-065","leaf","plant",NA,"France",0.15,42.82
"433","F11-066","","SRM987",0.71023,"TIMS","bulk solid","bulk solid",4e-05,"organism : plant : plant tissue : leaf","","","","","other","","","field","M. Willmes","malte.willmes@gmail.com","","","","","","","Willmes et al. (2014)- The IRHUM (Isotopic Reconstruction of Human Migration) database - bioavailable strontium isotope ratios for geochemical fingerprinting in France. Earth Syst Sci Data, 6.",NA,NA,0.710851,NA,"unknown","unknown","https://doi.org/10.5194/essd-6-117-2014","DOI","LIT","F11-066","ARDUOUS-25721","F11-066","leaf","plant",NA,"France",0.27,42.8
"434","F11-067","","SRM987",0.71023,"TIMS","bulk solid","bulk solid",4e-05,"organism : plant : plant tissue : leaf","","","","","other","","","field","M. Willmes","malte.willmes@gmail.com","","","","","","","Willmes et al. (2014)- The IRHUM (Isotopic Reconstruction of Human Migration) database - bioavailable strontium isotope ratios for geochemical fingerprinting in France. Earth Syst Sci Data, 6.",NA,NA,0.712944,NA,"unknown","unknown","https://doi.org/10.5194/essd-6-117-2014","DOI","LIT","F11-067","ARDUOUS-25722","F11-067","leaf","plant",NA,"France",0.39,42.87
"435","F11-068","","SRM987",0.71023,"TIMS","bulk solid","bulk solid",4e-05,"organism : plant : plant tissue : leaf","","","","","other","","","field","M. Willmes","malte.willmes@gmail.com","","","","","","","Willmes et al. (2014)- The IRHUM (Isotopic Reconstruction of Human Migration) database - bioavailable strontium isotope ratios for geochemical fingerprinting in France. Earth Syst Sci Data, 6.",NA,NA,0.710104,NA,"unknown","unknown","https://doi.org/10.5194/essd-6-117-2014","DOI","LIT","F11-068","ARDUOUS-25723","F11-068","leaf","plant",NA,"France",0.37,42.93
"436","F11-069","","SRM987",0.71023,"TIMS","bulk solid","bulk solid",4e-05,"organism : plant : plant tissue : leaf","","","","","other","","","field","M. Willmes","malte.willmes@gmail.com","","","","","","","Willmes et al. (2014)- The IRHUM (Isotopic Reconstruction of Human Migration) database - bioavailable strontium isotope ratios for geochemical fingerprinting in France. Earth Syst Sci Data, 6.",NA,NA,0.708319,NA,"unknown","unknown","https://doi.org/10.5194/essd-6-117-2014","DOI","LIT","F11-069","ARDUOUS-25724","F11-069","leaf","plant",NA,"France",0.36,43.02
"437","F11-070","","SRM987",0.71023,"TIMS","bulk solid","bulk solid",4e-05,"organism : plant : plant tissue : leaf","","","","","other","","","field","M. Willmes","malte.willmes@gmail.com","","","","","","","Willmes et al. (2014)- The IRHUM (Isotopic Reconstruction of Human Migration) database - bioavailable strontium isotope ratios for geochemical fingerprinting in France. Earth Syst Sci Data, 6.",NA,NA,0.710002,NA,"unknown","unknown","https://doi.org/10.5194/essd-6-117-2014","DOI","LIT","F11-070","ARDUOUS-25725","F11-070","leaf","plant",NA,"France",0.33,43.04
"438","F11-073","","SRM987",0.71023,"TIMS","bulk solid","bulk solid",4e-05,"organism : plant : plant tissue : leaf","","","","","other","","","field","M. Willmes","malte.willmes@gmail.com","","","Polypodiopsida","class","","","Willmes et al. (2014)- The IRHUM (Isotopic Reconstruction of Human Migration) database - bioavailable strontium isotope ratios for geochemical fingerprinting in France. Earth Syst Sci Data, 6.",NA,NA,0.712129,NA,"unknown","unknown","https://doi.org/10.5194/essd-6-117-2014","DOI","LIT","F11-073","ARDUOUS-25726","F11-073","leaf","plant",NA,"France",-0.01,43.28
"439","F11-076","","SRM987",0.71023,"TIMS","bulk solid","bulk solid",4e-05,"organism : plant : plant tissue : leaf","","","","","other","","","field","M. Willmes","malte.willmes@gmail.com","","","","","","","Willmes et al. (2014)- The IRHUM (Isotopic Reconstruction of Human Migration) database - bioavailable strontium isotope ratios for geochemical fingerprinting in France. Earth Syst Sci Data, 6.",NA,NA,0.710529,NA,"unknown","unknown","https://doi.org/10.5194/essd-6-117-2014","DOI","LIT","F11-076","ARDUOUS-25727","F11-076","leaf","plant",NA,"France",-0.32,44.35
"440","F11-078","","SRM987",0.71023,"TIMS","bulk solid","bulk solid",4e-05,"organism : plant : plant tissue : leaf","","","","","other","","","field","M. Willmes","malte.willmes@gmail.com","","","","","","","Willmes et al. (2014)- The IRHUM (Isotopic Reconstruction of Human Migration) database - bioavailable strontium isotope ratios for geochemical fingerprinting in France. Earth Syst Sci Data, 6.",NA,NA,0.712183,NA,"unknown","unknown","https://doi.org/10.5194/essd-6-117-2014","DOI","LIT","F11-078","ARDUOUS-25728","F11-078","leaf","plant",NA,"France",0.66,44.64
"441","F11-079","","SRM987",0.71023,"TIMS","bulk solid","bulk solid",4e-05,"organism : plant : plant tissue : leaf","","","","","other","","","field","M. Willmes","malte.willmes@gmail.com","","","","","","","Willmes et al. (2014)- The IRHUM (Isotopic Reconstruction of Human Migration) database - bioavailable strontium isotope ratios for geochemical fingerprinting in France. Earth Syst Sci Data, 6.",NA,NA,0.711339,NA,"unknown","unknown","https://doi.org/10.5194/essd-6-117-2014","DOI","LIT","F11-079","ARDUOUS-25729","F11-079","leaf","plant",NA,"France",1.13,44.56
"442","F11-080","","SRM987",0.71023,"TIMS","bulk solid","bulk solid",4e-05,"organism : plant : plant tissue : leaf","","","","","other","","","field","M. Willmes","malte.willmes@gmail.com","","","","","","","Willmes et al. (2014)- The IRHUM (Isotopic Reconstruction of Human Migration) database - bioavailable strontium isotope ratios for geochemical fingerprinting in France. Earth Syst Sci Data, 6.",NA,NA,0.712836,NA,"unknown","unknown","https://doi.org/10.5194/essd-6-117-2014","DOI","LIT","F11-080","ARDUOUS-25730","F11-080","leaf","plant",NA,"France",1.08,44.54
"443","F11-082","","SRM987",0.71023,"TIMS","bulk solid","bulk solid",4e-05,"organism : plant : plant tissue : leaf","","","","","other","","","field","M. Willmes","malte.willmes@gmail.com","","","","","","","Willmes et al. (2014)- The IRHUM (Isotopic Reconstruction of Human Migration) database - bioavailable strontium isotope ratios for geochemical fingerprinting in France. Earth Syst Sci Data, 6.",NA,NA,0.711246,NA,"unknown","unknown","https://doi.org/10.5194/essd-6-117-2014","DOI","LIT","F11-082","ARDUOUS-25731","F11-082","leaf","plant",NA,"France",-0.37,45.1
"444","F11-084","","SRM987",0.71023,"TIMS","bulk solid","bulk solid",4e-05,"organism : plant : plant tissue : leaf","","","","","other","","","field","M. Willmes","malte.willmes@gmail.com","","","","","","","Willmes et al. (2014)- The IRHUM (Isotopic Reconstruction of Human Migration) database - bioavailable strontium isotope ratios for geochemical fingerprinting in France. Earth Syst Sci Data, 6.",NA,NA,0.707733,NA,"unknown","unknown","https://doi.org/10.5194/essd-6-117-2014","DOI","LIT","F11-084","ARDUOUS-25732","F11-084","leaf","plant",NA,"France",-0.23,46.07
"445","F11-085","","SRM987",0.71023,"TIMS","bulk solid","bulk solid",4e-05,"organism : plant : plant tissue : leaf","","","","","other","","","field","M. Willmes","malte.willmes@gmail.com","","","Hedera","genus","","","Willmes et al. (2014)- The IRHUM (Isotopic Reconstruction of Human Migration) database - bioavailable strontium isotope ratios for geochemical fingerprinting in France. Earth Syst Sci Data, 6.",NA,NA,0.709884,NA,"unknown","unknown","https://doi.org/10.5194/essd-6-117-2014","DOI","LIT","F11-085","ARDUOUS-25733","F11-085","leaf","plant",NA,"France",0.1,46.13
"446","F11-086","","SRM987",0.71023,"TIMS","bulk solid","bulk solid",4e-05,"organism : plant : plant tissue : leaf","","","","","other","","","field","M. Willmes","malte.willmes@gmail.com","","","","","","","Willmes et al. (2014)- The IRHUM (Isotopic Reconstruction of Human Migration) database - bioavailable strontium isotope ratios for geochemical fingerprinting in France. Earth Syst Sci Data, 6.",NA,NA,0.712213,NA,"unknown","unknown","https://doi.org/10.5194/essd-6-117-2014","DOI","LIT","F11-086","ARDUOUS-25734","F11-086","leaf","plant",NA,"France",0.13,46.13
"447","F11-087","","SRM987",0.71023,"TIMS","bulk solid","bulk solid",4e-05,"organism : plant : plant tissue : leaf","","","","","other","","","field","M. Willmes","malte.willmes@gmail.com","","","","","","","Willmes et al. (2014)- The IRHUM (Isotopic Reconstruction of Human Migration) database - bioavailable strontium isotope ratios for geochemical fingerprinting in France. Earth Syst Sci Data, 6.",NA,NA,0.714021,NA,"unknown","unknown","https://doi.org/10.5194/essd-6-117-2014","DOI","LIT","F11-087","ARDUOUS-25735","F11-087","leaf","plant",NA,"France",0.86,47.08
"448","F11-089","","SRM987",0.71023,"TIMS","bulk solid","bulk solid",4e-05,"organism : plant : plant tissue : leaf","","","","","other","","","field","M. Willmes","malte.willmes@gmail.com","","","","","","","Willmes et al. (2014)- The IRHUM (Isotopic Reconstruction of Human Migration) database - bioavailable strontium isotope ratios for geochemical fingerprinting in France. Earth Syst Sci Data, 6.",NA,NA,0.710737,NA,"unknown","unknown","https://doi.org/10.5194/essd-6-117-2014","DOI","LIT","F11-089","ARDUOUS-25736","F11-089","leaf","plant",NA,"France",0.88,46.59
"449","F11-090","","SRM987",0.71023,"TIMS","bulk solid","bulk solid",4e-05,"organism : plant : plant tissue : leaf","","","","","other","","","field","M. Willmes","malte.willmes@gmail.com","","","","","","","Willmes et al. (2014)- The IRHUM (Isotopic Reconstruction of Human Migration) database - bioavailable strontium isotope ratios for geochemical fingerprinting in France. Earth Syst Sci Data, 6.",NA,NA,0.711848,NA,"unknown","unknown","https://doi.org/10.5194/essd-6-117-2014","DOI","LIT","F11-090","ARDUOUS-25737","F11-090","leaf","plant",NA,"France",0.68,46.77
"450","F11-092","","SRM987",0.71023,"TIMS","bulk solid","bulk solid",4e-05,"organism : plant : plant tissue : leaf","","","","","other","","","field","M. Willmes","malte.willmes@gmail.com","","","Hedera","genus","","","Willmes et al. (2014)- The IRHUM (Isotopic Reconstruction of Human Migration) database - bioavailable strontium isotope ratios for geochemical fingerprinting in France. Earth Syst Sci Data, 6.",NA,NA,0.708256,NA,"unknown","unknown","https://doi.org/10.5194/essd-6-117-2014","DOI","LIT","F11-092","ARDUOUS-25738","F11-092","leaf","plant",NA,"France",0.36,46.8
"451","F11-094","","SRM987",0.71023,"TIMS","bulk solid","bulk solid",4e-05,"organism : plant : plant tissue : leaf","","","","","other","","","field","M. Willmes","malte.willmes@gmail.com","","","","","","","Willmes et al. (2014)- The IRHUM (Isotopic Reconstruction of Human Migration) database - bioavailable strontium isotope ratios for geochemical fingerprinting in France. Earth Syst Sci Data, 6.",NA,NA,0.71192,NA,"unknown","unknown","https://doi.org/10.5194/essd-6-117-2014","DOI","LIT","F11-094","ARDUOUS-25739","F11-094","leaf","plant",NA,"France",0.58,47.59
"452","F11-095","","SRM987",0.71023,"TIMS","bulk solid","bulk solid",4e-05,"organism : plant : plant tissue : leaf","","","","","other","","","field","M. Willmes","malte.willmes@gmail.com","","","","","","","Willmes et al. (2014)- The IRHUM (Isotopic Reconstruction of Human Migration) database - bioavailable strontium isotope ratios for geochemical fingerprinting in France. Earth Syst Sci Data, 6.",NA,NA,0.707792,NA,"unknown","unknown","https://doi.org/10.5194/essd-6-117-2014","DOI","LIT","F11-095","ARDUOUS-25740","F11-095","leaf","plant",NA,"France",0.43,48.16
"453","F11-096","","SRM987",0.71023,"TIMS","bulk solid","bulk solid",4e-05,"organism : plant : plant tissue : leaf","","","","","other","","","field","M. Willmes","malte.willmes@gmail.com","","","","","","","Willmes et al. (2014)- The IRHUM (Isotopic Reconstruction of Human Migration) database - bioavailable strontium isotope ratios for geochemical fingerprinting in France. Earth Syst Sci Data, 6.",NA,NA,0.707872,NA,"unknown","unknown","https://doi.org/10.5194/essd-6-117-2014","DOI","LIT","F11-096","ARDUOUS-25741","F11-096","leaf","plant",NA,"France",0.34,48.36
"454","F11-097","","SRM987",0.71023,"TIMS","bulk solid","bulk solid",4e-05,"organism : plant : plant tissue : leaf","","","","","other","","","field","M. Willmes","malte.willmes@gmail.com","","","Hedera","genus","","","Willmes et al. (2014)- The IRHUM (Isotopic Reconstruction of Human Migration) database - bioavailable strontium isotope ratios for geochemical fingerprinting in France. Earth Syst Sci Data, 6.",NA,NA,0.709304,NA,"unknown","unknown","https://doi.org/10.5194/essd-6-117-2014","DOI","LIT","F11-097","ARDUOUS-25742","F11-097","leaf","plant",NA,"France",0.33,48.65
"455","F11-100","","SRM987",0.71023,"TIMS","bulk solid","bulk solid",4e-05,"organism : plant : plant tissue : leaf","","","","","other","","","field","M. Willmes","malte.willmes@gmail.com","","","","","","","Willmes et al. (2014)- The IRHUM (Isotopic Reconstruction of Human Migration) database - bioavailable strontium isotope ratios for geochemical fingerprinting in France. Earth Syst Sci Data, 6.",NA,NA,0.710572,NA,"unknown","unknown","https://doi.org/10.5194/essd-6-117-2014","DOI","LIT","F11-100","ARDUOUS-25743","F11-100","leaf","plant",NA,"France",0.88,48.45
"456","F11-101","","SRM987",0.71023,"TIMS","bulk solid","bulk solid",4e-05,"organism : plant : plant tissue : leaf","","","","","other","","","field","M. Willmes","malte.willmes@gmail.com","","","","","","","Willmes et al. (2014)- The IRHUM (Isotopic Reconstruction of Human Migration) database - bioavailable strontium isotope ratios for geochemical fingerprinting in France. Earth Syst Sci Data, 6.",NA,NA,0.70876,NA,"unknown","unknown","https://doi.org/10.5194/essd-6-117-2014","DOI","LIT","F11-101","ARDUOUS-25744","F11-101","leaf","plant",NA,"France",-0.01,48.9
"457","F11-102","","SRM987",0.71023,"TIMS","bulk solid","bulk solid",4e-05,"organism : plant : plant tissue : leaf","","","","","other","","","field","M. Willmes","malte.willmes@gmail.com","","","Hedera","genus","","","Willmes et al. (2014)- The IRHUM (Isotopic Reconstruction of Human Migration) database - bioavailable strontium isotope ratios for geochemical fingerprinting in France. Earth Syst Sci Data, 6.",NA,NA,0.708753,NA,"unknown","unknown","https://doi.org/10.5194/essd-6-117-2014","DOI","LIT","F11-102","ARDUOUS-25745","F11-102","leaf","plant",NA,"France",-0.44,49.27
"458","F11-103","","SRM987",0.71023,"TIMS","bulk solid","bulk solid",4e-05,"organism : plant : plant tissue : leaf","","","","","other","","","field","M. Willmes","malte.willmes@gmail.com","","","","","","","Willmes et al. (2014)- The IRHUM (Isotopic Reconstruction of Human Migration) database - bioavailable strontium isotope ratios for geochemical fingerprinting in France. Earth Syst Sci Data, 6.",NA,NA,0.711024,NA,"unknown","unknown","https://doi.org/10.5194/essd-6-117-2014","DOI","LIT","F11-103","ARDUOUS-25746","F11-103","leaf","plant",NA,"France",0.61,49.09
"459","F11-105","","SRM987",0.71023,"TIMS","bulk solid","bulk solid",4e-05,"organism : plant : plant tissue : leaf","","","","","other","","","field","M. Willmes","malte.willmes@gmail.com","","","","","","","Willmes et al. (2014)- The IRHUM (Isotopic Reconstruction of Human Migration) database - bioavailable strontium isotope ratios for geochemical fingerprinting in France. Earth Syst Sci Data, 6.",NA,NA,0.713122,NA,"unknown","unknown","https://doi.org/10.5194/essd-6-117-2014","DOI","LIT","F11-105","ARDUOUS-25747","F11-105","leaf","plant",NA,"France",1.59,49.57
"460","F11-106","","SRM987",0.71023,"TIMS","bulk solid","bulk solid",4e-05,"organism : plant : plant tissue : leaf","","","","","other","","","field","M. Willmes","malte.willmes@gmail.com","","","","","","","Willmes et al. (2014)- The IRHUM (Isotopic Reconstruction of Human Migration) database - bioavailable strontium isotope ratios for geochemical fingerprinting in France. Earth Syst Sci Data, 6.",NA,NA,0.708406,NA,"unknown","unknown","https://doi.org/10.5194/essd-6-117-2014","DOI","LIT","F11-106","ARDUOUS-25748","F11-106","leaf","plant",NA,"France",1.68,49.57
"461","F11-108","","SRM987",0.71023,"TIMS","bulk solid","bulk solid",4e-05,"organism : plant : plant tissue : leaf","","","","","other","","","field","M. Willmes","malte.willmes@gmail.com","","","","","","","Willmes et al. (2014)- The IRHUM (Isotopic Reconstruction of Human Migration) database - bioavailable strontium isotope ratios for geochemical fingerprinting in France. Earth Syst Sci Data, 6.",NA,NA,0.710519,NA,"unknown","unknown","https://doi.org/10.5194/essd-6-117-2014","DOI","LIT","F11-108","ARDUOUS-25749","F11-108","leaf","plant",NA,"France",1.81,50.73
"462","F11-110","","SRM987",0.71023,"TIMS","bulk solid","bulk solid",4e-05,"organism : plant : plant tissue : leaf","","","","","other","","","field","M. Willmes","malte.willmes@gmail.com","","","","","","","Willmes et al. (2014)- The IRHUM (Isotopic Reconstruction of Human Migration) database - bioavailable strontium isotope ratios for geochemical fingerprinting in France. Earth Syst Sci Data, 6.",NA,NA,0.709967,NA,"unknown","unknown","https://doi.org/10.5194/essd-6-117-2014","DOI","LIT","F11-110","ARDUOUS-25750","F11-110","leaf","plant",NA,"France",2.41,50.98
"463","F11-112","","SRM987",0.71023,"TIMS","bulk solid","bulk solid",4e-05,"organism : plant : plant tissue : leaf","","","","","other","","","field","M. Willmes","malte.willmes@gmail.com","","","","","","","Willmes et al. (2014)- The IRHUM (Isotopic Reconstruction of Human Migration) database - bioavailable strontium isotope ratios for geochemical fingerprinting in France. Earth Syst Sci Data, 6.",NA,NA,0.709114,NA,"unknown","unknown","https://doi.org/10.5194/essd-6-117-2014","DOI","LIT","F11-112","ARDUOUS-25751","F11-112","leaf","plant",NA,"France",2.26,49.37
"464","F11-113","","SRM987",0.71023,"TIMS","bulk solid","bulk solid",4e-05,"organism : plant : plant tissue : leaf","","","","","other","","","field","M. Willmes","malte.willmes@gmail.com","","","","","","","Willmes et al. (2014)- The IRHUM (Isotopic Reconstruction of Human Migration) database - bioavailable strontium isotope ratios for geochemical fingerprinting in France. Earth Syst Sci Data, 6.",NA,NA,0.708889,NA,"unknown","unknown","https://doi.org/10.5194/essd-6-117-2014","DOI","LIT","F11-113","ARDUOUS-25752","F11-113","leaf","plant",NA,"France",1.87,49.41
"465","F11-114","","SRM987",0.71023,"TIMS","bulk solid","bulk solid",4e-05,"organism : plant : plant tissue : leaf","","","","","other","","","field","M. Willmes","malte.willmes@gmail.com","","","","","","","Willmes et al. (2014)- The IRHUM (Isotopic Reconstruction of Human Migration) database - bioavailable strontium isotope ratios for geochemical fingerprinting in France. Earth Syst Sci Data, 6.",NA,NA,0.711563,NA,"unknown","unknown","https://doi.org/10.5194/essd-6-117-2014","DOI","LIT","F11-114","ARDUOUS-25753","F11-114","leaf","plant",NA,"France",1.71,48.89
"466","F11-115","","SRM987",0.71023,"TIMS","bulk solid","bulk solid",4e-05,"organism : plant : plant tissue : leaf","","","","","other","","","field","M. Willmes","malte.willmes@gmail.com","","","","","","","Willmes et al. (2014)- The IRHUM (Isotopic Reconstruction of Human Migration) database - bioavailable strontium isotope ratios for geochemical fingerprinting in France. Earth Syst Sci Data, 6.",NA,NA,0.711033,NA,"unknown","unknown","https://doi.org/10.5194/essd-6-117-2014","DOI","LIT","F11-115","ARDUOUS-25754","F11-115","leaf","plant",NA,"France",1.36,48.97
"467","F11-117","","SRM987",0.71023,"TIMS","bulk solid","bulk solid",4e-05,"organism : plant : plant tissue : leaf","","","","","other","","","field","M. Willmes","malte.willmes@gmail.com","","","","","","","Willmes et al. (2014)- The IRHUM (Isotopic Reconstruction of Human Migration) database - bioavailable strontium isotope ratios for geochemical fingerprinting in France. Earth Syst Sci Data, 6.",NA,NA,0.71377,NA,"unknown","unknown","https://doi.org/10.5194/essd-6-117-2014","DOI","LIT","F11-117","ARDUOUS-25755","F11-117","leaf","plant",NA,"France",2.42,47.83
"468","F11-119","","SRM987",0.71023,"TIMS","bulk solid","bulk solid",4e-05,"organism : plant : plant tissue : leaf","","","","","other","","","field","M. Willmes","malte.willmes@gmail.com","","","","","","","Willmes et al. (2014)- The IRHUM (Isotopic Reconstruction of Human Migration) database - bioavailable strontium isotope ratios for geochemical fingerprinting in France. Earth Syst Sci Data, 6.",NA,NA,0.712984,NA,"unknown","unknown","https://doi.org/10.5194/essd-6-117-2014","DOI","LIT","F11-119","ARDUOUS-25756","F11-119","leaf","plant",NA,"France",3.02,47.74
"469","F11-120","","SRM987",0.71023,"TIMS","bulk solid","bulk solid",4e-05,"organism : plant : plant tissue : leaf","","","","","other","","","field","M. Willmes","malte.willmes@gmail.com","","","","","","","Willmes et al. (2014)- The IRHUM (Isotopic Reconstruction of Human Migration) database - bioavailable strontium isotope ratios for geochemical fingerprinting in France. Earth Syst Sci Data, 6.",NA,NA,0.713791,NA,"unknown","unknown","https://doi.org/10.5194/essd-6-117-2014","DOI","LIT","F11-120","ARDUOUS-25757","F11-120","leaf","plant",NA,"France",3.08,47.43
"470","F11-121","","SRM987",0.71023,"TIMS","bulk solid","bulk solid",4e-05,"organism : plant : plant tissue : leaf","","","","","other","","","field","M. Willmes","malte.willmes@gmail.com","","","","","","","Willmes et al. (2014)- The IRHUM (Isotopic Reconstruction of Human Migration) database - bioavailable strontium isotope ratios for geochemical fingerprinting in France. Earth Syst Sci Data, 6.",NA,NA,0.709884,NA,"unknown","unknown","https://doi.org/10.5194/essd-6-117-2014","DOI","LIT","F11-121","ARDUOUS-25758","F11-121","leaf","plant",NA,"France",2.65,47.34
"471","F11-122","","SRM987",0.71023,"TIMS","bulk solid","bulk solid",4e-05,"organism : plant : plant tissue : leaf","","","","","other","","","field","M. Willmes","malte.willmes@gmail.com","","","","","","","Willmes et al. (2014)- The IRHUM (Isotopic Reconstruction of Human Migration) database - bioavailable strontium isotope ratios for geochemical fingerprinting in France. Earth Syst Sci Data, 6.",NA,NA,0.708694,NA,"unknown","unknown","https://doi.org/10.5194/essd-6-117-2014","DOI","LIT","F11-122","ARDUOUS-25759","F11-122","leaf","plant",NA,"France",2.41,47.61
"472","F11-124","","SRM987",0.71023,"TIMS","bulk solid","bulk solid",4e-05,"organism : plant : plant tissue : leaf","","","","","other","","","field","M. Willmes","malte.willmes@gmail.com","","","","","","","Willmes et al. (2014)- The IRHUM (Isotopic Reconstruction of Human Migration) database - bioavailable strontium isotope ratios for geochemical fingerprinting in France. Earth Syst Sci Data, 6.",NA,NA,0.712238,NA,"unknown","unknown","https://doi.org/10.5194/essd-6-117-2014","DOI","LIT","F11-124","ARDUOUS-25760","F11-124","leaf","plant",NA,"France",-1.05,43.01
"473","F11-127","","SRM987",0.71023,"TIMS","bulk solid","bulk solid",4e-05,"organism : plant : plant tissue : leaf","","","","","other","","","field","M. Willmes","malte.willmes@gmail.com","","","","","","","Willmes et al. (2014)- The IRHUM (Isotopic Reconstruction of Human Migration) database - bioavailable strontium isotope ratios for geochemical fingerprinting in France. Earth Syst Sci Data, 6.",NA,NA,0.718116,NA,"unknown","unknown","https://doi.org/10.5194/essd-6-117-2014","DOI","LIT","F11-127","ARDUOUS-25761","F11-127","leaf","plant",NA,"France",-1.06,43.04
"474","F11-128","","SRM987",0.71023,"TIMS","bulk solid","bulk solid",4e-05,"organism : plant : plant tissue : leaf","","","","","other","","","field","M. Willmes","malte.willmes@gmail.com","","","","","","","Willmes et al. (2014)- The IRHUM (Isotopic Reconstruction of Human Migration) database - bioavailable strontium isotope ratios for geochemical fingerprinting in France. Earth Syst Sci Data, 6.",NA,NA,0.716715,NA,"unknown","unknown","https://doi.org/10.5194/essd-6-117-2014","DOI","LIT","F11-128","ARDUOUS-25762","F11-128","leaf","plant",NA,"France",-1.07,43.05
"475","F11-129","","SRM987",0.71023,"TIMS","bulk solid","bulk solid",4e-05,"organism : plant : plant tissue : leaf","","","","","other","","","field","M. Willmes","malte.willmes@gmail.com","","","","","","","Willmes et al. (2014)- The IRHUM (Isotopic Reconstruction of Human Migration) database - bioavailable strontium isotope ratios for geochemical fingerprinting in France. Earth Syst Sci Data, 6.",NA,NA,0.712212,NA,"unknown","unknown","https://doi.org/10.5194/essd-6-117-2014","DOI","LIT","F11-129","ARDUOUS-25763","F11-129","leaf","plant",NA,"France",-1.08,43.06
"476","F11-130","","SRM987",0.71023,"TIMS","bulk solid","bulk solid",4e-05,"organism : plant : plant tissue : leaf","","","","","other","","","field","M. Willmes","malte.willmes@gmail.com","","","","","","","Willmes et al. (2014)- The IRHUM (Isotopic Reconstruction of Human Migration) database - bioavailable strontium isotope ratios for geochemical fingerprinting in France. Earth Syst Sci Data, 6.",NA,NA,0.714389,NA,"unknown","unknown","https://doi.org/10.5194/essd-6-117-2014","DOI","LIT","F11-130","ARDUOUS-25764","F11-130","leaf","plant",NA,"France",-1.1,43.08
"477","F11-131","","SRM987",0.71023,"TIMS","bulk solid","bulk solid",4e-05,"organism : plant : plant tissue : leaf","","","","","other","","","field","M. Willmes","malte.willmes@gmail.com","","","","","","","Willmes et al. (2014)- The IRHUM (Isotopic Reconstruction of Human Migration) database - bioavailable strontium isotope ratios for geochemical fingerprinting in France. Earth Syst Sci Data, 6.",NA,NA,0.712266,NA,"unknown","unknown","https://doi.org/10.5194/essd-6-117-2014","DOI","LIT","F11-131","ARDUOUS-25765","F11-131","leaf","plant",NA,"France",-1.04,43
"478","F11-132","","SRM987",0.71023,"TIMS","bulk solid","bulk solid",4e-05,"organism : plant : plant tissue : leaf","","","","","other","","","field","M. Willmes","malte.willmes@gmail.com","","","","","","","Willmes et al. (2014)- The IRHUM (Isotopic Reconstruction of Human Migration) database - bioavailable strontium isotope ratios for geochemical fingerprinting in France. Earth Syst Sci Data, 6.",NA,NA,0.71529,NA,"unknown","unknown","https://doi.org/10.5194/essd-6-117-2014","DOI","LIT","F11-132","ARDUOUS-25766","F11-132","leaf","plant",NA,"France",-1.09,43.07
"479","F11-133","","SRM987",0.71023,"TIMS","bulk solid","bulk solid",4e-05,"organism : plant : plant tissue : leaf","","","","","other","","","field","M. Willmes","malte.willmes@gmail.com","","","","","","","Willmes et al. (2014)- The IRHUM (Isotopic Reconstruction of Human Migration) database - bioavailable strontium isotope ratios for geochemical fingerprinting in France. Earth Syst Sci Data, 6.",NA,NA,0.708135,NA,"unknown","unknown","https://doi.org/10.5194/essd-6-117-2014","DOI","LIT","F11-133","ARDUOUS-25767","F11-133","leaf","plant",NA,"France",-1.26,43.14
"480","F11-135","","SRM987",0.71023,"TIMS","bulk solid","bulk solid",4e-05,"organism : plant : plant tissue : leaf","","","","","other","","","field","M. Willmes","malte.willmes@gmail.com","","","","","","","Willmes et al. (2014)- The IRHUM (Isotopic Reconstruction of Human Migration) database - bioavailable strontium isotope ratios for geochemical fingerprinting in France. Earth Syst Sci Data, 6.",NA,NA,0.712,NA,"unknown","unknown","https://doi.org/10.5194/essd-6-117-2014","DOI","LIT","F11-135","ARDUOUS-25768","F11-135","leaf","plant",NA,"France",-1.31,43.08
"481","F11-136","","SRM987",0.71023,"TIMS","bulk solid","bulk solid",4e-05,"organism : plant : plant tissue : leaf","","","","","other","","","field","M. Willmes","malte.willmes@gmail.com","","","","","","","Willmes et al. (2014)- The IRHUM (Isotopic Reconstruction of Human Migration) database - bioavailable strontium isotope ratios for geochemical fingerprinting in France. Earth Syst Sci Data, 6.",NA,NA,0.715809,NA,"unknown","unknown","https://doi.org/10.5194/essd-6-117-2014","DOI","LIT","F11-136","ARDUOUS-25769","F11-136","leaf","plant",NA,"France",-1.31,43.06
"482","F11-137","","SRM987",0.71023,"TIMS","bulk solid","bulk solid",4e-05,"organism : plant : plant tissue : leaf","","","","","other","","","field","M. Willmes","malte.willmes@gmail.com","","","","","","","Willmes et al. (2014)- The IRHUM (Isotopic Reconstruction of Human Migration) database - bioavailable strontium isotope ratios for geochemical fingerprinting in France. Earth Syst Sci Data, 6.",NA,NA,0.710665,NA,"unknown","unknown","https://doi.org/10.5194/essd-6-117-2014","DOI","LIT","F11-137","ARDUOUS-25770","F11-137","leaf","plant",NA,"France",-1.25,43.19
"483","F11-139","","SRM987",0.71023,"TIMS","bulk solid","bulk solid",4e-05,"organism : plant : plant tissue : leaf","","","","","other","","","field","M. Willmes","malte.willmes@gmail.com","","","","","","","Willmes et al. (2014)- The IRHUM (Isotopic Reconstruction of Human Migration) database - bioavailable strontium isotope ratios for geochemical fingerprinting in France. Earth Syst Sci Data, 6.",NA,NA,0.710789,NA,"unknown","unknown","https://doi.org/10.5194/essd-6-117-2014","DOI","LIT","F11-139","ARDUOUS-25771","F11-139","leaf","plant",NA,"France",-1.29,43.21
"484","F11-141","","SRM987",0.71023,"TIMS","bulk solid","bulk solid",4e-05,"organism : plant : plant tissue : leaf","","","","","other","","","field","M. Willmes","malte.willmes@gmail.com","","","","","","","Willmes et al. (2014)- The IRHUM (Isotopic Reconstruction of Human Migration) database - bioavailable strontium isotope ratios for geochemical fingerprinting in France. Earth Syst Sci Data, 6.",NA,NA,0.710177,NA,"unknown","unknown","https://doi.org/10.5194/essd-6-117-2014","DOI","LIT","F11-141","ARDUOUS-25772","F11-141","leaf","plant",NA,"France",-1.4,43.32
"485","F11-145","","SRM987",0.71023,"TIMS","bulk solid","bulk solid",4e-05,"organism : plant : plant tissue : leaf","","","","","other","","","field","M. Willmes","malte.willmes@gmail.com","","","","","","","Willmes et al. (2014)- The IRHUM (Isotopic Reconstruction of Human Migration) database - bioavailable strontium isotope ratios for geochemical fingerprinting in France. Earth Syst Sci Data, 6.",NA,NA,0.708582,NA,"unknown","unknown","https://doi.org/10.5194/essd-6-117-2014","DOI","LIT","F11-145","ARDUOUS-25774","F11-145","leaf","plant",NA,"France",-1.27,43.34
"486","F11-146","","SRM987",0.71023,"TIMS","bulk solid","bulk solid",4e-05,"organism : plant : plant tissue : leaf","","","","","other","","","field","M. Willmes","malte.willmes@gmail.com","","","","","","","Willmes et al. (2014)- The IRHUM (Isotopic Reconstruction of Human Migration) database - bioavailable strontium isotope ratios for geochemical fingerprinting in France. Earth Syst Sci Data, 6.",NA,NA,0.710638,NA,"unknown","unknown","https://doi.org/10.5194/essd-6-117-2014","DOI","LIT","F11-146","ARDUOUS-25775","F11-146","leaf","plant",NA,"France",-1.27,43.36
"487","F11-147","","SRM987",0.71023,"TIMS","bulk solid","bulk solid",4e-05,"organism : plant : plant tissue : leaf","","","","","other","","","field","M. Willmes","malte.willmes@gmail.com","","","","","","","Willmes et al. (2014)- The IRHUM (Isotopic Reconstruction of Human Migration) database - bioavailable strontium isotope ratios for geochemical fingerprinting in France. Earth Syst Sci Data, 6.",NA,NA,0.708607,NA,"unknown","unknown","https://doi.org/10.5194/essd-6-117-2014","DOI","LIT","F11-147","ARDUOUS-25776","F11-147","leaf","plant",NA,"France",-1.05,43.34
"488","F11-149","","SRM987",0.71023,"TIMS","bulk solid","bulk solid",4e-05,"organism : plant : plant tissue : leaf","","","","","other","","","field","M. Willmes","malte.willmes@gmail.com","","","","","","","Willmes et al. (2014)- The IRHUM (Isotopic Reconstruction of Human Migration) database - bioavailable strontium isotope ratios for geochemical fingerprinting in France. Earth Syst Sci Data, 6.",NA,NA,0.711041,NA,"unknown","unknown","https://doi.org/10.5194/essd-6-117-2014","DOI","LIT","F11-149","ARDUOUS-25777","F11-149","leaf","plant",NA,"France",-0.22,43.11
"489","F11-150","","SRM987",0.71023,"TIMS","bulk solid","bulk solid",4e-05,"organism : plant : plant tissue : leaf","","","","","other","","","field","M. Willmes","malte.willmes@gmail.com","","","","","","","Willmes et al. (2014)- The IRHUM (Isotopic Reconstruction of Human Migration) database - bioavailable strontium isotope ratios for geochemical fingerprinting in France. Earth Syst Sci Data, 6.",NA,NA,0.708877,NA,"unknown","unknown","https://doi.org/10.5194/essd-6-117-2014","DOI","LIT","F11-150","ARDUOUS-25778","F11-150","leaf","plant",NA,"France",-0.26,43.07
"490","F11-151","","SRM987",0.71023,"TIMS","bulk solid","bulk solid",4e-05,"organism : plant : plant tissue : leaf","","","","","other","","","field","M. Willmes","malte.willmes@gmail.com","","","","","","","Willmes et al. (2014)- The IRHUM (Isotopic Reconstruction of Human Migration) database - bioavailable strontium isotope ratios for geochemical fingerprinting in France. Earth Syst Sci Data, 6.",NA,NA,0.70798,NA,"unknown","unknown","https://doi.org/10.5194/essd-6-117-2014","DOI","LIT","F11-151","ARDUOUS-25779","F11-151","leaf","plant",NA,"France",0.66,43.04
"491","F11-153","","SRM987",0.71023,"TIMS","bulk solid","bulk solid",4e-05,"organism : plant : plant tissue : leaf","","","","","other","","","field","M. Willmes","malte.willmes@gmail.com","","","","","","","Willmes et al. (2014)- The IRHUM (Isotopic Reconstruction of Human Migration) database - bioavailable strontium isotope ratios for geochemical fingerprinting in France. Earth Syst Sci Data, 6.",NA,NA,0.710938,NA,"unknown","unknown","https://doi.org/10.5194/essd-6-117-2014","DOI","LIT","F11-153","ARDUOUS-25780","F11-153","leaf","plant",NA,"France",1.01,43.06
"492","F11-154","","SRM987",0.71023,"TIMS","bulk solid","bulk solid",4e-05,"organism : plant : plant tissue : leaf","","","","","other","","","field","M. Willmes","malte.willmes@gmail.com","","","","","","","Willmes et al. (2014)- The IRHUM (Isotopic Reconstruction of Human Migration) database - bioavailable strontium isotope ratios for geochemical fingerprinting in France. Earth Syst Sci Data, 6.",NA,NA,0.708254,NA,"unknown","unknown","https://doi.org/10.5194/essd-6-117-2014","DOI","LIT","F11-154","ARDUOUS-25781","F11-154","leaf","plant",NA,"France",1,43.14
"493","F11-155","","SRM987",0.71023,"TIMS","bulk solid","bulk solid",4e-05,"organism : plant : plant tissue : leaf","","","","","other","","","field","M. Willmes","malte.willmes@gmail.com","","","","","","","Willmes et al. (2014)- The IRHUM (Isotopic Reconstruction of Human Migration) database - bioavailable strontium isotope ratios for geochemical fingerprinting in France. Earth Syst Sci Data, 6.",NA,NA,0.707938,NA,"unknown","unknown","https://doi.org/10.5194/essd-6-117-2014","DOI","LIT","F11-155","ARDUOUS-25782","F11-155","leaf","plant",NA,"France",2.04,42.92
"494","F11-156","","SRM987",0.71023,"TIMS","bulk solid","bulk solid",4e-05,"organism : plant : plant tissue : leaf","","","","","other","","","field","M. Willmes","malte.willmes@gmail.com","","","","","","","Willmes et al. (2014)- The IRHUM (Isotopic Reconstruction of Human Migration) database - bioavailable strontium isotope ratios for geochemical fingerprinting in France. Earth Syst Sci Data, 6.",NA,NA,0.707858,NA,"unknown","unknown","https://doi.org/10.5194/essd-6-117-2014","DOI","LIT","F11-156","ARDUOUS-25783","F11-156","leaf","plant",NA,"France",2.2,42.85
"495","F11-157","","SRM987",0.71023,"TIMS","bulk solid","bulk solid",4e-05,"organism : plant : plant tissue : leaf","","","","","other","","","field","M. Willmes","malte.willmes@gmail.com","","","","","","","Willmes et al. (2014)- The IRHUM (Isotopic Reconstruction of Human Migration) database - bioavailable strontium isotope ratios for geochemical fingerprinting in France. Earth Syst Sci Data, 6.",NA,NA,0.707772,NA,"unknown","unknown","https://doi.org/10.5194/essd-6-117-2014","DOI","LIT","F11-157","ARDUOUS-25784","F11-157","leaf","plant",NA,"France",2.2,42.84
"496","F11-158","","SRM987",0.71023,"TIMS","bulk solid","bulk solid",4e-05,"organism : plant : plant tissue : leaf","","","","","other","","","field","M. Willmes","malte.willmes@gmail.com","","","","","","","Willmes et al. (2014)- The IRHUM (Isotopic Reconstruction of Human Migration) database - bioavailable strontium isotope ratios for geochemical fingerprinting in France. Earth Syst Sci Data, 6.",NA,NA,0.710717,NA,"unknown","unknown","https://doi.org/10.5194/essd-6-117-2014","DOI","LIT","F11-158","ARDUOUS-25785","F11-158","leaf","plant",NA,"France",2.52,42.8
"497","F11-159","","SRM987",0.71023,"TIMS","bulk solid","bulk solid",4e-05,"organism : plant : plant tissue : leaf","","","","","other","","","field","M. Willmes","malte.willmes@gmail.com","","","","","","","Willmes et al. (2014)- The IRHUM (Isotopic Reconstruction of Human Migration) database - bioavailable strontium isotope ratios for geochemical fingerprinting in France. Earth Syst Sci Data, 6.",NA,NA,0.719033,NA,"unknown","unknown","https://doi.org/10.5194/essd-6-117-2014","DOI","LIT","F11-159","ARDUOUS-25786","F11-159","leaf","plant",NA,"France",3.03,42.86
"498","F11-161","","SRM987",0.71023,"TIMS","bulk solid","bulk solid",4e-05,"organism : plant : plant tissue : leaf","","","","","other","","","field","M. Willmes","malte.willmes@gmail.com","","","","","","","Willmes et al. (2014)- The IRHUM (Isotopic Reconstruction of Human Migration) database - bioavailable strontium isotope ratios for geochemical fingerprinting in France. Earth Syst Sci Data, 6.",NA,NA,0.709126,NA,"unknown","unknown","https://doi.org/10.5194/essd-6-117-2014","DOI","LIT","F11-161","ARDUOUS-25787","F11-161","leaf","plant",NA,"France",3.02,42.9
"499","F11-162","","SRM987",0.71023,"TIMS","bulk solid","bulk solid",4e-05,"organism : plant : plant tissue : leaf","","","","","other","","","field","M. Willmes","malte.willmes@gmail.com","","","","","","","Willmes et al. (2014)- The IRHUM (Isotopic Reconstruction of Human Migration) database - bioavailable strontium isotope ratios for geochemical fingerprinting in France. Earth Syst Sci Data, 6.",NA,NA,0.70938,NA,"unknown","unknown","https://doi.org/10.5194/essd-6-117-2014","DOI","LIT","F11-162","ARDUOUS-25788","F11-162","leaf","plant",NA,"France",2.94,42.88
"500","F11-163","","SRM987",0.71023,"TIMS","bulk solid","bulk solid",4e-05,"organism : plant : plant tissue : leaf","","","","","other","","","field","M. Willmes","malte.willmes@gmail.com","","","","","","","Willmes et al. (2014)- The IRHUM (Isotopic Reconstruction of Human Migration) database - bioavailable strontium isotope ratios for geochemical fingerprinting in France. Earth Syst Sci Data, 6.",NA,NA,0.70828,NA,"unknown","unknown","https://doi.org/10.5194/essd-6-117-2014","DOI","LIT","F11-163","ARDUOUS-25789","F11-163","leaf","plant",NA,"France",2.86,42.87
"501","F11-164","","SRM987",0.71023,"TIMS","bulk solid","bulk solid",4e-05,"organism : plant : plant tissue : leaf","","","","","other","","","field","M. Willmes","malte.willmes@gmail.com","","","","","","","Willmes et al. (2014)- The IRHUM (Isotopic Reconstruction of Human Migration) database - bioavailable strontium isotope ratios for geochemical fingerprinting in France. Earth Syst Sci Data, 6.",NA,NA,0.708856,NA,"unknown","unknown","https://doi.org/10.5194/essd-6-117-2014","DOI","LIT","F11-164","ARDUOUS-25790","F11-164","leaf","plant",NA,"France",2.87,42.94
"502","F11-165","","SRM987",0.71023,"TIMS","bulk solid","bulk solid",4e-05,"organism : plant : plant tissue : leaf","","","","","other","","","field","M. Willmes","malte.willmes@gmail.com","","","","","","","Willmes et al. (2014)- The IRHUM (Isotopic Reconstruction of Human Migration) database - bioavailable strontium isotope ratios for geochemical fingerprinting in France. Earth Syst Sci Data, 6.",NA,NA,0.713834,NA,"unknown","unknown","https://doi.org/10.5194/essd-6-117-2014","DOI","LIT","F11-165","ARDUOUS-25791","F11-165","leaf","plant",NA,"France",2.82,43.06
"503","F11-166","","SRM987",0.71023,"TIMS","bulk solid","bulk solid",4e-05,"organism : plant : plant tissue : leaf","","","","","other","","","field","M. Willmes","malte.willmes@gmail.com","","","","","","","Willmes et al. (2014)- The IRHUM (Isotopic Reconstruction of Human Migration) database - bioavailable strontium isotope ratios for geochemical fingerprinting in France. Earth Syst Sci Data, 6.",NA,NA,0.708424,NA,"unknown","unknown","https://doi.org/10.5194/essd-6-117-2014","DOI","LIT","F11-166","ARDUOUS-25792","F11-166","leaf","plant",NA,"France",2.83,43.02
"504","F11-167","","SRM987",0.71023,"TIMS","bulk solid","bulk solid",4e-05,"organism : plant : plant tissue : leaf","","","","","other","","","field","M. Willmes","malte.willmes@gmail.com","","","","","","","Willmes et al. (2014)- The IRHUM (Isotopic Reconstruction of Human Migration) database - bioavailable strontium isotope ratios for geochemical fingerprinting in France. Earth Syst Sci Data, 6.",NA,NA,0.709355,NA,"unknown","unknown","https://doi.org/10.5194/essd-6-117-2014","DOI","LIT","F11-167","ARDUOUS-25793","F11-167","leaf","plant",NA,"France",2.78,43.05
"505","F11-168","","SRM987",0.71023,"TIMS","bulk solid","bulk solid",4e-05,"organism : plant : plant tissue : leaf","","","","","other","","","field","M. Willmes","malte.willmes@gmail.com","","","","","","","Willmes et al. (2014)- The IRHUM (Isotopic Reconstruction of Human Migration) database - bioavailable strontium isotope ratios for geochemical fingerprinting in France. Earth Syst Sci Data, 6.",NA,NA,0.712497,NA,"unknown","unknown","https://doi.org/10.5194/essd-6-117-2014","DOI","LIT","F11-168","ARDUOUS-25794","F11-168","leaf","plant",NA,"France",2.53,43.11
"506","F11-169","","SRM987",0.71023,"TIMS","bulk solid","bulk solid",4e-05,"organism : plant : plant tissue : leaf","","","","","other","","","field","M. Willmes","malte.willmes@gmail.com","","","","","","","Willmes et al. (2014)- The IRHUM (Isotopic Reconstruction of Human Migration) database - bioavailable strontium isotope ratios for geochemical fingerprinting in France. Earth Syst Sci Data, 6.",NA,NA,0.711274,NA,"unknown","unknown","https://doi.org/10.5194/essd-6-117-2014","DOI","LIT","F11-169","ARDUOUS-25795","F11-169","leaf","plant",NA,"France",2.39,43.17
"507","F11-170","","SRM987",0.71023,"TIMS","bulk solid","bulk solid",4e-05,"organism : plant : plant tissue : leaf","","","","","other","","","field","M. Willmes","malte.willmes@gmail.com","","","","","","","Willmes et al. (2014)- The IRHUM (Isotopic Reconstruction of Human Migration) database - bioavailable strontium isotope ratios for geochemical fingerprinting in France. Earth Syst Sci Data, 6.",NA,NA,0.710663,NA,"unknown","unknown","https://doi.org/10.5194/essd-6-117-2014","DOI","LIT","F11-170","ARDUOUS-25796","F11-170","leaf","plant",NA,"France",2.4,43.13
"508","F11-171","","SRM987",0.71023,"TIMS","bulk solid","bulk solid",4e-05,"organism : plant : plant tissue : leaf","","","","","other","","","field","M. Willmes","malte.willmes@gmail.com","","","","","","","Willmes et al. (2014)- The IRHUM (Isotopic Reconstruction of Human Migration) database - bioavailable strontium isotope ratios for geochemical fingerprinting in France. Earth Syst Sci Data, 6.",NA,NA,0.709048,NA,"unknown","unknown","https://doi.org/10.5194/essd-6-117-2014","DOI","LIT","F11-171","ARDUOUS-25797","F11-171","leaf","plant",NA,"France",2.41,43.01
"509","F11-172","","SRM987",0.71023,"TIMS","bulk solid","bulk solid",4e-05,"organism : plant : plant tissue : leaf","","","","","other","","","field","M. Willmes","malte.willmes@gmail.com","","","","","","","Willmes et al. (2014)- The IRHUM (Isotopic Reconstruction of Human Migration) database - bioavailable strontium isotope ratios for geochemical fingerprinting in France. Earth Syst Sci Data, 6.",NA,NA,0.708103,NA,"unknown","unknown","https://doi.org/10.5194/essd-6-117-2014","DOI","LIT","F11-172","ARDUOUS-25798","F11-172","leaf","plant",NA,"France",2.44,43.12
"510","F11-174","","SRM987",0.71023,"TIMS","bulk solid","bulk solid",4e-05,"organism : plant : plant tissue : leaf","","","","","other","","","field","M. Willmes","malte.willmes@gmail.com","","","","","","","Willmes et al. (2014)- The IRHUM (Isotopic Reconstruction of Human Migration) database - bioavailable strontium isotope ratios for geochemical fingerprinting in France. Earth Syst Sci Data, 6.",NA,NA,0.71526,NA,"unknown","unknown","https://doi.org/10.5194/essd-6-117-2014","DOI","LIT","F11-174","ARDUOUS-25799","F11-174","leaf","plant",NA,"France",3.01,42.62
"511","F11-175","","SRM987",0.71023,"TIMS","bulk solid","bulk solid",4e-05,"organism : plant : plant tissue : leaf","","","","","other","","","field","M. Willmes","malte.willmes@gmail.com","","","","","","","Willmes et al. (2014)- The IRHUM (Isotopic Reconstruction of Human Migration) database - bioavailable strontium isotope ratios for geochemical fingerprinting in France. Earth Syst Sci Data, 6.",NA,NA,0.714901,NA,"unknown","unknown","https://doi.org/10.5194/essd-6-117-2014","DOI","LIT","F11-175","ARDUOUS-25800","F11-175","leaf","plant",NA,"France",2.34,42.57
"512","F11-176","","SRM987",0.71023,"TIMS","bulk solid","bulk solid",4e-05,"organism : plant : plant tissue : leaf","","","","","other","","","field","M. Willmes","malte.willmes@gmail.com","","","","","","","Willmes et al. (2014)- The IRHUM (Isotopic Reconstruction of Human Migration) database - bioavailable strontium isotope ratios for geochemical fingerprinting in France. Earth Syst Sci Data, 6.",NA,NA,0.715429,NA,"unknown","unknown","https://doi.org/10.5194/essd-6-117-2014","DOI","LIT","F11-176","ARDUOUS-25801","F11-176","leaf","plant",NA,"France",2.34,42.57
"513","F11-178","","SRM987",0.71023,"TIMS","bulk solid","bulk solid",4e-05,"organism : plant : plant tissue : leaf","","","","","other","","","field","M. Willmes","malte.willmes@gmail.com","","","","","","","Willmes et al. (2014)- The IRHUM (Isotopic Reconstruction of Human Migration) database - bioavailable strontium isotope ratios for geochemical fingerprinting in France. Earth Syst Sci Data, 6.",NA,NA,0.720005,NA,"unknown","unknown","https://doi.org/10.5194/essd-6-117-2014","DOI","LIT","F11-178","ARDUOUS-25802","F11-178","leaf","plant",NA,"France",2.29,42.56
"514","F11-179","","SRM987",0.71023,"TIMS","bulk solid","bulk solid",4e-05,"organism : plant : plant tissue : leaf","","","","","other","","","field","M. Willmes","malte.willmes@gmail.com","","","","","","","Willmes et al. (2014)- The IRHUM (Isotopic Reconstruction of Human Migration) database - bioavailable strontium isotope ratios for geochemical fingerprinting in France. Earth Syst Sci Data, 6.",NA,NA,0.721884,NA,"unknown","unknown","https://doi.org/10.5194/essd-6-117-2014","DOI","LIT","F11-179","ARDUOUS-25803","F11-179","leaf","plant",NA,"France",2.26,42.54
"515","F11-180","","SRM987",0.71023,"TIMS","bulk solid","bulk solid",4e-05,"organism : plant : plant tissue : leaf","","","","","other","","","field","M. Willmes","malte.willmes@gmail.com","","","","","","","Willmes et al. (2014)- The IRHUM (Isotopic Reconstruction of Human Migration) database - bioavailable strontium isotope ratios for geochemical fingerprinting in France. Earth Syst Sci Data, 6.",NA,NA,0.724007,NA,"unknown","unknown","https://doi.org/10.5194/essd-6-117-2014","DOI","LIT","F11-180","ARDUOUS-25804","F11-180","leaf","plant",NA,"France",2.17,42.51
"516","F11-181","","SRM987",0.71023,"TIMS","bulk solid","bulk solid",4e-05,"organism : plant : plant tissue : leaf","","","","","other","","","field","M. Willmes","malte.willmes@gmail.com","","","","","","","Willmes et al. (2014)- The IRHUM (Isotopic Reconstruction of Human Migration) database - bioavailable strontium isotope ratios for geochemical fingerprinting in France. Earth Syst Sci Data, 6.",NA,NA,0.721581,NA,"unknown","unknown","https://doi.org/10.5194/essd-6-117-2014","DOI","LIT","F11-181","ARDUOUS-25805","F11-181","leaf","plant",NA,"France",2.14,42.51
"517","F11-182","","SRM987",0.71023,"TIMS","bulk solid","bulk solid",4e-05,"organism : plant : plant tissue : leaf","","","","","other","","","field","M. Willmes","malte.willmes@gmail.com","","","","","","","Willmes et al. (2014)- The IRHUM (Isotopic Reconstruction of Human Migration) database - bioavailable strontium isotope ratios for geochemical fingerprinting in France. Earth Syst Sci Data, 6.",NA,NA,0.724532,NA,"unknown","unknown","https://doi.org/10.5194/essd-6-117-2014","DOI","LIT","F11-182","ARDUOUS-25806","F11-182","leaf","plant",NA,"France",1.9,42.46
"518","F11-183","","SRM987",0.71023,"TIMS","bulk solid","bulk solid",4e-05,"organism : plant : plant tissue : leaf","","","","","other","","","field","M. Willmes","malte.willmes@gmail.com","","","","","","","Willmes et al. (2014)- The IRHUM (Isotopic Reconstruction of Human Migration) database - bioavailable strontium isotope ratios for geochemical fingerprinting in France. Earth Syst Sci Data, 6.",NA,NA,0.714607,NA,"unknown","unknown","https://doi.org/10.5194/essd-6-117-2014","DOI","LIT","F11-183","ARDUOUS-25807","F11-183","leaf","plant",NA,"France",1.84,42.5
"519","F11-184","","SRM987",0.71023,"TIMS","bulk solid","bulk solid",4e-05,"organism : plant : plant tissue : leaf","","","","","other","","","field","M. Willmes","malte.willmes@gmail.com","","","","","","","Willmes et al. (2014)- The IRHUM (Isotopic Reconstruction of Human Migration) database - bioavailable strontium isotope ratios for geochemical fingerprinting in France. Earth Syst Sci Data, 6.",NA,NA,0.718957,NA,"unknown","unknown","https://doi.org/10.5194/essd-6-117-2014","DOI","LIT","F11-184","ARDUOUS-25808","F11-184","leaf","plant",NA,"France",1.79,42.58
"520","F11-186","","SRM987",0.71023,"TIMS","bulk solid","bulk solid",4e-05,"organism : plant : plant tissue : leaf","","","","","other","","","field","M. Willmes","malte.willmes@gmail.com","","","","","","","Willmes et al. (2014)- The IRHUM (Isotopic Reconstruction of Human Migration) database - bioavailable strontium isotope ratios for geochemical fingerprinting in France. Earth Syst Sci Data, 6.",NA,NA,0.724739,NA,"unknown","unknown","https://doi.org/10.5194/essd-6-117-2014","DOI","LIT","F11-186","ARDUOUS-25810","F11-186","leaf","plant",NA,"France",1.83,42.72
"521","F11-187","","SRM987",0.71023,"TIMS","bulk solid","bulk solid",4e-05,"organism : plant : plant tissue : leaf","","","","","other","","","field","M. Willmes","malte.willmes@gmail.com","","","","","","","Willmes et al. (2014)- The IRHUM (Isotopic Reconstruction of Human Migration) database - bioavailable strontium isotope ratios for geochemical fingerprinting in France. Earth Syst Sci Data, 6.",NA,NA,0.715755,NA,"unknown","unknown","https://doi.org/10.5194/essd-6-117-2014","DOI","LIT","F11-187","ARDUOUS-25811","F11-187","leaf","plant",NA,"France",1.63,42.87
"522","F11-190","","SRM987",0.71023,"TIMS","bulk solid","bulk solid",4e-05,"organism : plant : plant tissue : leaf","","","","","other","","","field","M. Willmes","malte.willmes@gmail.com","","","","","","","Willmes et al. (2014)- The IRHUM (Isotopic Reconstruction of Human Migration) database - bioavailable strontium isotope ratios for geochemical fingerprinting in France. Earth Syst Sci Data, 6.",NA,NA,0.709774,NA,"unknown","unknown","https://doi.org/10.5194/essd-6-117-2014","DOI","LIT","F11-190","ARDUOUS-25812","F11-190","leaf","plant",NA,"France",-0.68,45.08
"523","F11-191","","SRM987",0.71023,"TIMS","bulk solid","bulk solid",4e-05,"organism : plant : plant tissue : leaf","","","","","other","","","field","M. Willmes","malte.willmes@gmail.com","","","","","","","Willmes et al. (2014)- The IRHUM (Isotopic Reconstruction of Human Migration) database - bioavailable strontium isotope ratios for geochemical fingerprinting in France. Earth Syst Sci Data, 6.",NA,NA,0.710672,NA,"unknown","unknown","https://doi.org/10.5194/essd-6-117-2014","DOI","LIT","F11-191","ARDUOUS-25813","F11-191","leaf","plant",NA,"France",-0.76,45.08
"524","F11-192","","SRM987",0.71023,"TIMS","bulk solid","bulk solid",4e-05,"organism : plant : plant tissue : leaf","","","","","other","","","field","M. Willmes","malte.willmes@gmail.com","","","","","","","Willmes et al. (2014)- The IRHUM (Isotopic Reconstruction of Human Migration) database - bioavailable strontium isotope ratios for geochemical fingerprinting in France. Earth Syst Sci Data, 6.",NA,NA,0.710411,NA,"unknown","unknown","https://doi.org/10.5194/essd-6-117-2014","DOI","LIT","F11-192","ARDUOUS-25814","F11-192","leaf","plant",NA,"France",-0.91,45.28
"525","F11-193","","SRM987",0.71023,"TIMS","bulk solid","bulk solid",4e-05,"organism : plant : plant tissue : leaf","","","","","other","","","field","M. Willmes","malte.willmes@gmail.com","","","","","","","Willmes et al. (2014)- The IRHUM (Isotopic Reconstruction of Human Migration) database - bioavailable strontium isotope ratios for geochemical fingerprinting in France. Earth Syst Sci Data, 6.",NA,NA,0.709533,NA,"unknown","unknown","https://doi.org/10.5194/essd-6-117-2014","DOI","LIT","F11-193","ARDUOUS-25815","F11-193","leaf","plant",NA,"France",-0.92,45.31
"526","F11-194","","SRM987",0.71023,"TIMS","bulk solid","bulk solid",4e-05,"organism : plant : plant tissue : leaf","","","","","other","","","field","M. Willmes","malte.willmes@gmail.com","","","","","","","Willmes et al. (2014)- The IRHUM (Isotopic Reconstruction of Human Migration) database - bioavailable strontium isotope ratios for geochemical fingerprinting in France. Earth Syst Sci Data, 6.",NA,NA,0.7091,NA,"unknown","unknown","https://doi.org/10.5194/essd-6-117-2014","DOI","LIT","F11-194","ARDUOUS-25816","F11-194","leaf","plant",NA,"France",-0.85,45.32
"527","F11-196","","SRM987",0.71023,"TIMS","bulk solid","bulk solid",4e-05,"organism : plant : plant tissue : leaf","","","","","other","","","field","M. Willmes","malte.willmes@gmail.com","","","","","","","Willmes et al. (2014)- The IRHUM (Isotopic Reconstruction of Human Migration) database - bioavailable strontium isotope ratios for geochemical fingerprinting in France. Earth Syst Sci Data, 6.",NA,NA,0.711477,NA,"unknown","unknown","https://doi.org/10.5194/essd-6-117-2014","DOI","LIT","F11-196","ARDUOUS-25817","F11-196","leaf","plant",NA,"France",-1.01,45.27
"528","F11-198","","SRM987",0.71023,"TIMS","bulk solid","bulk solid",4e-05,"organism : plant : plant tissue : leaf","","","","","other","","","field","M. Willmes","malte.willmes@gmail.com","","","","","","","Willmes et al. (2014)- The IRHUM (Isotopic Reconstruction of Human Migration) database - bioavailable strontium isotope ratios for geochemical fingerprinting in France. Earth Syst Sci Data, 6.",NA,NA,0.710452,NA,"unknown","unknown","https://doi.org/10.5194/essd-6-117-2014","DOI","LIT","F11-198","ARDUOUS-25818","F11-198","leaf","plant",NA,"France",-1.17,45.01
"529","F12-001","","SRM987",0.71023,"TIMS","bulk solid","bulk solid",4e-05,"organism : plant : plant tissue : leaf","","","","","other","","","field","M. Willmes","malte.willmes@gmail.com","","","","","","","Willmes et al. (2014)- The IRHUM (Isotopic Reconstruction of Human Migration) database - bioavailable strontium isotope ratios for geochemical fingerprinting in France. Earth Syst Sci Data, 6.",NA,NA,0.719653,NA,"unknown","unknown","https://doi.org/10.5194/essd-6-117-2014","DOI","LIT","F12-001","ARDUOUS-25819","F12-001","leaf","plant",NA,"France",2.19,45.95
"530","F12-002","","SRM987",0.71023,"TIMS","bulk solid","bulk solid",4e-05,"organism : plant : plant tissue : leaf","","","","","other","","","field","M. Willmes","malte.willmes@gmail.com","","","","","","","Willmes et al. (2014)- The IRHUM (Isotopic Reconstruction of Human Migration) database - bioavailable strontium isotope ratios for geochemical fingerprinting in France. Earth Syst Sci Data, 6.",NA,NA,0.718334,NA,"unknown","unknown","https://doi.org/10.5194/essd-6-117-2014","DOI","LIT","F12-002","ARDUOUS-25820","F12-002","leaf","plant",NA,"France",2.21,45.98
"531","F12-003","","SRM987",0.71023,"TIMS","bulk solid","bulk solid",4e-05,"organism : plant : plant tissue : leaf","","","","","other","","","field","M. Willmes","malte.willmes@gmail.com","","","","","","","Willmes et al. (2014)- The IRHUM (Isotopic Reconstruction of Human Migration) database - bioavailable strontium isotope ratios for geochemical fingerprinting in France. Earth Syst Sci Data, 6.",NA,NA,0.717994,NA,"unknown","unknown","https://doi.org/10.5194/essd-6-117-2014","DOI","LIT","F12-003","ARDUOUS-25821","F12-003","leaf","plant",NA,"France",2.26,46.04
"532","F12-004","","SRM987",0.71023,"TIMS","bulk solid","bulk solid",4e-05,"organism : plant : plant tissue : leaf","","","","","other","","","field","M. Willmes","malte.willmes@gmail.com","","","","","","","Willmes et al. (2014)- The IRHUM (Isotopic Reconstruction of Human Migration) database - bioavailable strontium isotope ratios for geochemical fingerprinting in France. Earth Syst Sci Data, 6.",NA,NA,0.712803,NA,"unknown","unknown","https://doi.org/10.5194/essd-6-117-2014","DOI","LIT","F12-004","ARDUOUS-25822","F12-004","leaf","plant",NA,"France",2.44,46.11
"533","F12-005","","SRM987",0.71023,"TIMS","bulk solid","bulk solid",4e-05,"organism : plant : plant tissue : leaf","","","","","other","","","field","M. Willmes","malte.willmes@gmail.com","","","","","","","Willmes et al. (2014)- The IRHUM (Isotopic Reconstruction of Human Migration) database - bioavailable strontium isotope ratios for geochemical fingerprinting in France. Earth Syst Sci Data, 6.",NA,NA,0.719847,NA,"unknown","unknown","https://doi.org/10.5194/essd-6-117-2014","DOI","LIT","F12-005","ARDUOUS-25823","F12-005","leaf","plant",NA,"France",2.48,46.2
"534","F12-005","","SRM987",0.71023,"TIMS","bulk solid","bulk solid",4e-05,"organism : plant : plant tissue : leaf","","","","","other","","","field","M. Willmes","malte.willmes@gmail.com","","","","","","","Willmes et al. (2014)- The IRHUM (Isotopic Reconstruction of Human Migration) database - bioavailable strontium isotope ratios for geochemical fingerprinting in France. Earth Syst Sci Data, 6.",NA,NA,0.721982,NA,"unknown","unknown","https://doi.org/10.5194/essd-6-117-2014","DOI","LIT","F12-005","ARDUOUS-25824","F12-005","leaf","plant",NA,"France",2.48,46.2
"535","F12-007","","SRM987",0.71023,"TIMS","bulk solid","bulk solid",4e-05,"organism : plant : plant tissue : leaf","","","","","other","","","field","M. Willmes","malte.willmes@gmail.com","","","","","","","Willmes et al. (2014)- The IRHUM (Isotopic Reconstruction of Human Migration) database - bioavailable strontium isotope ratios for geochemical fingerprinting in France. Earth Syst Sci Data, 6.",NA,NA,0.713602,NA,"unknown","unknown","https://doi.org/10.5194/essd-6-117-2014","DOI","LIT","F12-007","ARDUOUS-25825","F12-007","leaf","plant",NA,"France",2.42,46.19
"536","F12-008","","SRM987",0.71023,"TIMS","bulk solid","bulk solid",4e-05,"organism : plant : plant tissue : leaf","","","","","other","","","field","M. Willmes","malte.willmes@gmail.com","","","","","","","Willmes et al. (2014)- The IRHUM (Isotopic Reconstruction of Human Migration) database - bioavailable strontium isotope ratios for geochemical fingerprinting in France. Earth Syst Sci Data, 6.",NA,NA,0.713321,NA,"unknown","unknown","https://doi.org/10.5194/essd-6-117-2014","DOI","LIT","F12-008","ARDUOUS-25826","F12-008","leaf","plant",NA,"France",2.34,46.19
"537","F12-008","","SRM987",0.71023,"TIMS","bulk solid","bulk solid",4e-05,"organism : plant : plant tissue : leaf","","","","","other","","","field","M. Willmes","malte.willmes@gmail.com","","","","","","","Willmes et al. (2014)- The IRHUM (Isotopic Reconstruction of Human Migration) database - bioavailable strontium isotope ratios for geochemical fingerprinting in France. Earth Syst Sci Data, 6.",NA,NA,0.718905,NA,"unknown","unknown","https://doi.org/10.5194/essd-6-117-2014","DOI","LIT","F12-008","ARDUOUS-25827","F12-008","leaf","plant",NA,"France",2.34,46.19
"538","F12-009","","SRM987",0.71023,"TIMS","bulk solid","bulk solid",4e-05,"organism : plant : plant tissue : leaf","","","","","other","","","field","M. Willmes","malte.willmes@gmail.com","","","","","","","Willmes et al. (2014)- The IRHUM (Isotopic Reconstruction of Human Migration) database - bioavailable strontium isotope ratios for geochemical fingerprinting in France. Earth Syst Sci Data, 6.",NA,NA,0.720191,NA,"unknown","unknown","https://doi.org/10.5194/essd-6-117-2014","DOI","LIT","F12-009","ARDUOUS-25828","F12-009","leaf","plant",NA,"France",2.24,46.22
"539","F12-010","","SRM987",0.71023,"TIMS","bulk solid","bulk solid",4e-05,"organism : plant : plant tissue : leaf","","","","","other","","","field","M. Willmes","malte.willmes@gmail.com","","","","","","","Willmes et al. (2014)- The IRHUM (Isotopic Reconstruction of Human Migration) database - bioavailable strontium isotope ratios for geochemical fingerprinting in France. Earth Syst Sci Data, 6.",NA,NA,0.723502,NA,"unknown","unknown","https://doi.org/10.5194/essd-6-117-2014","DOI","LIT","F12-010","ARDUOUS-25829","F12-010","leaf","plant",NA,"France",2.25,46.32
"540","F12-010","","SRM987",0.71023,"TIMS","bulk solid","bulk solid",4e-05,"organism : plant : plant tissue : leaf","","","","","other","","","field","M. Willmes","malte.willmes@gmail.com","","","","","","","Willmes et al. (2014)- The IRHUM (Isotopic Reconstruction of Human Migration) database - bioavailable strontium isotope ratios for geochemical fingerprinting in France. Earth Syst Sci Data, 6.",NA,NA,0.725486,NA,"unknown","unknown","https://doi.org/10.5194/essd-6-117-2014","DOI","LIT","F12-010","ARDUOUS-25830","F12-010","leaf","plant",NA,"France",2.25,46.32
"541","F12-012","","SRM987",0.71023,"TIMS","bulk solid","bulk solid",4e-05,"organism : plant : plant tissue : leaf","","","","","other","","","field","M. Willmes","malte.willmes@gmail.com","","","","","","","Willmes et al. (2014)- The IRHUM (Isotopic Reconstruction of Human Migration) database - bioavailable strontium isotope ratios for geochemical fingerprinting in France. Earth Syst Sci Data, 6.",NA,NA,0.718106,NA,"unknown","unknown","https://doi.org/10.5194/essd-6-117-2014","DOI","LIT","F12-012","ARDUOUS-25831","F12-012","leaf","plant",NA,"France",2.07,46.48
"542","F12-013","","SRM987",0.71023,"TIMS","bulk solid","bulk solid",4e-05,"organism : plant : plant tissue : leaf","","","","","other","","","field","M. Willmes","malte.willmes@gmail.com","","","","","","","Willmes et al. (2014)- The IRHUM (Isotopic Reconstruction of Human Migration) database - bioavailable strontium isotope ratios for geochemical fingerprinting in France. Earth Syst Sci Data, 6.",NA,NA,0.721257,NA,"unknown","unknown","https://doi.org/10.5194/essd-6-117-2014","DOI","LIT","F12-013","ARDUOUS-25832","F12-013","leaf","plant",NA,"France",2.05,46.49
"543","F12-014","","SRM987",0.71023,"TIMS","bulk solid","bulk solid",4e-05,"organism : plant : plant tissue : leaf","","","","","other","","","field","M. Willmes","malte.willmes@gmail.com","","","Hedera","genus","","","Willmes et al. (2014)- The IRHUM (Isotopic Reconstruction of Human Migration) database - bioavailable strontium isotope ratios for geochemical fingerprinting in France. Earth Syst Sci Data, 6.",NA,NA,0.721865,NA,"unknown","unknown","https://doi.org/10.5194/essd-6-117-2014","DOI","LIT","F12-014","ARDUOUS-25833","F12-014","leaf","plant",NA,"France",1.9,46.44
"544","F12-016","","SRM987",0.71023,"TIMS","bulk solid","bulk solid",4e-05,"organism : plant : plant tissue : leaf","","","","","other","","","field","M. Willmes","malte.willmes@gmail.com","","","","","","","Willmes et al. (2014)- The IRHUM (Isotopic Reconstruction of Human Migration) database - bioavailable strontium isotope ratios for geochemical fingerprinting in France. Earth Syst Sci Data, 6.",NA,NA,0.717619,NA,"unknown","unknown","https://doi.org/10.5194/essd-6-117-2014","DOI","LIT","F12-016","ARDUOUS-25834","F12-016","leaf","plant",NA,"France",2.11,46.08
"545","F12-017","","SRM987",0.71023,"TIMS","bulk solid","bulk solid",4e-05,"organism : plant : plant tissue : leaf","","","","","other","","","field","M. Willmes","malte.willmes@gmail.com","","","","","","","Willmes et al. (2014)- The IRHUM (Isotopic Reconstruction of Human Migration) database - bioavailable strontium isotope ratios for geochemical fingerprinting in France. Earth Syst Sci Data, 6.",NA,NA,0.717884,NA,"unknown","unknown","https://doi.org/10.5194/essd-6-117-2014","DOI","LIT","F12-017","ARDUOUS-25835","F12-017","leaf","plant",NA,"France",2.07,46.08
"546","F12-018","","SRM987",0.71023,"TIMS","bulk solid","bulk solid",4e-05,"organism : plant : plant tissue : leaf","","","","","other","","","field","M. Willmes","malte.willmes@gmail.com","","","","","","","Willmes et al. (2014)- The IRHUM (Isotopic Reconstruction of Human Migration) database - bioavailable strontium isotope ratios for geochemical fingerprinting in France. Earth Syst Sci Data, 6.",NA,NA,0.720285,NA,"unknown","unknown","https://doi.org/10.5194/essd-6-117-2014","DOI","LIT","F12-018","ARDUOUS-25836","F12-018","leaf","plant",NA,"France",1.75,46.13
"547","F12-020","","SRM987",0.71023,"TIMS","bulk solid","bulk solid",4e-05,"organism : plant : plant tissue : leaf","","","","","other","","","field","M. Willmes","malte.willmes@gmail.com","","","","","","","Willmes et al. (2014)- The IRHUM (Isotopic Reconstruction of Human Migration) database - bioavailable strontium isotope ratios for geochemical fingerprinting in France. Earth Syst Sci Data, 6.",NA,NA,0.719727,NA,"unknown","unknown","https://doi.org/10.5194/essd-6-117-2014","DOI","LIT","F12-020","ARDUOUS-25837","F12-020","leaf","plant",NA,"France",1.58,45.96
"548","F12-021","","SRM987",0.71023,"TIMS","bulk solid","bulk solid",4e-05,"organism : plant : plant tissue : leaf","","","","","other","","","field","M. Willmes","malte.willmes@gmail.com","","","","","","","Willmes et al. (2014)- The IRHUM (Isotopic Reconstruction of Human Migration) database - bioavailable strontium isotope ratios for geochemical fingerprinting in France. Earth Syst Sci Data, 6.",NA,NA,0.732135,NA,"unknown","unknown","https://doi.org/10.5194/essd-6-117-2014","DOI","LIT","F12-021","ARDUOUS-25838","F12-021","leaf","plant",NA,"France",1.53,45.93
"549","F12-023","","SRM987",0.71023,"TIMS","bulk solid","bulk solid",4e-05,"organism : plant : plant tissue : leaf","","","","","other","","","field","M. Willmes","malte.willmes@gmail.com","","","","","","","Willmes et al. (2014)- The IRHUM (Isotopic Reconstruction of Human Migration) database - bioavailable strontium isotope ratios for geochemical fingerprinting in France. Earth Syst Sci Data, 6.",NA,NA,0.716517,NA,"unknown","unknown","https://doi.org/10.5194/essd-6-117-2014","DOI","LIT","F12-023","ARDUOUS-25839","F12-023","leaf","plant",NA,"France",1.12,46.01
"550","F12-024","","SRM987",0.71023,"TIMS","bulk solid","bulk solid",4e-05,"organism : plant : plant tissue : leaf","","","","","other","","","field","M. Willmes","malte.willmes@gmail.com","","","","","","","Willmes et al. (2014)- The IRHUM (Isotopic Reconstruction of Human Migration) database - bioavailable strontium isotope ratios for geochemical fingerprinting in France. Earth Syst Sci Data, 6.",NA,NA,0.716208,NA,"unknown","unknown","https://doi.org/10.5194/essd-6-117-2014","DOI","LIT","F12-024","ARDUOUS-25840","F12-024","leaf","plant",NA,"France",1.08,46.1
"551","F12-025","","SRM987",0.71023,"TIMS","bulk solid","bulk solid",4e-05,"organism : plant : plant tissue : leaf","","","","","other","","","field","M. Willmes","malte.willmes@gmail.com","","","","","","","Willmes et al. (2014)- The IRHUM (Isotopic Reconstruction of Human Migration) database - bioavailable strontium isotope ratios for geochemical fingerprinting in France. Earth Syst Sci Data, 6.",NA,NA,0.727697,NA,"unknown","unknown","https://doi.org/10.5194/essd-6-117-2014","DOI","LIT","F12-025","ARDUOUS-25841","F12-025","leaf","plant",NA,"France",1.02,46.15
"552","F12-026","","SRM987",0.71023,"TIMS","bulk solid","bulk solid",4e-05,"organism : plant : plant tissue : leaf","","","","","other","","","field","M. Willmes","malte.willmes@gmail.com","","","","","","","Willmes et al. (2014)- The IRHUM (Isotopic Reconstruction of Human Migration) database - bioavailable strontium isotope ratios for geochemical fingerprinting in France. Earth Syst Sci Data, 6.",NA,NA,0.712968,NA,"unknown","unknown","https://doi.org/10.5194/essd-6-117-2014","DOI","LIT","F12-026","ARDUOUS-25842","F12-026","leaf","plant",NA,"France",0.82,46.29
"553","F12-027","","SRM987",0.71023,"TIMS","bulk solid","bulk solid",4e-05,"organism : plant : plant tissue : leaf","","","","","other","","","field","M. Willmes","malte.willmes@gmail.com","","","","","","","Willmes et al. (2014)- The IRHUM (Isotopic Reconstruction of Human Migration) database - bioavailable strontium isotope ratios for geochemical fingerprinting in France. Earth Syst Sci Data, 6.",NA,NA,0.704317,NA,"unknown","unknown","https://doi.org/10.5194/essd-6-117-2014","DOI","LIT","F12-027","ARDUOUS-25843","F12-027","leaf","plant",NA,"France",2.71,45.84
"554","F12-028","","SRM987",0.71023,"TIMS","bulk solid","bulk solid",4e-05,"organism : plant : plant tissue : leaf","","","","","other","","","field","M. Willmes","malte.willmes@gmail.com","","","","","","","Willmes et al. (2014)- The IRHUM (Isotopic Reconstruction of Human Migration) database - bioavailable strontium isotope ratios for geochemical fingerprinting in France. Earth Syst Sci Data, 6.",NA,NA,0.716337,NA,"unknown","unknown","https://doi.org/10.5194/essd-6-117-2014","DOI","LIT","F12-028","ARDUOUS-25844","F12-028","leaf","plant",NA,"France",2.75,45.84
"555","F12-029","","SRM987",0.71023,"TIMS","bulk solid","bulk solid",4e-05,"organism : plant : plant tissue : leaf","","","","","other","","","field","M. Willmes","malte.willmes@gmail.com","","","","","","","Willmes et al. (2014)- The IRHUM (Isotopic Reconstruction of Human Migration) database - bioavailable strontium isotope ratios for geochemical fingerprinting in France. Earth Syst Sci Data, 6.",NA,NA,0.704818,NA,"unknown","unknown","https://doi.org/10.5194/essd-6-117-2014","DOI","LIT","F12-029","ARDUOUS-25845","F12-029","leaf","plant",NA,"France",2.91,45.77
"556","F12-030","","SRM987",0.71023,"TIMS","bulk solid","bulk solid",4e-05,"organism : plant : plant tissue : leaf","","","","","other","","","field","M. Willmes","malte.willmes@gmail.com","","","","","","","Willmes et al. (2014)- The IRHUM (Isotopic Reconstruction of Human Migration) database - bioavailable strontium isotope ratios for geochemical fingerprinting in France. Earth Syst Sci Data, 6.",NA,NA,0.705251,NA,"unknown","unknown","https://doi.org/10.5194/essd-6-117-2014","DOI","LIT","F12-030","ARDUOUS-25846","F12-030","leaf","plant",NA,"France",2.93,45.8
"557","F12-030","","SRM987",0.71023,"TIMS","bulk solid","bulk solid",4e-05,"organism : plant : plant tissue : leaf","","","","","other","","","field","M. Willmes","malte.willmes@gmail.com","","","","","","","Willmes et al. (2014)- The IRHUM (Isotopic Reconstruction of Human Migration) database - bioavailable strontium isotope ratios for geochemical fingerprinting in France. Earth Syst Sci Data, 6.",NA,NA,0.705378,NA,"unknown","unknown","https://doi.org/10.5194/essd-6-117-2014","DOI","LIT","F12-030","ARDUOUS-25847","F12-030","leaf","plant",NA,"France",2.93,45.8
"558","F12-031","","SRM987",0.71023,"TIMS","bulk solid","bulk solid",4e-05,"organism : plant : plant tissue : leaf","","","","","other","","","field","M. Willmes","malte.willmes@gmail.com","","","","","","","Willmes et al. (2014)- The IRHUM (Isotopic Reconstruction of Human Migration) database - bioavailable strontium isotope ratios for geochemical fingerprinting in France. Earth Syst Sci Data, 6.",NA,NA,0.711783,NA,"unknown","unknown","https://doi.org/10.5194/essd-6-117-2014","DOI","LIT","F12-031","ARDUOUS-25848","F12-031","leaf","plant",NA,"France",3.07,45.82
"559","F12-032","","SRM987",0.71023,"TIMS","bulk solid","bulk solid",4e-05,"organism : plant : plant tissue : leaf","","","","","other","","","field","M. Willmes","malte.willmes@gmail.com","","","","","","","Willmes et al. (2014)- The IRHUM (Isotopic Reconstruction of Human Migration) database - bioavailable strontium isotope ratios for geochemical fingerprinting in France. Earth Syst Sci Data, 6.",NA,NA,0.711319,NA,"unknown","unknown","https://doi.org/10.5194/essd-6-117-2014","DOI","LIT","F12-032","ARDUOUS-25849","F12-032","leaf","plant",NA,"France",3.28,45.85
"560","F12-032","","SRM987",0.71023,"TIMS","bulk solid","bulk solid",4e-05,"organism : plant : plant tissue : leaf","","","","","other","","","field","M. Willmes","malte.willmes@gmail.com","","","","","","","Willmes et al. (2014)- The IRHUM (Isotopic Reconstruction of Human Migration) database - bioavailable strontium isotope ratios for geochemical fingerprinting in France. Earth Syst Sci Data, 6.",NA,NA,0.712016,NA,"unknown","unknown","https://doi.org/10.5194/essd-6-117-2014","DOI","LIT","F12-032","ARDUOUS-25850","F12-032","leaf","plant",NA,"France",3.28,45.85
"561","F12-033","","SRM987",0.71023,"TIMS","bulk solid","bulk solid",4e-05,"organism : plant : plant tissue : leaf","","","","","other","","","field","M. Willmes","malte.willmes@gmail.com","","","","","","","Willmes et al. (2014)- The IRHUM (Isotopic Reconstruction of Human Migration) database - bioavailable strontium isotope ratios for geochemical fingerprinting in France. Earth Syst Sci Data, 6.",NA,NA,0.712228,NA,"unknown","unknown","https://doi.org/10.5194/essd-6-117-2014","DOI","LIT","F12-033","ARDUOUS-25851","F12-033","leaf","plant",NA,"France",3.31,45.86
"562","F12-034","","SRM987",0.71023,"TIMS","bulk solid","bulk solid",4e-05,"organism : plant : plant tissue : leaf","","","","","other","","","field","M. Willmes","malte.willmes@gmail.com","","","","","","","Willmes et al. (2014)- The IRHUM (Isotopic Reconstruction of Human Migration) database - bioavailable strontium isotope ratios for geochemical fingerprinting in France. Earth Syst Sci Data, 6.",NA,NA,0.721899,NA,"unknown","unknown","https://doi.org/10.5194/essd-6-117-2014","DOI","LIT","F12-034","ARDUOUS-25852","F12-034","leaf","plant",NA,"France",1.85,45.98
"563","F12-036","","SRM987",0.71023,"TIMS","bulk solid","bulk solid",4e-05,"organism : plant : plant tissue : leaf","","","","","other","","","field","M. Willmes","malte.willmes@gmail.com","","","","","","","Willmes et al. (2014)- The IRHUM (Isotopic Reconstruction of Human Migration) database - bioavailable strontium isotope ratios for geochemical fingerprinting in France. Earth Syst Sci Data, 6.",NA,NA,0.722713,NA,"unknown","unknown","https://doi.org/10.5194/essd-6-117-2014","DOI","LIT","F12-036","ARDUOUS-25853","F12-036","leaf","plant",NA,"France",1.59,45.9
"564","F12-038","","SRM987",0.71023,"TIMS","bulk solid","bulk solid",4e-05,"organism : plant : plant tissue : leaf","","","","","other","","","field","M. Willmes","malte.willmes@gmail.com","","","","","","","Willmes et al. (2014)- The IRHUM (Isotopic Reconstruction of Human Migration) database - bioavailable strontium isotope ratios for geochemical fingerprinting in France. Earth Syst Sci Data, 6.",NA,NA,0.718494,NA,"unknown","unknown","https://doi.org/10.5194/essd-6-117-2014","DOI","LIT","F12-038","ARDUOUS-25854","F12-038","leaf","plant",NA,"France",1.47,45.83
"565","F12-039","","SRM987",0.71023,"TIMS","bulk solid","bulk solid",4e-05,"organism : plant : plant tissue : leaf","","","","","other","","","field","M. Willmes","malte.willmes@gmail.com","","","","","","","Willmes et al. (2014)- The IRHUM (Isotopic Reconstruction of Human Migration) database - bioavailable strontium isotope ratios for geochemical fingerprinting in France. Earth Syst Sci Data, 6.",NA,NA,0.712625,NA,"unknown","unknown","https://doi.org/10.5194/essd-6-117-2014","DOI","LIT","F12-039","ARDUOUS-25855","F12-039","leaf","plant",NA,"France",1.29,45.75
"566","F12-040","","SRM987",0.71023,"TIMS","bulk solid","bulk solid",4e-05,"organism : plant : plant tissue : leaf","","","","","other","","","field","M. Willmes","malte.willmes@gmail.com","","","","","","","Willmes et al. (2014)- The IRHUM (Isotopic Reconstruction of Human Migration) database - bioavailable strontium isotope ratios for geochemical fingerprinting in France. Earth Syst Sci Data, 6.",NA,NA,0.711866,NA,"unknown","unknown","https://doi.org/10.5194/essd-6-117-2014","DOI","LIT","F12-040","ARDUOUS-25856","F12-040","leaf","plant",NA,"France",1.25,45.7
"567","F12-041","","SRM987",0.71023,"TIMS","bulk solid","bulk solid",4e-05,"organism : plant : plant tissue : leaf","","","","","other","","","field","M. Willmes","malte.willmes@gmail.com","","","","","","","Willmes et al. (2014)- The IRHUM (Isotopic Reconstruction of Human Migration) database - bioavailable strontium isotope ratios for geochemical fingerprinting in France. Earth Syst Sci Data, 6.",NA,NA,0.711119,NA,"unknown","unknown","https://doi.org/10.5194/essd-6-117-2014","DOI","LIT","F12-041","ARDUOUS-25857","F12-041","leaf","plant",NA,"France",1.22,45.59
"568","F12-042","","SRM987",0.71023,"TIMS","bulk solid","bulk solid",4e-05,"organism : plant : plant tissue : leaf","","","","","other","","","field","M. Willmes","malte.willmes@gmail.com","","","","","","","Willmes et al. (2014)- The IRHUM (Isotopic Reconstruction of Human Migration) database - bioavailable strontium isotope ratios for geochemical fingerprinting in France. Earth Syst Sci Data, 6.",NA,NA,0.715647,NA,"unknown","unknown","https://doi.org/10.5194/essd-6-117-2014","DOI","LIT","F12-042","ARDUOUS-25858","F12-042","leaf","plant",NA,"France",1.15,45.54
"569","F12-044","","SRM987",0.71023,"TIMS","bulk solid","bulk solid",4e-05,"organism : plant : plant tissue : leaf","","","","","other","","","field","M. Willmes","malte.willmes@gmail.com","","","","","","","Willmes et al. (2014)- The IRHUM (Isotopic Reconstruction of Human Migration) database - bioavailable strontium isotope ratios for geochemical fingerprinting in France. Earth Syst Sci Data, 6.",NA,NA,0.720516,NA,"unknown","unknown","https://doi.org/10.5194/essd-6-117-2014","DOI","LIT","F12-044","ARDUOUS-25859","F12-044","leaf","plant",NA,"France",0.97,45.57
"570","F12-045","","SRM987",0.71023,"TIMS","bulk solid","bulk solid",4e-05,"organism : plant : plant tissue : leaf","","","","","other","","","field","M. Willmes","malte.willmes@gmail.com","","","","","","","Willmes et al. (2014)- The IRHUM (Isotopic Reconstruction of Human Migration) database - bioavailable strontium isotope ratios for geochemical fingerprinting in France. Earth Syst Sci Data, 6.",NA,NA,0.719944,NA,"unknown","unknown","https://doi.org/10.5194/essd-6-117-2014","DOI","LIT","F12-045","ARDUOUS-25860","F12-045","leaf","plant",NA,"France",0.82,45.55
"571","F12-046","","SRM987",0.71023,"TIMS","bulk solid","bulk solid",4e-05,"organism : plant : plant tissue : leaf","","","","","other","","","field","M. Willmes","malte.willmes@gmail.com","","","","","","","Willmes et al. (2014)- The IRHUM (Isotopic Reconstruction of Human Migration) database - bioavailable strontium isotope ratios for geochemical fingerprinting in France. Earth Syst Sci Data, 6.",NA,NA,0.714595,NA,"unknown","unknown","https://doi.org/10.5194/essd-6-117-2014","DOI","LIT","F12-046","ARDUOUS-25861","F12-046","leaf","plant",NA,"France",0.83,45.81
"572","F12-047","","SRM987",0.71023,"TIMS","bulk solid","bulk solid",4e-05,"organism : plant : plant tissue : leaf","","","","","other","","","field","M. Willmes","malte.willmes@gmail.com","","","","","","","Willmes et al. (2014)- The IRHUM (Isotopic Reconstruction of Human Migration) database - bioavailable strontium isotope ratios for geochemical fingerprinting in France. Earth Syst Sci Data, 6.",NA,NA,0.715944,NA,"unknown","unknown","https://doi.org/10.5194/essd-6-117-2014","DOI","LIT","F12-047","ARDUOUS-25862","F12-047","leaf","plant",NA,"France",0.82,45.82
"573","F12-048","","SRM987",0.71023,"TIMS","bulk solid","bulk solid",4e-05,"organism : plant : plant tissue : leaf","","","","","other","","","field","M. Willmes","malte.willmes@gmail.com","","","","","","","Willmes et al. (2014)- The IRHUM (Isotopic Reconstruction of Human Migration) database - bioavailable strontium isotope ratios for geochemical fingerprinting in France. Earth Syst Sci Data, 6.",NA,NA,0.720971,NA,"unknown","unknown","https://doi.org/10.5194/essd-6-117-2014","DOI","LIT","F12-048","ARDUOUS-25863","F12-048","leaf","plant",NA,"France",2.27,45.67
"574","F12-055","","SRM987",0.71023,"TIMS","bulk solid","bulk solid",4e-05,"organism : plant : plant tissue : leaf","","","","","other","","","field","M. Willmes","malte.willmes@gmail.com","","","","","","","Willmes et al. (2014)- The IRHUM (Isotopic Reconstruction of Human Migration) database - bioavailable strontium isotope ratios for geochemical fingerprinting in France. Earth Syst Sci Data, 6.",NA,NA,0.720151,NA,"unknown","unknown","https://doi.org/10.5194/essd-6-117-2014","DOI","LIT","F12-055","ARDUOUS-25864","F12-055","leaf","plant",NA,"France",1.42,45.17
"575","F12-056","","SRM987",0.71023,"TIMS","bulk solid","bulk solid",4e-05,"organism : plant : plant tissue : leaf","","","","","other","","","field","M. Willmes","malte.willmes@gmail.com","","","","","","","Willmes et al. (2014)- The IRHUM (Isotopic Reconstruction of Human Migration) database - bioavailable strontium isotope ratios for geochemical fingerprinting in France. Earth Syst Sci Data, 6.",NA,NA,0.727957,NA,"unknown","unknown","https://doi.org/10.5194/essd-6-117-2014","DOI","LIT","F12-056","ARDUOUS-25865","F12-056","leaf","plant",NA,"France",1.36,45.31
"576","F12-057","","SRM987",0.71023,"TIMS","bulk solid","bulk solid",4e-05,"organism : plant : plant tissue : leaf","","","","","other","","","field","M. Willmes","malte.willmes@gmail.com","","","","","","","Willmes et al. (2014)- The IRHUM (Isotopic Reconstruction of Human Migration) database - bioavailable strontium isotope ratios for geochemical fingerprinting in France. Earth Syst Sci Data, 6.",NA,NA,0.714307,NA,"unknown","unknown","https://doi.org/10.5194/essd-6-117-2014","DOI","LIT","F12-057","ARDUOUS-25866","F12-057","leaf","plant",NA,"France",1.23,45.4
"577","F12-058","","SRM987",0.71023,"TIMS","bulk solid","bulk solid",4e-05,"organism : plant : plant tissue : leaf","","","","","other","","","field","M. Willmes","malte.willmes@gmail.com","","","","","","","Willmes et al. (2014)- The IRHUM (Isotopic Reconstruction of Human Migration) database - bioavailable strontium isotope ratios for geochemical fingerprinting in France. Earth Syst Sci Data, 6.",NA,NA,0.719085,NA,"unknown","unknown","https://doi.org/10.5194/essd-6-117-2014","DOI","LIT","F12-058","ARDUOUS-25867","F12-058","leaf","plant",NA,"France",1.14,45.35
"578","F12-060","","SRM987",0.71023,"TIMS","bulk solid","bulk solid",4e-05,"organism : plant : plant tissue : leaf","","","","","other","","","field","M. Willmes","malte.willmes@gmail.com","","","","","","","Willmes et al. (2014)- The IRHUM (Isotopic Reconstruction of Human Migration) database - bioavailable strontium isotope ratios for geochemical fingerprinting in France. Earth Syst Sci Data, 6.",NA,NA,0.712655,NA,"unknown","unknown","https://doi.org/10.5194/essd-6-117-2014","DOI","LIT","F12-060","ARDUOUS-25868","F12-060","leaf","plant",NA,"France",1.14,45.33
"579","F12-061","","SRM987",0.71023,"TIMS","bulk solid","bulk solid",4e-05,"organism : plant : plant tissue : leaf","","","","","other","","","field","M. Willmes","malte.willmes@gmail.com","","","","","","","Willmes et al. (2014)- The IRHUM (Isotopic Reconstruction of Human Migration) database - bioavailable strontium isotope ratios for geochemical fingerprinting in France. Earth Syst Sci Data, 6.",NA,NA,0.711325,NA,"unknown","unknown","https://doi.org/10.5194/essd-6-117-2014","DOI","LIT","F12-061","ARDUOUS-25869","F12-061","leaf","plant",NA,"France",2.7,45.6
"580","F12-062","","SRM987",0.71023,"TIMS","bulk solid","bulk solid",4e-05,"organism : plant : plant tissue : leaf","","","","","other","","","field","M. Willmes","malte.willmes@gmail.com","","","","","","","Willmes et al. (2014)- The IRHUM (Isotopic Reconstruction of Human Migration) database - bioavailable strontium isotope ratios for geochemical fingerprinting in France. Earth Syst Sci Data, 6.",NA,NA,0.711927,NA,"unknown","unknown","https://doi.org/10.5194/essd-6-117-2014","DOI","LIT","F12-062","ARDUOUS-25870","F12-062","leaf","plant",NA,"France",2.7,45.61
"581","F12-063","","SRM987",0.71023,"TIMS","bulk solid","bulk solid",4e-05,"organism : plant : plant tissue : leaf","","","","","other","","","field","M. Willmes","malte.willmes@gmail.com","","","","","","","Willmes et al. (2014)- The IRHUM (Isotopic Reconstruction of Human Migration) database - bioavailable strontium isotope ratios for geochemical fingerprinting in France. Earth Syst Sci Data, 6.",NA,NA,0.704606,NA,"unknown","unknown","https://doi.org/10.5194/essd-6-117-2014","DOI","LIT","F12-063","ARDUOUS-25871","F12-063","leaf","plant",NA,"France",2.67,45.56
"582","F12-065","","SRM987",0.71023,"TIMS","bulk solid","bulk solid",4e-05,"organism : plant : plant tissue : leaf","","","","","other","","","field","M. Willmes","malte.willmes@gmail.com","","","","","","","Willmes et al. (2014)- The IRHUM (Isotopic Reconstruction of Human Migration) database - bioavailable strontium isotope ratios for geochemical fingerprinting in France. Earth Syst Sci Data, 6.",NA,NA,0.71623,NA,"unknown","unknown","https://doi.org/10.5194/essd-6-117-2014","DOI","LIT","F12-065","ARDUOUS-25872","F12-065","leaf","plant",NA,"France",2.72,45.59
"583","F12-066","","SRM987",0.71023,"TIMS","bulk solid","bulk solid",4e-05,"organism : plant : plant tissue : leaf","","","","","other","","","field","M. Willmes","malte.willmes@gmail.com","","","","","","","Willmes et al. (2014)- The IRHUM (Isotopic Reconstruction of Human Migration) database - bioavailable strontium isotope ratios for geochemical fingerprinting in France. Earth Syst Sci Data, 6.",NA,NA,0.704886,NA,"unknown","unknown","https://doi.org/10.5194/essd-6-117-2014","DOI","LIT","F12-066","ARDUOUS-25873","F12-066","leaf","plant",NA,"France",2.78,45.59
"584","F12-067","","SRM987",0.71023,"TIMS","bulk solid","bulk solid",4e-05,"organism : plant : plant tissue : leaf","","","","","other","","","field","M. Willmes","malte.willmes@gmail.com","","","","","","","Willmes et al. (2014)- The IRHUM (Isotopic Reconstruction of Human Migration) database - bioavailable strontium isotope ratios for geochemical fingerprinting in France. Earth Syst Sci Data, 6.",NA,NA,0.704459,NA,"unknown","unknown","https://doi.org/10.5194/essd-6-117-2014","DOI","LIT","F12-067","ARDUOUS-25874","F12-067","leaf","plant",NA,"France",2.81,45.59
"585","F12-068","","SRM987",0.71023,"TIMS","bulk solid","bulk solid",4e-05,"organism : plant : plant tissue : leaf","","","","","other","","","field","M. Willmes","malte.willmes@gmail.com","","","","","","","Willmes et al. (2014)- The IRHUM (Isotopic Reconstruction of Human Migration) database - bioavailable strontium isotope ratios for geochemical fingerprinting in France. Earth Syst Sci Data, 6.",NA,NA,0.70509,NA,"unknown","unknown","https://doi.org/10.5194/essd-6-117-2014","DOI","LIT","F12-068","ARDUOUS-25875","F12-068","leaf","plant",NA,"France",2.83,45.59
"586","F12-069","","SRM987",0.71023,"TIMS","bulk solid","bulk solid",4e-05,"organism : plant : plant tissue : leaf","","","","","other","","","field","M. Willmes","malte.willmes@gmail.com","","","","","","","Willmes et al. (2014)- The IRHUM (Isotopic Reconstruction of Human Migration) database - bioavailable strontium isotope ratios for geochemical fingerprinting in France. Earth Syst Sci Data, 6.",NA,NA,0.704116,NA,"unknown","unknown","https://doi.org/10.5194/essd-6-117-2014","DOI","LIT","F12-069","ARDUOUS-25876","F12-069","leaf","plant",NA,"France",2.86,45.59
"587","F12-069","","SRM987",0.71023,"TIMS","bulk solid","bulk solid",4e-05,"organism : plant : plant tissue : leaf","","","","","other","","","field","M. Willmes","malte.willmes@gmail.com","","","","","","","Willmes et al. (2014)- The IRHUM (Isotopic Reconstruction of Human Migration) database - bioavailable strontium isotope ratios for geochemical fingerprinting in France. Earth Syst Sci Data, 6.",NA,NA,0.705444,NA,"unknown","unknown","https://doi.org/10.5194/essd-6-117-2014","DOI","LIT","F12-069","ARDUOUS-25877","F12-069","leaf","plant",NA,"France",2.86,45.59
"588","F12-070","","SRM987",0.71023,"TIMS","bulk solid","bulk solid",4e-05,"organism : plant : plant tissue : leaf","","","","","other","","","field","M. Willmes","malte.willmes@gmail.com","","","","","","","Willmes et al. (2014)- The IRHUM (Isotopic Reconstruction of Human Migration) database - bioavailable strontium isotope ratios for geochemical fingerprinting in France. Earth Syst Sci Data, 6.",NA,NA,0.710144,NA,"unknown","unknown","https://doi.org/10.5194/essd-6-117-2014","DOI","LIT","F12-070","ARDUOUS-25878","F12-070","leaf","plant",NA,"France",2.98,45.59
"589","F12-071","","SRM987",0.71023,"TIMS","bulk solid","bulk solid",4e-05,"organism : plant : plant tissue : leaf","","","","","other","","","field","M. Willmes","malte.willmes@gmail.com","","","","","","","Willmes et al. (2014)- The IRHUM (Isotopic Reconstruction of Human Migration) database - bioavailable strontium isotope ratios for geochemical fingerprinting in France. Earth Syst Sci Data, 6.",NA,NA,0.71247,NA,"unknown","unknown","https://doi.org/10.5194/essd-6-117-2014","DOI","LIT","F12-071","ARDUOUS-25879","F12-071","leaf","plant",NA,"France",3.14,45.58
"590","F12-072","","SRM987",0.71023,"TIMS","bulk solid","bulk solid",4e-05,"organism : plant : plant tissue : leaf","","","","","other","","","field","M. Willmes","malte.willmes@gmail.com","","","","","","","Willmes et al. (2014)- The IRHUM (Isotopic Reconstruction of Human Migration) database - bioavailable strontium isotope ratios for geochemical fingerprinting in France. Earth Syst Sci Data, 6.",NA,NA,0.715044,NA,"unknown","unknown","https://doi.org/10.5194/essd-6-117-2014","DOI","LIT","F12-072","ARDUOUS-25880","F12-072","leaf","plant",NA,"France",3.32,45.36
"591","F12-072","","SRM987",0.71023,"TIMS","bulk solid","bulk solid",4e-05,"organism : plant : plant tissue : leaf","","","","","other","","","field","M. Willmes","malte.willmes@gmail.com","","","","","","","Willmes et al. (2014)- The IRHUM (Isotopic Reconstruction of Human Migration) database - bioavailable strontium isotope ratios for geochemical fingerprinting in France. Earth Syst Sci Data, 6.",NA,NA,0.715231,NA,"unknown","unknown","https://doi.org/10.5194/essd-6-117-2014","DOI","LIT","F12-072","ARDUOUS-25881","F12-072","leaf","plant",NA,"France",3.32,45.36
"592","F12-073","","SRM987",0.71023,"TIMS","bulk solid","bulk solid",4e-05,"organism : plant : plant tissue : leaf","","","","","other","","","field","M. Willmes","malte.willmes@gmail.com","","","","","","","Willmes et al. (2014)- The IRHUM (Isotopic Reconstruction of Human Migration) database - bioavailable strontium isotope ratios for geochemical fingerprinting in France. Earth Syst Sci Data, 6.",NA,NA,0.714648,NA,"unknown","unknown","https://doi.org/10.5194/essd-6-117-2014","DOI","LIT","F12-073","ARDUOUS-25882","F12-073","leaf","plant",NA,"France",3.41,45.3
"593","F12-074","","SRM987",0.71023,"TIMS","bulk solid","bulk solid",4e-05,"organism : plant : plant tissue : leaf","","","","","other","","","field","M. Willmes","malte.willmes@gmail.com","","","","","","","Willmes et al. (2014)- The IRHUM (Isotopic Reconstruction of Human Migration) database - bioavailable strontium isotope ratios for geochemical fingerprinting in France. Earth Syst Sci Data, 6.",NA,NA,0.717656,NA,"unknown","unknown","https://doi.org/10.5194/essd-6-117-2014","DOI","LIT","F12-074","ARDUOUS-25883","F12-074","leaf","plant",NA,"France",3.45,45.29
"594","F12-075","","SRM987",0.71023,"TIMS","bulk solid","bulk solid",4e-05,"organism : plant : plant tissue : leaf","","","","","other","","","field","M. Willmes","malte.willmes@gmail.com","","","","","","","Willmes et al. (2014)- The IRHUM (Isotopic Reconstruction of Human Migration) database - bioavailable strontium isotope ratios for geochemical fingerprinting in France. Earth Syst Sci Data, 6.",NA,NA,0.723433,NA,"unknown","unknown","https://doi.org/10.5194/essd-6-117-2014","DOI","LIT","F12-075","ARDUOUS-25884","F12-075","leaf","plant",NA,"France",3.49,45.3
"595","F12-076","","SRM987",0.71023,"TIMS","bulk solid","bulk solid",4e-05,"organism : plant : plant tissue : leaf","","","","","other","","","field","M. Willmes","malte.willmes@gmail.com","","","","","","","Willmes et al. (2014)- The IRHUM (Isotopic Reconstruction of Human Migration) database - bioavailable strontium isotope ratios for geochemical fingerprinting in France. Earth Syst Sci Data, 6.",NA,NA,0.719796,NA,"unknown","unknown","https://doi.org/10.5194/essd-6-117-2014","DOI","LIT","F12-076","ARDUOUS-25885","F12-076","leaf","plant",NA,"France",3.58,45.33
"596","F12-078","","SRM987",0.71023,"TIMS","bulk solid","bulk solid",4e-05,"organism : plant : plant tissue : leaf","","","","","other","","","field","M. Willmes","malte.willmes@gmail.com","","","","","","","Willmes et al. (2014)- The IRHUM (Isotopic Reconstruction of Human Migration) database - bioavailable strontium isotope ratios for geochemical fingerprinting in France. Earth Syst Sci Data, 6.",NA,NA,0.714811,NA,"unknown","unknown","https://doi.org/10.5194/essd-6-117-2014","DOI","LIT","F12-078","ARDUOUS-25886","F12-078","leaf","plant",NA,"France",3.68,45.33
"597","F12-080","","SRM987",0.71023,"TIMS","bulk solid","bulk solid",4e-05,"organism : plant : plant tissue : leaf","","","","","other","","","field","M. Willmes","malte.willmes@gmail.com","","","","","","","Willmes et al. (2014)- The IRHUM (Isotopic Reconstruction of Human Migration) database - bioavailable strontium isotope ratios for geochemical fingerprinting in France. Earth Syst Sci Data, 6.",NA,NA,0.705072,NA,"unknown","unknown","https://doi.org/10.5194/essd-6-117-2014","DOI","LIT","F12-080","ARDUOUS-25887","F12-080","leaf","plant",NA,"France",3.81,45.09
"598","F12-081","","SRM987",0.71023,"TIMS","bulk solid","bulk solid",4e-05,"organism : plant : plant tissue : leaf","","","","","other","","","field","M. Willmes","malte.willmes@gmail.com","","","","","","","Willmes et al. (2014)- The IRHUM (Isotopic Reconstruction of Human Migration) database - bioavailable strontium isotope ratios for geochemical fingerprinting in France. Earth Syst Sci Data, 6.",NA,NA,0.705354,NA,"unknown","unknown","https://doi.org/10.5194/essd-6-117-2014","DOI","LIT","F12-081","ARDUOUS-25888","F12-081","leaf","plant",NA,"France",3.85,45.07
"599","F12-082","","SRM987",0.71023,"TIMS","bulk solid","bulk solid",4e-05,"organism : plant : plant tissue : leaf","","","","","other","","","field","M. Willmes","malte.willmes@gmail.com","","","","","","","Willmes et al. (2014)- The IRHUM (Isotopic Reconstruction of Human Migration) database - bioavailable strontium isotope ratios for geochemical fingerprinting in France. Earth Syst Sci Data, 6.",NA,NA,0.709888,NA,"unknown","unknown","https://doi.org/10.5194/essd-6-117-2014","DOI","LIT","F12-082","ARDUOUS-25889","F12-082","leaf","plant",NA,"France",3.88,45.05
"600","F12-083","","SRM987",0.71023,"TIMS","bulk solid","bulk solid",4e-05,"organism : plant : plant tissue : leaf","","","","","other","","","field","M. Willmes","malte.willmes@gmail.com","","","","","","","Willmes et al. (2014)- The IRHUM (Isotopic Reconstruction of Human Migration) database - bioavailable strontium isotope ratios for geochemical fingerprinting in France. Earth Syst Sci Data, 6.",NA,NA,0.706431,NA,"unknown","unknown","https://doi.org/10.5194/essd-6-117-2014","DOI","LIT","F12-083","ARDUOUS-25890","F12-083","leaf","plant",NA,"France",3.88,45.01
"601","F12-084","","SRM987",0.71023,"TIMS","bulk solid","bulk solid",4e-05,"organism : plant : plant tissue : leaf","","","","","other","","","field","M. Willmes","malte.willmes@gmail.com","","","","","","","Willmes et al. (2014)- The IRHUM (Isotopic Reconstruction of Human Migration) database - bioavailable strontium isotope ratios for geochemical fingerprinting in France. Earth Syst Sci Data, 6.",NA,NA,0.703927,NA,"unknown","unknown","https://doi.org/10.5194/essd-6-117-2014","DOI","LIT","F12-084","ARDUOUS-25891","F12-084","leaf","plant",NA,"France",3.84,44.92
"602","F12-086","","SRM987",0.71023,"TIMS","bulk solid","bulk solid",4e-05,"organism : plant : plant tissue : leaf","","","","","other","","","field","M. Willmes","malte.willmes@gmail.com","","","","","","","Willmes et al. (2014)- The IRHUM (Isotopic Reconstruction of Human Migration) database - bioavailable strontium isotope ratios for geochemical fingerprinting in France. Earth Syst Sci Data, 6.",NA,NA,0.719317,NA,"unknown","unknown","https://doi.org/10.5194/essd-6-117-2014","DOI","LIT","F12-086","ARDUOUS-25892","F12-086","leaf","plant",NA,"France",4.07,44.68
"603","F12-088","","SRM987",0.71023,"TIMS","bulk solid","bulk solid",4e-05,"organism : plant : plant tissue : leaf","","","","","other","","","field","M. Willmes","malte.willmes@gmail.com","","","","","","","Willmes et al. (2014)- The IRHUM (Isotopic Reconstruction of Human Migration) database - bioavailable strontium isotope ratios for geochemical fingerprinting in France. Earth Syst Sci Data, 6.",NA,NA,0.707484,NA,"unknown","unknown","https://doi.org/10.5194/essd-6-117-2014","DOI","LIT","F12-088","ARDUOUS-25893","F12-088","leaf","plant",NA,"France",4.04,45.67
"604","F12-089","","SRM987",0.71023,"TIMS","bulk solid","bulk solid",4e-05,"organism : plant : plant tissue : leaf","","","","","other","","","field","M. Willmes","malte.willmes@gmail.com","","","","","","","Willmes et al. (2014)- The IRHUM (Isotopic Reconstruction of Human Migration) database - bioavailable strontium isotope ratios for geochemical fingerprinting in France. Earth Syst Sci Data, 6.",NA,NA,0.713678,NA,"unknown","unknown","https://doi.org/10.5194/essd-6-117-2014","DOI","LIT","F12-089","ARDUOUS-25894","F12-089","leaf","plant",NA,"France",3.99,45.75
"605","F12-090","","SRM987",0.71023,"TIMS","bulk solid","bulk solid",4e-05,"organism : plant : plant tissue : leaf","","","","","other","","","field","M. Willmes","malte.willmes@gmail.com","","","","","","","Willmes et al. (2014)- The IRHUM (Isotopic Reconstruction of Human Migration) database - bioavailable strontium isotope ratios for geochemical fingerprinting in France. Earth Syst Sci Data, 6.",NA,NA,0.713752,NA,"unknown","unknown","https://doi.org/10.5194/essd-6-117-2014","DOI","LIT","F12-090","ARDUOUS-25895","F12-090","leaf","plant",NA,"France",3.85,45.82
"606","F12-091","","SRM987",0.71023,"TIMS","bulk solid","bulk solid",4e-05,"organism : plant : plant tissue : leaf","","","","","other","","","field","M. Willmes","malte.willmes@gmail.com","","","","","","","Willmes et al. (2014)- The IRHUM (Isotopic Reconstruction of Human Migration) database - bioavailable strontium isotope ratios for geochemical fingerprinting in France. Earth Syst Sci Data, 6.",NA,NA,0.714045,NA,"unknown","unknown","https://doi.org/10.5194/essd-6-117-2014","DOI","LIT","F12-091","ARDUOUS-25896","F12-091","leaf","plant",NA,"France",3.85,45.9
"607","F12-092","","SRM987",0.71023,"TIMS","bulk solid","bulk solid",4e-05,"organism : plant : plant tissue : leaf","","","","","other","","","field","M. Willmes","malte.willmes@gmail.com","","","","","","","Willmes et al. (2014)- The IRHUM (Isotopic Reconstruction of Human Migration) database - bioavailable strontium isotope ratios for geochemical fingerprinting in France. Earth Syst Sci Data, 6.",NA,NA,0.708103,NA,"unknown","unknown","https://doi.org/10.5194/essd-6-117-2014","DOI","LIT","F12-092","ARDUOUS-25897","F12-092","leaf","plant",NA,"France",3.82,45.93
"608","F12-093","","SRM987",0.71023,"TIMS","bulk solid","bulk solid",4e-05,"organism : plant : plant tissue : leaf","","","","","other","","","field","M. Willmes","malte.willmes@gmail.com","","","","","","","Willmes et al. (2014)- The IRHUM (Isotopic Reconstruction of Human Migration) database - bioavailable strontium isotope ratios for geochemical fingerprinting in France. Earth Syst Sci Data, 6.",NA,NA,0.714419,NA,"unknown","unknown","https://doi.org/10.5194/essd-6-117-2014","DOI","LIT","F12-093","ARDUOUS-25898","F12-093","leaf","plant",NA,"France",3.78,45.97
"609","F12-096","","SRM987",0.71023,"TIMS","bulk solid","bulk solid",4e-05,"organism : plant : plant tissue : leaf","","","","","other","","","field","M. Willmes","malte.willmes@gmail.com","","","","","","","Willmes et al. (2014)- The IRHUM (Isotopic Reconstruction of Human Migration) database - bioavailable strontium isotope ratios for geochemical fingerprinting in France. Earth Syst Sci Data, 6.",NA,NA,0.712671,NA,"unknown","unknown","https://doi.org/10.5194/essd-6-117-2014","DOI","LIT","F12-096","ARDUOUS-25899","F12-096","leaf","plant",NA,"France",4.05,45.99
"610","F12-097","","SRM987",0.71023,"TIMS","bulk solid","bulk solid",4e-05,"organism : plant : plant tissue : leaf","","","","","other","","","field","M. Willmes","malte.willmes@gmail.com","","","","","","","Willmes et al. (2014)- The IRHUM (Isotopic Reconstruction of Human Migration) database - bioavailable strontium isotope ratios for geochemical fingerprinting in France. Earth Syst Sci Data, 6.",NA,NA,0.718332,NA,"unknown","unknown","https://doi.org/10.5194/essd-6-117-2014","DOI","LIT","F12-097","ARDUOUS-25900","F12-097","leaf","plant",NA,"France",4.05,45.99
"611","F12-098","","SRM987",0.71023,"TIMS","bulk solid","bulk solid",4e-05,"organism : plant : plant tissue : leaf","","","","","other","","","field","M. Willmes","malte.willmes@gmail.com","","","","","","","Willmes et al. (2014)- The IRHUM (Isotopic Reconstruction of Human Migration) database - bioavailable strontium isotope ratios for geochemical fingerprinting in France. Earth Syst Sci Data, 6.",NA,NA,0.713335,NA,"unknown","unknown","https://doi.org/10.5194/essd-6-117-2014","DOI","LIT","F12-098","ARDUOUS-25901","F12-098","leaf","plant",NA,"France",4.12,45.58
"612","F12-098","","SRM987",0.71023,"TIMS","bulk solid","bulk solid",4e-05,"organism : plant : plant tissue : leaf","","","","","other","","","field","M. Willmes","malte.willmes@gmail.com","","","","","","","Willmes et al. (2014)- The IRHUM (Isotopic Reconstruction of Human Migration) database - bioavailable strontium isotope ratios for geochemical fingerprinting in France. Earth Syst Sci Data, 6.",NA,NA,0.714639,NA,"unknown","unknown","https://doi.org/10.5194/essd-6-117-2014","DOI","LIT","F12-098","ARDUOUS-25902","F12-098","leaf","plant",NA,"France",4.12,45.58
"613","F12-099","","SRM987",0.71023,"TIMS","bulk solid","bulk solid",4e-05,"organism : plant : plant tissue : leaf","","","","","other","","","field","M. Willmes","malte.willmes@gmail.com","","","","","","","Willmes et al. (2014)- The IRHUM (Isotopic Reconstruction of Human Migration) database - bioavailable strontium isotope ratios for geochemical fingerprinting in France. Earth Syst Sci Data, 6.",NA,NA,0.718977,NA,"unknown","unknown","https://doi.org/10.5194/essd-6-117-2014","DOI","LIT","F12-099","ARDUOUS-25903","F12-099","leaf","plant",NA,"France",4.18,45.54
"614","F12-100","","SRM987",0.71023,"TIMS","bulk solid","bulk solid",4e-05,"organism : plant : plant tissue : leaf","","","","","other","","","field","M. Willmes","malte.willmes@gmail.com","","","","","","","Willmes et al. (2014)- The IRHUM (Isotopic Reconstruction of Human Migration) database - bioavailable strontium isotope ratios for geochemical fingerprinting in France. Earth Syst Sci Data, 6.",NA,NA,0.723931,NA,"unknown","unknown","https://doi.org/10.5194/essd-6-117-2014","DOI","LIT","F12-100","ARDUOUS-25904","F12-100","leaf","plant",NA,"France",4.31,45.48
"615","F12-101","","SRM987",0.71023,"TIMS","bulk solid","bulk solid",4e-05,"organism : plant : plant tissue : leaf","","","","","other","","","field","M. Willmes","malte.willmes@gmail.com","","","","","","","Willmes et al. (2014)- The IRHUM (Isotopic Reconstruction of Human Migration) database - bioavailable strontium isotope ratios for geochemical fingerprinting in France. Earth Syst Sci Data, 6.",NA,NA,0.720978,NA,"unknown","unknown","https://doi.org/10.5194/essd-6-117-2014","DOI","LIT","F12-101","ARDUOUS-25905","F12-101","leaf","plant",NA,"France",4.43,45.51
"616","F12-102","","SRM987",0.71023,"TIMS","bulk solid","bulk solid",4e-05,"organism : plant : plant tissue : leaf","","","","","other","","","field","M. Willmes","malte.willmes@gmail.com","","","","","","","Willmes et al. (2014)- The IRHUM (Isotopic Reconstruction of Human Migration) database - bioavailable strontium isotope ratios for geochemical fingerprinting in France. Earth Syst Sci Data, 6.",NA,NA,0.719193,NA,"unknown","unknown","https://doi.org/10.5194/essd-6-117-2014","DOI","LIT","F12-102","ARDUOUS-25906","F12-102","leaf","plant",NA,"France",4.43,45.53
"617","F12-103","","SRM987",0.71023,"TIMS","bulk solid","bulk solid",4e-05,"organism : plant : plant tissue : leaf","","","","","other","","","field","M. Willmes","malte.willmes@gmail.com","","","","","","","Willmes et al. (2014)- The IRHUM (Isotopic Reconstruction of Human Migration) database - bioavailable strontium isotope ratios for geochemical fingerprinting in France. Earth Syst Sci Data, 6.",NA,NA,0.719511,NA,"unknown","unknown","https://doi.org/10.5194/essd-6-117-2014","DOI","LIT","F12-103","ARDUOUS-25907","F12-103","leaf","plant",NA,"France",4.54,45.68
"618","F12-104","","SRM987",0.71023,"TIMS","bulk solid","bulk solid",4e-05,"organism : plant : plant tissue : leaf","","","","","other","","","field","M. Willmes","malte.willmes@gmail.com","","","","","","","Willmes et al. (2014)- The IRHUM (Isotopic Reconstruction of Human Migration) database - bioavailable strontium isotope ratios for geochemical fingerprinting in France. Earth Syst Sci Data, 6.",NA,NA,0.715654,NA,"unknown","unknown","https://doi.org/10.5194/essd-6-117-2014","DOI","LIT","F12-104","ARDUOUS-25908","F12-104","leaf","plant",NA,"France",4.48,45.7
"619","F12-105","","SRM987",0.71023,"TIMS","bulk solid","bulk solid",4e-05,"organism : plant : plant tissue : leaf","","","","","other","","","field","M. Willmes","malte.willmes@gmail.com","","","","","","","Willmes et al. (2014)- The IRHUM (Isotopic Reconstruction of Human Migration) database - bioavailable strontium isotope ratios for geochemical fingerprinting in France. Earth Syst Sci Data, 6.",NA,NA,0.71046,NA,"unknown","unknown","https://doi.org/10.5194/essd-6-117-2014","DOI","LIT","F12-105","ARDUOUS-25909","F12-105","leaf","plant",NA,"France",4.56,45.76
"620","F12-106","","SRM987",0.71023,"TIMS","bulk solid","bulk solid",4e-05,"organism : plant : plant tissue : leaf","","","","","other","","","field","M. Willmes","malte.willmes@gmail.com","","","","","","","Willmes et al. (2014)- The IRHUM (Isotopic Reconstruction of Human Migration) database - bioavailable strontium isotope ratios for geochemical fingerprinting in France. Earth Syst Sci Data, 6.",NA,NA,0.710753,NA,"unknown","unknown","https://doi.org/10.5194/essd-6-117-2014","DOI","LIT","F12-106","ARDUOUS-25910","F12-106","leaf","plant",NA,"France",4.57,45.9
"621","F12-107","","SRM987",0.71023,"TIMS","bulk solid","bulk solid",4e-05,"organism : plant : plant tissue : leaf","","","","","other","","","field","M. Willmes","malte.willmes@gmail.com","","","","","","","Willmes et al. (2014)- The IRHUM (Isotopic Reconstruction of Human Migration) database - bioavailable strontium isotope ratios for geochemical fingerprinting in France. Earth Syst Sci Data, 6.",NA,NA,0.710868,NA,"unknown","unknown","https://doi.org/10.5194/essd-6-117-2014","DOI","LIT","F12-107","ARDUOUS-25911","F12-107","leaf","plant",NA,"France",4.55,45.93
"622","F12-108","","SRM987",0.71023,"TIMS","bulk solid","bulk solid",4e-05,"organism : plant : plant tissue : leaf","","","","","other","","","field","M. Willmes","malte.willmes@gmail.com","","","","","","","Willmes et al. (2014)- The IRHUM (Isotopic Reconstruction of Human Migration) database - bioavailable strontium isotope ratios for geochemical fingerprinting in France. Earth Syst Sci Data, 6.",NA,NA,0.713825,NA,"unknown","unknown","https://doi.org/10.5194/essd-6-117-2014","DOI","LIT","F12-108","ARDUOUS-25912","F12-108","leaf","plant",NA,"France",4.5,46.01
"623","F12-109","","SRM987",0.71023,"TIMS","bulk solid","bulk solid",4e-05,"organism : plant : plant tissue : leaf","","","","","other","","","field","M. Willmes","malte.willmes@gmail.com","","","","","","","Willmes et al. (2014)- The IRHUM (Isotopic Reconstruction of Human Migration) database - bioavailable strontium isotope ratios for geochemical fingerprinting in France. Earth Syst Sci Data, 6.",NA,NA,0.712904,NA,"unknown","unknown","https://doi.org/10.5194/essd-6-117-2014","DOI","LIT","F12-109","ARDUOUS-25913","F12-109","leaf","plant",NA,"France",4.49,46.07
"624","F12-110","","SRM987",0.71023,"TIMS","bulk solid","bulk solid",4e-05,"organism : plant : plant tissue : leaf","","","","","other","","","field","M. Willmes","malte.willmes@gmail.com","","","","","","","Willmes et al. (2014)- The IRHUM (Isotopic Reconstruction of Human Migration) database - bioavailable strontium isotope ratios for geochemical fingerprinting in France. Earth Syst Sci Data, 6.",NA,NA,0.713584,NA,"unknown","unknown","https://doi.org/10.5194/essd-6-117-2014","DOI","LIT","F12-110","ARDUOUS-25914","F12-110","leaf","plant",NA,"France",4.36,46.19
"625","F12-112","","SRM987",0.71023,"TIMS","bulk solid","bulk solid",4e-05,"organism : plant : plant tissue : leaf","","","","","other","","","field","M. Willmes","malte.willmes@gmail.com","","","","","","","Willmes et al. (2014)- The IRHUM (Isotopic Reconstruction of Human Migration) database - bioavailable strontium isotope ratios for geochemical fingerprinting in France. Earth Syst Sci Data, 6.",NA,NA,0.716731,NA,"unknown","unknown","https://doi.org/10.5194/essd-6-117-2014","DOI","LIT","F12-112","ARDUOUS-25915","F12-112","leaf","plant",NA,"France",4.15,46.15
"626","F12-113","","SRM987",0.71023,"TIMS","bulk solid","bulk solid",4e-05,"organism : plant : plant tissue : leaf","","","","","other","","","field","M. Willmes","malte.willmes@gmail.com","","","","","","","Willmes et al. (2014)- The IRHUM (Isotopic Reconstruction of Human Migration) database - bioavailable strontium isotope ratios for geochemical fingerprinting in France. Earth Syst Sci Data, 6.",NA,NA,0.713769,NA,"unknown","unknown","https://doi.org/10.5194/essd-6-117-2014","DOI","LIT","F12-113","ARDUOUS-25916","F12-113","leaf","plant",NA,"France",4.05,45.58
"627","F12-114","","SRM987",0.71023,"TIMS","bulk solid","bulk solid",4e-05,"organism : plant : plant tissue : leaf","","","","","other","","","field","M. Willmes","malte.willmes@gmail.com","","","","","","","Willmes et al. (2014)- The IRHUM (Isotopic Reconstruction of Human Migration) database - bioavailable strontium isotope ratios for geochemical fingerprinting in France. Earth Syst Sci Data, 6.",NA,NA,0.715342,NA,"unknown","unknown","https://doi.org/10.5194/essd-6-117-2014","DOI","LIT","F12-114","ARDUOUS-25917","F12-114","leaf","plant",NA,"France",3.98,45.57
"628","F12-115","","SRM987",0.71023,"TIMS","bulk solid","bulk solid",4e-05,"organism : plant : plant tissue : leaf","","","","","other","","","field","M. Willmes","malte.willmes@gmail.com","","","","","","","Willmes et al. (2014)- The IRHUM (Isotopic Reconstruction of Human Migration) database - bioavailable strontium isotope ratios for geochemical fingerprinting in France. Earth Syst Sci Data, 6.",NA,NA,0.717791,NA,"unknown","unknown","https://doi.org/10.5194/essd-6-117-2014","DOI","LIT","F12-115","ARDUOUS-25918","F12-115","leaf","plant",NA,"France",3.67,45.74
"629","F12-117","","SRM987",0.71023,"TIMS","bulk solid","bulk solid",4e-05,"organism : plant : plant tissue : leaf","","","","","other","","","field","M. Willmes","malte.willmes@gmail.com","","","Hedera","genus","","","Willmes et al. (2014)- The IRHUM (Isotopic Reconstruction of Human Migration) database - bioavailable strontium isotope ratios for geochemical fingerprinting in France. Earth Syst Sci Data, 6.",NA,NA,0.71281,NA,"unknown","unknown","https://doi.org/10.5194/essd-6-117-2014","DOI","LIT","F12-117","ARDUOUS-25919","F12-117","leaf","plant",NA,"France",3.45,46.19
"630","F12-118","","SRM987",0.71023,"TIMS","bulk solid","bulk solid",4e-05,"organism : plant : plant tissue : leaf","","","","","other","","","field","M. Willmes","malte.willmes@gmail.com","","","","","","","Willmes et al. (2014)- The IRHUM (Isotopic Reconstruction of Human Migration) database - bioavailable strontium isotope ratios for geochemical fingerprinting in France. Earth Syst Sci Data, 6.",NA,NA,0.712751,NA,"unknown","unknown","https://doi.org/10.5194/essd-6-117-2014","DOI","LIT","F12-118","ARDUOUS-25920","F12-118","leaf","plant",NA,"France",3.38,46.5
"631","F12-119","","SRM987",0.71023,"TIMS","bulk solid","bulk solid",4e-05,"organism : plant : plant tissue : leaf","","","","","other","","","field","M. Willmes","malte.willmes@gmail.com","","","","","","","Willmes et al. (2014)- The IRHUM (Isotopic Reconstruction of Human Migration) database - bioavailable strontium isotope ratios for geochemical fingerprinting in France. Earth Syst Sci Data, 6.",NA,NA,0.714619,NA,"unknown","unknown","https://doi.org/10.5194/essd-6-117-2014","DOI","LIT","F12-119","ARDUOUS-25921","F12-119","leaf","plant",NA,"France",3.72,46.63
"632","F12-120","","SRM987",0.71023,"TIMS","bulk solid","bulk solid",4e-05,"organism : plant : plant tissue : leaf","","","","","other","","","field","M. Willmes","malte.willmes@gmail.com","","","","","","","Willmes et al. (2014)- The IRHUM (Isotopic Reconstruction of Human Migration) database - bioavailable strontium isotope ratios for geochemical fingerprinting in France. Earth Syst Sci Data, 6.",NA,NA,0.710833,NA,"unknown","unknown","https://doi.org/10.5194/essd-6-117-2014","DOI","LIT","F12-120","ARDUOUS-25922","F12-120","leaf","plant",NA,"France",3.81,46.61
"633","F12-121","","SRM987",0.71023,"TIMS","bulk solid","bulk solid",4e-05,"organism : plant : plant tissue : leaf","","","","","other","","","field","M. Willmes","malte.willmes@gmail.com","","","","","","","Willmes et al. (2014)- The IRHUM (Isotopic Reconstruction of Human Migration) database - bioavailable strontium isotope ratios for geochemical fingerprinting in France. Earth Syst Sci Data, 6.",NA,NA,0.712904,NA,"unknown","unknown","https://doi.org/10.5194/essd-6-117-2014","DOI","LIT","F12-121","ARDUOUS-25923","F12-121","leaf","plant",NA,"France",3.9,46.6
"634","F12-122","","SRM987",0.71023,"TIMS","bulk solid","bulk solid",4e-05,"organism : plant : plant tissue : leaf","","","","","other","","","field","M. Willmes","malte.willmes@gmail.com","","","","","","","Willmes et al. (2014)- The IRHUM (Isotopic Reconstruction of Human Migration) database - bioavailable strontium isotope ratios for geochemical fingerprinting in France. Earth Syst Sci Data, 6.",NA,NA,0.716141,NA,"unknown","unknown","https://doi.org/10.5194/essd-6-117-2014","DOI","LIT","F12-122","ARDUOUS-25924","F12-122","leaf","plant",NA,"France",4.04,46.63
"635","F12-124","","SRM987",0.71023,"TIMS","bulk solid","bulk solid",4e-05,"organism : plant : plant tissue : leaf","","","","","other","","","field","M. Willmes","malte.willmes@gmail.com","","","","","","","Willmes et al. (2014)- The IRHUM (Isotopic Reconstruction of Human Migration) database - bioavailable strontium isotope ratios for geochemical fingerprinting in France. Earth Syst Sci Data, 6.",NA,NA,0.71722,NA,"unknown","unknown","https://doi.org/10.5194/essd-6-117-2014","DOI","LIT","F12-124","ARDUOUS-25925","F12-124","leaf","plant",NA,"France",4.43,46.77
"636","F12-130","","SRM987",0.71023,"TIMS","bulk solid","bulk solid",4e-05,"organism : plant : plant tissue : leaf","","","","","other","","","field","M. Willmes","malte.willmes@gmail.com","","","","","","","Willmes et al. (2014)- The IRHUM (Isotopic Reconstruction of Human Migration) database - bioavailable strontium isotope ratios for geochemical fingerprinting in France. Earth Syst Sci Data, 6.",NA,NA,0.713549,NA,"unknown","unknown","https://doi.org/10.5194/essd-6-117-2014","DOI","LIT","F12-130","ARDUOUS-25926","F12-130","leaf","plant",NA,"France",3.91,47.22
"637","F12-131","","SRM987",0.71023,"TIMS","bulk solid","bulk solid",4e-05,"organism : plant : plant tissue : leaf","","","","","other","","","field","M. Willmes","malte.willmes@gmail.com","","","","","","","Willmes et al. (2014)- The IRHUM (Isotopic Reconstruction of Human Migration) database - bioavailable strontium isotope ratios for geochemical fingerprinting in France. Earth Syst Sci Data, 6.",NA,NA,0.714712,NA,"unknown","unknown","https://doi.org/10.5194/essd-6-117-2014","DOI","LIT","F12-131","ARDUOUS-25927","F12-131","leaf","plant",NA,"France",3.97,47.44
"638","F12-132","","SRM987",0.71023,"TIMS","bulk solid","bulk solid",4e-05,"organism : plant : plant tissue : leaf","","","","","other","","","field","M. Willmes","malte.willmes@gmail.com","","","","","","","Willmes et al. (2014)- The IRHUM (Isotopic Reconstruction of Human Migration) database - bioavailable strontium isotope ratios for geochemical fingerprinting in France. Earth Syst Sci Data, 6.",NA,NA,0.716501,NA,"unknown","unknown","https://doi.org/10.5194/essd-6-117-2014","DOI","LIT","F12-132","ARDUOUS-25928","F12-132","leaf","plant",NA,"France",3.99,47.42
"639","F12-133","","SRM987",0.71023,"TIMS","bulk solid","bulk solid",4e-05,"organism : plant : plant tissue : leaf","","","","","other","","","field","M. Willmes","malte.willmes@gmail.com","","","","","","","Willmes et al. (2014)- The IRHUM (Isotopic Reconstruction of Human Migration) database - bioavailable strontium isotope ratios for geochemical fingerprinting in France. Earth Syst Sci Data, 6.",NA,NA,0.718927,NA,"unknown","unknown","https://doi.org/10.5194/essd-6-117-2014","DOI","LIT","F12-133","ARDUOUS-25929","F12-133","leaf","plant",NA,"France",4.08,47.44
"640","F12-134","","SRM987",0.71023,"TIMS","bulk solid","bulk solid",4e-05,"organism : plant : plant tissue : leaf","","","","","other","","","field","M. Willmes","malte.willmes@gmail.com","","","","","","","Willmes et al. (2014)- The IRHUM (Isotopic Reconstruction of Human Migration) database - bioavailable strontium isotope ratios for geochemical fingerprinting in France. Earth Syst Sci Data, 6.",NA,NA,0.719973,NA,"unknown","unknown","https://doi.org/10.5194/essd-6-117-2014","DOI","LIT","F12-134","ARDUOUS-25930","F12-134","leaf","plant",NA,"France",4.43,47.11
"641","F12-136","","SRM987",0.71023,"TIMS","bulk solid","bulk solid",4e-05,"organism : plant : plant tissue : leaf","","","","","other","","","field","M. Willmes","malte.willmes@gmail.com","","","Hedera","genus","","","Willmes et al. (2014)- The IRHUM (Isotopic Reconstruction of Human Migration) database - bioavailable strontium isotope ratios for geochemical fingerprinting in France. Earth Syst Sci Data, 6.",NA,NA,0.708,NA,"unknown","unknown","https://doi.org/10.5194/essd-6-117-2014","DOI","LIT","F12-136","ARDUOUS-25931","F12-136","leaf","plant",NA,"France",2.29,49.5
"642","F12-137","","SRM987",0.71023,"TIMS","bulk solid","bulk solid",4e-05,"organism : plant : plant tissue : leaf","","","","","other","","","field","M. Willmes","malte.willmes@gmail.com","","","","","","","Willmes et al. (2014)- The IRHUM (Isotopic Reconstruction of Human Migration) database - bioavailable strontium isotope ratios for geochemical fingerprinting in France. Earth Syst Sci Data, 6.",NA,NA,0.708,NA,"unknown","unknown","https://doi.org/10.5194/essd-6-117-2014","DOI","LIT","F12-137","ARDUOUS-25932","F12-137","leaf","plant",NA,"France",2.95,49.58
"643","F12-138","","SRM987",0.71023,"TIMS","bulk solid","bulk solid",4e-05,"organism : plant : plant tissue : leaf","","","","","other","","","field","M. Willmes","malte.willmes@gmail.com","","","Phragmites","genus","","","Willmes et al. (2014)- The IRHUM (Isotopic Reconstruction of Human Migration) database - bioavailable strontium isotope ratios for geochemical fingerprinting in France. Earth Syst Sci Data, 6.",NA,NA,0.711,NA,"unknown","unknown","https://doi.org/10.5194/essd-6-117-2014","DOI","LIT","F12-138","ARDUOUS-25933","F12-138","leaf","plant",NA,"France",3.04,49.56
"644","F12-139","","SRM987",0.71023,"TIMS","bulk solid","bulk solid",4e-05,"organism : plant : plant tissue : leaf","","","","","other","","","field","M. Willmes","malte.willmes@gmail.com","","","","","","","Willmes et al. (2014)- The IRHUM (Isotopic Reconstruction of Human Migration) database - bioavailable strontium isotope ratios for geochemical fingerprinting in France. Earth Syst Sci Data, 6.",NA,NA,0.707421,NA,"unknown","unknown","https://doi.org/10.5194/essd-6-117-2014","DOI","LIT","F12-139","ARDUOUS-25934","F12-139","leaf","plant",NA,"France",4.57,49.01
"645","F12-139","","SRM987",0.71023,"TIMS","bulk solid","bulk solid",4e-05,"organism : plant : plant tissue : leaf","","","","","other","","","field","M. Willmes","malte.willmes@gmail.com","","","Trifolieae","tribe","","","Willmes et al. (2014)- The IRHUM (Isotopic Reconstruction of Human Migration) database - bioavailable strontium isotope ratios for geochemical fingerprinting in France. Earth Syst Sci Data, 6.",NA,NA,0.711,NA,"unknown","unknown","https://doi.org/10.5194/essd-6-117-2014","DOI","LIT","F12-139","ARDUOUS-25935","F12-139","leaf","plant",NA,"France",4.57,49.01
"646","F12-140","","SRM987",0.71023,"TIMS","bulk solid","bulk solid",4e-05,"organism : plant : plant tissue : leaf","","","","","other","","","field","M. Willmes","malte.willmes@gmail.com","","","","","","","Willmes et al. (2014)- The IRHUM (Isotopic Reconstruction of Human Migration) database - bioavailable strontium isotope ratios for geochemical fingerprinting in France. Earth Syst Sci Data, 6.",NA,NA,0.708402,NA,"unknown","unknown","https://doi.org/10.5194/essd-6-117-2014","DOI","LIT","F12-140","ARDUOUS-25936","F12-140","leaf","plant",NA,"France",5.03,49.03
"647","F12-141","","SRM987",0.71023,"TIMS","bulk solid","bulk solid",4e-05,"organism : plant : plant tissue : leaf","","","","","other","","","field","M. Willmes","malte.willmes@gmail.com","","","","","","","Willmes et al. (2014)- The IRHUM (Isotopic Reconstruction of Human Migration) database - bioavailable strontium isotope ratios for geochemical fingerprinting in France. Earth Syst Sci Data, 6.",NA,NA,0.710911,NA,"unknown","unknown","https://doi.org/10.5194/essd-6-117-2014","DOI","LIT","F12-141","ARDUOUS-25937","F12-141","leaf","plant",NA,"France",5.38,49.07
"648","F12-142","","SRM987",0.71023,"TIMS","bulk solid","bulk solid",4e-05,"organism : plant : plant tissue : leaf","","","","","other","","","field","M. Willmes","malte.willmes@gmail.com","","","","","","","Willmes et al. (2014)- The IRHUM (Isotopic Reconstruction of Human Migration) database - bioavailable strontium isotope ratios for geochemical fingerprinting in France. Earth Syst Sci Data, 6.",NA,NA,0.708,NA,"unknown","unknown","https://doi.org/10.5194/essd-6-117-2014","DOI","LIT","F12-142","ARDUOUS-25938","F12-142","leaf","plant",NA,"France",5.9,49.03
"649","F12-143","","SRM987",0.71023,"TIMS","bulk solid","bulk solid",4e-05,"organism : plant : plant tissue : leaf","","","","","other","","","field","M. Willmes","malte.willmes@gmail.com","","","","","","","Willmes et al. (2014)- The IRHUM (Isotopic Reconstruction of Human Migration) database - bioavailable strontium isotope ratios for geochemical fingerprinting in France. Earth Syst Sci Data, 6.",NA,NA,0.709099,NA,"unknown","unknown","https://doi.org/10.5194/essd-6-117-2014","DOI","LIT","F12-143","ARDUOUS-25939","F12-143","leaf","plant",NA,"France",6.43,48.73
"650","F12-144","","SRM987",0.71023,"TIMS","bulk solid","bulk solid",4e-05,"organism : plant : plant tissue : leaf","","","","","other","","","field","M. Willmes","malte.willmes@gmail.com","","","","","","","Willmes et al. (2014)- The IRHUM (Isotopic Reconstruction of Human Migration) database - bioavailable strontium isotope ratios for geochemical fingerprinting in France. Earth Syst Sci Data, 6.",NA,NA,0.714,NA,"unknown","unknown","https://doi.org/10.5194/essd-6-117-2014","DOI","LIT","F12-144","ARDUOUS-25940","F12-144","leaf","plant",NA,"France",5.69,48.36
"651","F12-145","","SRM987",0.71023,"TIMS","bulk solid","bulk solid",4e-05,"organism : plant : plant tissue : leaf","","","","","other","","","field","M. Willmes","malte.willmes@gmail.com","","","","","","","Willmes et al. (2014)- The IRHUM (Isotopic Reconstruction of Human Migration) database - bioavailable strontium isotope ratios for geochemical fingerprinting in France. Earth Syst Sci Data, 6.",NA,NA,0.707482,NA,"unknown","unknown","https://doi.org/10.5194/essd-6-117-2014","DOI","LIT","F12-145","ARDUOUS-25941","F12-145","leaf","plant",NA,"France",5.26,48.3
"652","F12-146","","SRM987",0.71023,"TIMS","bulk solid","bulk solid",4e-05,"organism : plant : plant tissue : leaf","","","","","other","","","field","M. Willmes","malte.willmes@gmail.com","","","","","","","Willmes et al. (2014)- The IRHUM (Isotopic Reconstruction of Human Migration) database - bioavailable strontium isotope ratios for geochemical fingerprinting in France. Earth Syst Sci Data, 6.",NA,NA,0.707694,NA,"unknown","unknown","https://doi.org/10.5194/essd-6-117-2014","DOI","LIT","F12-146","ARDUOUS-25942","F12-146","leaf","plant",NA,"France",4.56,48.51
"653","F12-146","","SRM987",0.71023,"TIMS","bulk solid","bulk solid",4e-05,"organism : plant : plant tissue : leaf","","","","","other","","","field","M. Willmes","malte.willmes@gmail.com","","","","","","","Willmes et al. (2014)- The IRHUM (Isotopic Reconstruction of Human Migration) database - bioavailable strontium isotope ratios for geochemical fingerprinting in France. Earth Syst Sci Data, 6.",NA,NA,0.708128,NA,"unknown","unknown","https://doi.org/10.5194/essd-6-117-2014","DOI","LIT","F12-146","ARDUOUS-25943","F12-146","leaf","plant",NA,"France",4.56,48.51
"654","F12-147","","SRM987",0.71023,"TIMS","bulk solid","bulk solid",4e-05,"organism : plant : plant tissue : leaf","","","","","other","","","field","M. Willmes","malte.willmes@gmail.com","","","","","","","Willmes et al. (2014)- The IRHUM (Isotopic Reconstruction of Human Migration) database - bioavailable strontium isotope ratios for geochemical fingerprinting in France. Earth Syst Sci Data, 6.",NA,NA,0.710158,NA,"unknown","unknown","https://doi.org/10.5194/essd-6-117-2014","DOI","LIT","F12-147","ARDUOUS-25944","F12-147","leaf","plant",NA,"France",4.74,48.31
"655","F12-148","","SRM987",0.71023,"TIMS","bulk solid","bulk solid",4e-05,"organism : plant : plant tissue : leaf","","","","","other","","","field","M. Willmes","malte.willmes@gmail.com","","","","","","","Willmes et al. (2014)- The IRHUM (Isotopic Reconstruction of Human Migration) database - bioavailable strontium isotope ratios for geochemical fingerprinting in France. Earth Syst Sci Data, 6.",NA,NA,0.708325,NA,"unknown","unknown","https://doi.org/10.5194/essd-6-117-2014","DOI","LIT","F12-148","ARDUOUS-25945","F12-148","leaf","plant",NA,"France",4.72,48.26
"656","F12-149","","SRM987",0.71023,"TIMS","bulk solid","bulk solid",4e-05,"organism : plant : plant tissue : leaf","","","","","other","","","field","M. Willmes","malte.willmes@gmail.com","","","","","","","Willmes et al. (2014)- The IRHUM (Isotopic Reconstruction of Human Migration) database - bioavailable strontium isotope ratios for geochemical fingerprinting in France. Earth Syst Sci Data, 6.",NA,NA,0.708083,NA,"unknown","unknown","https://doi.org/10.5194/essd-6-117-2014","DOI","LIT","F12-149","ARDUOUS-25946","F12-149","leaf","plant",NA,"France",4.58,48.69
"657","F12-150","","SRM987",0.71023,"TIMS","bulk solid","bulk solid",4e-05,"organism : plant : plant tissue : leaf","","","","","other","","","field","M. Willmes","malte.willmes@gmail.com","","","","","","","Willmes et al. (2014)- The IRHUM (Isotopic Reconstruction of Human Migration) database - bioavailable strontium isotope ratios for geochemical fingerprinting in France. Earth Syst Sci Data, 6.",NA,NA,0.710889,NA,"unknown","unknown","https://doi.org/10.5194/essd-6-117-2014","DOI","LIT","F12-150","ARDUOUS-25947","F12-150","leaf","plant",NA,"France",4.76,48.67
"658","F12-151","","SRM987",0.71023,"TIMS","bulk solid","bulk solid",4e-05,"organism : plant : plant tissue : leaf","","","","","other","","","field","M. Willmes","malte.willmes@gmail.com","","","","","","","Willmes et al. (2014)- The IRHUM (Isotopic Reconstruction of Human Migration) database - bioavailable strontium isotope ratios for geochemical fingerprinting in France. Earth Syst Sci Data, 6.",NA,NA,0.708406,NA,"unknown","unknown","https://doi.org/10.5194/essd-6-117-2014","DOI","LIT","F12-151","ARDUOUS-25948","F12-151","leaf","plant",NA,"France",5.04,48.52
"659","F12-151","","SRM987",0.71023,"TIMS","bulk solid","bulk solid",4e-05,"organism : plant : plant tissue : leaf","","","","","other","","","field","M. Willmes","malte.willmes@gmail.com","","","","","","","Willmes et al. (2014)- The IRHUM (Isotopic Reconstruction of Human Migration) database - bioavailable strontium isotope ratios for geochemical fingerprinting in France. Earth Syst Sci Data, 6.",NA,NA,0.708679,NA,"unknown","unknown","https://doi.org/10.5194/essd-6-117-2014","DOI","LIT","F12-151","ARDUOUS-25949","F12-151","leaf","plant",NA,"France",5.04,48.52
"660","F12-153","","SRM987",0.71023,"TIMS","bulk solid","bulk solid",4e-05,"organism : plant : plant tissue : leaf","","","","","other","","","field","M. Willmes","malte.willmes@gmail.com","","","","","","","Willmes et al. (2014)- The IRHUM (Isotopic Reconstruction of Human Migration) database - bioavailable strontium isotope ratios for geochemical fingerprinting in France. Earth Syst Sci Data, 6.",NA,NA,0.708382,NA,"unknown","unknown","https://doi.org/10.5194/essd-6-117-2014","DOI","LIT","F12-153","ARDUOUS-25950","F12-153","leaf","plant",NA,"France",4.82,47.52
"661","F12-155","","SRM987",0.71023,"TIMS","bulk solid","bulk solid",4e-05,"organism : plant : plant tissue : leaf","","","","","other","","","field","M. Willmes","malte.willmes@gmail.com","","","","","","","Willmes et al. (2014)- The IRHUM (Isotopic Reconstruction of Human Migration) database - bioavailable strontium isotope ratios for geochemical fingerprinting in France. Earth Syst Sci Data, 6.",NA,NA,0.718395,NA,"unknown","unknown","https://doi.org/10.5194/essd-6-117-2014","DOI","LIT","F12-155","ARDUOUS-25951","F12-155","leaf","plant",NA,"France",3.99,47.42
"662","F12-156","","SRM987",0.71023,"TIMS","bulk solid","bulk solid",4e-05,"organism : plant : plant tissue : leaf","","","","","other","","","field","M. Willmes","malte.willmes@gmail.com","","","","","","","Willmes et al. (2014)- The IRHUM (Isotopic Reconstruction of Human Migration) database - bioavailable strontium isotope ratios for geochemical fingerprinting in France. Earth Syst Sci Data, 6.",NA,NA,0.71411,NA,"unknown","unknown","https://doi.org/10.5194/essd-6-117-2014","DOI","LIT","F12-156","ARDUOUS-25952","F12-156","leaf","plant",NA,"France",4.11,47.02
"663","F12-158","","SRM987",0.71023,"TIMS","bulk solid","bulk solid",4e-05,"organism : plant : plant tissue : leaf","","","","","other","","","field","M. Willmes","malte.willmes@gmail.com","","","","","","","Willmes et al. (2014)- The IRHUM (Isotopic Reconstruction of Human Migration) database - bioavailable strontium isotope ratios for geochemical fingerprinting in France. Earth Syst Sci Data, 6.",NA,NA,0.714639,NA,"unknown","unknown","https://doi.org/10.5194/essd-6-117-2014","DOI","LIT","F12-158","ARDUOUS-25953","F12-158","leaf","plant",NA,"France",3.69,47.06
"664","F12-159","","SRM987",0.71023,"TIMS","bulk solid","bulk solid",4e-05,"organism : plant : plant tissue : leaf","","","","","other","","","field","M. Willmes","malte.willmes@gmail.com","","","","","","","Willmes et al. (2014)- The IRHUM (Isotopic Reconstruction of Human Migration) database - bioavailable strontium isotope ratios for geochemical fingerprinting in France. Earth Syst Sci Data, 6.",NA,NA,0.714594,NA,"unknown","unknown","https://doi.org/10.5194/essd-6-117-2014","DOI","LIT","F12-159","ARDUOUS-25954","F12-159","leaf","plant",NA,"France",3.27,46.99
"665","F12-160","","SRM987",0.71023,"TIMS","bulk solid","bulk solid",4e-05,"organism : plant : plant tissue : leaf","","","","","other","","","field","M. Willmes","malte.willmes@gmail.com","","","","","","","Willmes et al. (2014)- The IRHUM (Isotopic Reconstruction of Human Migration) database - bioavailable strontium isotope ratios for geochemical fingerprinting in France. Earth Syst Sci Data, 6.",NA,NA,0.721156,NA,"unknown","unknown","https://doi.org/10.5194/essd-6-117-2014","DOI","LIT","F12-160","ARDUOUS-25955","F12-160","leaf","plant",NA,"France",3.24,45.59
"666","F12-161","","SRM987",0.71023,"TIMS","bulk solid","bulk solid",4e-05,"organism : plant : plant tissue : leaf","","","","","other","","","field","M. Willmes","malte.willmes@gmail.com","","","","","","","Willmes et al. (2014)- The IRHUM (Isotopic Reconstruction of Human Migration) database - bioavailable strontium isotope ratios for geochemical fingerprinting in France. Earth Syst Sci Data, 6.",NA,NA,0.709797,NA,"unknown","unknown","https://doi.org/10.5194/essd-6-117-2014","DOI","LIT","F12-161","ARDUOUS-25956","F12-161","leaf","plant",NA,"France",4.04,45.07
"667","F12-162","","SRM987",0.71023,"TIMS","bulk solid","bulk solid",4e-05,"organism : plant : plant tissue : leaf","","","","","other","","","field","M. Willmes","malte.willmes@gmail.com","","","","","","","Willmes et al. (2014)- The IRHUM (Isotopic Reconstruction of Human Migration) database - bioavailable strontium isotope ratios for geochemical fingerprinting in France. Earth Syst Sci Data, 6.",NA,NA,0.703665,NA,"unknown","unknown","https://doi.org/10.5194/essd-6-117-2014","DOI","LIT","F12-162","ARDUOUS-25957","F12-162","leaf","plant",NA,"France",4.05,45.09
"668","F12-163","","SRM987",0.71023,"TIMS","bulk solid","bulk solid",4e-05,"organism : plant : plant tissue : leaf","","","","","other","","","field","M. Willmes","malte.willmes@gmail.com","","","","","","","Willmes et al. (2014)- The IRHUM (Isotopic Reconstruction of Human Migration) database - bioavailable strontium isotope ratios for geochemical fingerprinting in France. Earth Syst Sci Data, 6.",NA,NA,0.718126,NA,"unknown","unknown","https://doi.org/10.5194/essd-6-117-2014","DOI","LIT","F12-163","ARDUOUS-25958","F12-163","leaf","plant",NA,"France",4.18,45.17
"669","F12-164","","SRM987",0.71023,"TIMS","bulk solid","bulk solid",4e-05,"organism : plant : plant tissue : leaf","","","","","other","","","field","M. Willmes","malte.willmes@gmail.com","","","","","","","Willmes et al. (2014)- The IRHUM (Isotopic Reconstruction of Human Migration) database - bioavailable strontium isotope ratios for geochemical fingerprinting in France. Earth Syst Sci Data, 6.",NA,NA,0.71338,NA,"unknown","unknown","https://doi.org/10.5194/essd-6-117-2014","DOI","LIT","F12-164","ARDUOUS-25959","F12-164","leaf","plant",NA,"France",4.3,45.11
"670","F12-165","","SRM987",0.71023,"TIMS","bulk solid","bulk solid",4e-05,"organism : plant : plant tissue : leaf","","","","","other","","","field","M. Willmes","malte.willmes@gmail.com","","","","","","","Willmes et al. (2014)- The IRHUM (Isotopic Reconstruction of Human Migration) database - bioavailable strontium isotope ratios for geochemical fingerprinting in France. Earth Syst Sci Data, 6.",NA,NA,0.718637,NA,"unknown","unknown","https://doi.org/10.5194/essd-6-117-2014","DOI","LIT","F12-165","ARDUOUS-25960","F12-165","leaf","plant",NA,"France",4.41,45
"671","F12-166","","SRM987",0.71023,"TIMS","bulk solid","bulk solid",4e-05,"organism : plant : plant tissue : leaf","","","","","other","","","field","M. Willmes","malte.willmes@gmail.com","","","","","","","Willmes et al. (2014)- The IRHUM (Isotopic Reconstruction of Human Migration) database - bioavailable strontium isotope ratios for geochemical fingerprinting in France. Earth Syst Sci Data, 6.",NA,NA,0.717656,NA,"unknown","unknown","https://doi.org/10.5194/essd-6-117-2014","DOI","LIT","F12-166","ARDUOUS-25961","F12-166","leaf","plant",NA,"France",4.45,44.99
"672","F12-167","","SRM987",0.71023,"TIMS","bulk solid","bulk solid",4e-05,"organism : plant : plant tissue : leaf","","","","","other","","","field","M. Willmes","malte.willmes@gmail.com","","","","","","","Willmes et al. (2014)- The IRHUM (Isotopic Reconstruction of Human Migration) database - bioavailable strontium isotope ratios for geochemical fingerprinting in France. Earth Syst Sci Data, 6.",NA,NA,0.717242,NA,"unknown","unknown","https://doi.org/10.5194/essd-6-117-2014","DOI","LIT","F12-167","ARDUOUS-25962","F12-167","leaf","plant",NA,"France",4.63,44.96
"673","F12-168","","SRM987",0.71023,"TIMS","bulk solid","bulk solid",4e-05,"organism : plant : plant tissue : leaf","","","","","other","","","field","M. Willmes","malte.willmes@gmail.com","","","","","","","Willmes et al. (2014)- The IRHUM (Isotopic Reconstruction of Human Migration) database - bioavailable strontium isotope ratios for geochemical fingerprinting in France. Earth Syst Sci Data, 6.",NA,NA,0.713785,NA,"unknown","unknown","https://doi.org/10.5194/essd-6-117-2014","DOI","LIT","F12-168","ARDUOUS-25963","F12-168","leaf","plant",NA,"France",4.75,44.94
"674","F12-169","","SRM987",0.71023,"TIMS","bulk solid","bulk solid",4e-05,"organism : plant : plant tissue : leaf","","","","","other","","","field","M. Willmes","malte.willmes@gmail.com","","","","","","","Willmes et al. (2014)- The IRHUM (Isotopic Reconstruction of Human Migration) database - bioavailable strontium isotope ratios for geochemical fingerprinting in France. Earth Syst Sci Data, 6.",NA,NA,0.708362,NA,"unknown","unknown","https://doi.org/10.5194/essd-6-117-2014","DOI","LIT","F12-169","ARDUOUS-25964","F12-169","leaf","plant",NA,"France",4.89,44.85
"675","F12-170","","SRM987",0.71023,"TIMS","bulk solid","bulk solid",4e-05,"organism : plant : plant tissue : leaf","","","","","other","","","field","M. Willmes","malte.willmes@gmail.com","","","","","","","Willmes et al. (2014)- The IRHUM (Isotopic Reconstruction of Human Migration) database - bioavailable strontium isotope ratios for geochemical fingerprinting in France. Earth Syst Sci Data, 6.",NA,NA,0.710353,NA,"unknown","unknown","https://doi.org/10.5194/essd-6-117-2014","DOI","LIT","F12-170","ARDUOUS-25965","F12-170","leaf","plant",NA,"France",4.91,44.83
"676","F12-171","","SRM987",0.71023,"TIMS","bulk solid","bulk solid",4e-05,"organism : plant : plant tissue : leaf","","","","","other","","","field","M. Willmes","malte.willmes@gmail.com","","","","","","","Willmes et al. (2014)- The IRHUM (Isotopic Reconstruction of Human Migration) database - bioavailable strontium isotope ratios for geochemical fingerprinting in France. Earth Syst Sci Data, 6.",NA,NA,0.708115,NA,"unknown","unknown","https://doi.org/10.5194/essd-6-117-2014","DOI","LIT","F12-171","ARDUOUS-25966","F12-171","leaf","plant",NA,"France",4.28,43.85
"677","F12-172","","SRM987",0.71023,"TIMS","bulk solid","bulk solid",4e-05,"organism : plant : plant tissue : leaf","","","","","other","","","field","M. Willmes","malte.willmes@gmail.com","","","","","","","Willmes et al. (2014)- The IRHUM (Isotopic Reconstruction of Human Migration) database - bioavailable strontium isotope ratios for geochemical fingerprinting in France. Earth Syst Sci Data, 6.",NA,NA,0.710434,NA,"unknown","unknown","https://doi.org/10.5194/essd-6-117-2014","DOI","LIT","F12-172","ARDUOUS-25967","F12-172","leaf","plant",NA,"France",4.16,43.86
"678","F12-173","","SRM987",0.71023,"TIMS","bulk solid","bulk solid",4e-05,"organism : plant : plant tissue : leaf","","","","","other","","","field","M. Willmes","malte.willmes@gmail.com","","","","","","","Willmes et al. (2014)- The IRHUM (Isotopic Reconstruction of Human Migration) database - bioavailable strontium isotope ratios for geochemical fingerprinting in France. Earth Syst Sci Data, 6.",NA,NA,0.707799,NA,"unknown","unknown","https://doi.org/10.5194/essd-6-117-2014","DOI","LIT","F12-173","ARDUOUS-25968","F12-173","leaf","plant",NA,"France",4.14,43.86
"679","F12-174","","SRM987",0.71023,"TIMS","bulk solid","bulk solid",4e-05,"organism : plant : plant tissue : leaf","","","","","other","","","field","M. Willmes","malte.willmes@gmail.com","","","","","","","Willmes et al. (2014)- The IRHUM (Isotopic Reconstruction of Human Migration) database - bioavailable strontium isotope ratios for geochemical fingerprinting in France. Earth Syst Sci Data, 6.",NA,NA,0.710114,NA,"unknown","unknown","https://doi.org/10.5194/essd-6-117-2014","DOI","LIT","F12-174","ARDUOUS-25969","F12-174","leaf","plant",NA,"France",4.09,43.87
"680","F12-175","","SRM987",0.71023,"TIMS","bulk solid","bulk solid",4e-05,"organism : plant : plant tissue : leaf","","","","","other","","","field","M. Willmes","malte.willmes@gmail.com","","","","","","","Willmes et al. (2014)- The IRHUM (Isotopic Reconstruction of Human Migration) database - bioavailable strontium isotope ratios for geochemical fingerprinting in France. Earth Syst Sci Data, 6.",NA,NA,0.717366,NA,"unknown","unknown","https://doi.org/10.5194/essd-6-117-2014","DOI","LIT","F12-175","ARDUOUS-25970","F12-175","leaf","plant",NA,"France",3.68,44
"681","F12-177","","SRM987",0.71023,"TIMS","bulk solid","bulk solid",4e-05,"organism : plant : plant tissue : leaf","","","","","other","","","field","M. Willmes","malte.willmes@gmail.com","","","","","","","Willmes et al. (2014)- The IRHUM (Isotopic Reconstruction of Human Migration) database - bioavailable strontium isotope ratios for geochemical fingerprinting in France. Earth Syst Sci Data, 6.",NA,NA,0.714465,NA,"unknown","unknown","https://doi.org/10.5194/essd-6-117-2014","DOI","LIT","F12-177","ARDUOUS-25971","F12-177","leaf","plant",NA,"France",3.68,44.04
"682","F12-180","","SRM987",0.71023,"TIMS","bulk solid","bulk solid",4e-05,"organism : plant : plant tissue : leaf","","","","","other","","","field","M. Willmes","malte.willmes@gmail.com","","","","","","","Willmes et al. (2014)- The IRHUM (Isotopic Reconstruction of Human Migration) database - bioavailable strontium isotope ratios for geochemical fingerprinting in France. Earth Syst Sci Data, 6.",NA,NA,0.710459,NA,"unknown","unknown","https://doi.org/10.5194/essd-6-117-2014","DOI","LIT","F12-180","ARDUOUS-25972","F12-180","leaf","plant",NA,"France",3.49,44.2
"683","F12-181","","SRM987",0.71023,"TIMS","bulk solid","bulk solid",4e-05,"organism : plant : plant tissue : leaf","","","","","other","","","field","M. Willmes","malte.willmes@gmail.com","","","","","","","Willmes et al. (2014)- The IRHUM (Isotopic Reconstruction of Human Migration) database - bioavailable strontium isotope ratios for geochemical fingerprinting in France. Earth Syst Sci Data, 6.",NA,NA,0.708776,NA,"unknown","unknown","https://doi.org/10.5194/essd-6-117-2014","DOI","LIT","F12-181","ARDUOUS-25973","F12-181","leaf","plant",NA,"France",3.39,44.2
"684","F12-182","","SRM987",0.71023,"TIMS","bulk solid","bulk solid",4e-05,"organism : plant : plant tissue : leaf","","","","","other","","","field","M. Willmes","malte.willmes@gmail.com","","","","","","","Willmes et al. (2014)- The IRHUM (Isotopic Reconstruction of Human Migration) database - bioavailable strontium isotope ratios for geochemical fingerprinting in France. Earth Syst Sci Data, 6.",NA,NA,0.708417,NA,"unknown","unknown","https://doi.org/10.5194/essd-6-117-2014","DOI","LIT","F12-182","ARDUOUS-25974","F12-182","leaf","plant",NA,"France",3.14,44.05
"685","F12-183","","SRM987",0.71023,"TIMS","bulk solid","bulk solid",4e-05,"organism : plant : plant tissue : leaf","","","","","other","","","field","M. Willmes","malte.willmes@gmail.com","","","","","","","Willmes et al. (2014)- The IRHUM (Isotopic Reconstruction of Human Migration) database - bioavailable strontium isotope ratios for geochemical fingerprinting in France. Earth Syst Sci Data, 6.",NA,NA,0.709107,NA,"unknown","unknown","https://doi.org/10.5194/essd-6-117-2014","DOI","LIT","F12-183","ARDUOUS-25975","F12-183","leaf","plant",NA,"France",3.36,43.85
"686","F12-184","","SRM987",0.71023,"TIMS","bulk solid","bulk solid",4e-05,"organism : plant : plant tissue : leaf","","","","","other","","","field","M. Willmes","malte.willmes@gmail.com","","","","","","","Willmes et al. (2014)- The IRHUM (Isotopic Reconstruction of Human Migration) database - bioavailable strontium isotope ratios for geochemical fingerprinting in France. Earth Syst Sci Data, 6.",NA,NA,0.709557,NA,"unknown","unknown","https://doi.org/10.5194/essd-6-117-2014","DOI","LIT","F12-184","ARDUOUS-25976","F12-184","leaf","plant",NA,"France",3.41,43.8
"687","F12-187","","SRM987",0.71023,"TIMS","bulk solid","bulk solid",4e-05,"organism : plant : plant tissue : leaf","","","","","other","","","field","M. Willmes","malte.willmes@gmail.com","","","","","","","Willmes et al. (2014)- The IRHUM (Isotopic Reconstruction of Human Migration) database - bioavailable strontium isotope ratios for geochemical fingerprinting in France. Earth Syst Sci Data, 6.",NA,NA,0.70979,NA,"unknown","unknown","https://doi.org/10.5194/essd-6-117-2014","DOI","LIT","F12-187","ARDUOUS-25977","F12-187","leaf","plant",NA,"France",3.1,43.18
"688","F12-188","","SRM987",0.71023,"TIMS","bulk solid","bulk solid",4e-05,"organism : plant : plant tissue : leaf","","","","","other","","","field","M. Willmes","malte.willmes@gmail.com","","","","","","","Willmes et al. (2014)- The IRHUM (Isotopic Reconstruction of Human Migration) database - bioavailable strontium isotope ratios for geochemical fingerprinting in France. Earth Syst Sci Data, 6.",NA,NA,0.708994,NA,"unknown","unknown","https://doi.org/10.5194/essd-6-117-2014","DOI","LIT","F12-188","ARDUOUS-25978","F12-188","leaf","plant",NA,"France",3.16,43.15
"689","F12-189","","SRM987",0.71023,"TIMS","bulk solid","bulk solid",4e-05,"organism : plant : plant tissue : leaf","","","","","other","","","field","M. Willmes","malte.willmes@gmail.com","","","","","","","Willmes et al. (2014)- The IRHUM (Isotopic Reconstruction of Human Migration) database - bioavailable strontium isotope ratios for geochemical fingerprinting in France. Earth Syst Sci Data, 6.",NA,NA,0.712516,NA,"unknown","unknown","https://doi.org/10.5194/essd-6-117-2014","DOI","LIT","F12-189","ARDUOUS-25979","F12-189","leaf","plant",NA,"France",3.07,43.17
"690","F12-190","","SRM987",0.71023,"TIMS","bulk solid","bulk solid",4e-05,"organism : plant : plant tissue : leaf","","","","","other","","","field","M. Willmes","malte.willmes@gmail.com","","","","","","","Willmes et al. (2014)- The IRHUM (Isotopic Reconstruction of Human Migration) database - bioavailable strontium isotope ratios for geochemical fingerprinting in France. Earth Syst Sci Data, 6.",NA,NA,0.709427,NA,"unknown","unknown","https://doi.org/10.5194/essd-6-117-2014","DOI","LIT","F12-190","ARDUOUS-25980","F12-190","leaf","plant",NA,"France",3.01,43.25
"691","F12-191","","SRM987",0.71023,"TIMS","bulk solid","bulk solid",4e-05,"organism : plant : plant tissue : leaf","","","","","other","","","field","M. Willmes","malte.willmes@gmail.com","","","","","","","Willmes et al. (2014)- The IRHUM (Isotopic Reconstruction of Human Migration) database - bioavailable strontium isotope ratios for geochemical fingerprinting in France. Earth Syst Sci Data, 6.",NA,NA,0.709151,NA,"unknown","unknown","https://doi.org/10.5194/essd-6-117-2014","DOI","LIT","F12-191","ARDUOUS-25981","F12-191","leaf","plant",NA,"France",3.09,43.28
"692","F12-192","","SRM987",0.71023,"TIMS","bulk solid","bulk solid",4e-05,"organism : plant : plant tissue : leaf","","","","","other","","","field","M. Willmes","malte.willmes@gmail.com","","","","","","","Willmes et al. (2014)- The IRHUM (Isotopic Reconstruction of Human Migration) database - bioavailable strontium isotope ratios for geochemical fingerprinting in France. Earth Syst Sci Data, 6.",NA,NA,0.712454,NA,"unknown","unknown","https://doi.org/10.5194/essd-6-117-2014","DOI","LIT","F12-192","ARDUOUS-25982","F12-192","leaf","plant",NA,"France",3.22,43.44
"693","F12-193","","SRM987",0.71023,"TIMS","bulk solid","bulk solid",4e-05,"organism : plant : plant tissue : leaf","","","","","other","","","field","M. Willmes","malte.willmes@gmail.com","","","","","","","Willmes et al. (2014)- The IRHUM (Isotopic Reconstruction of Human Migration) database - bioavailable strontium isotope ratios for geochemical fingerprinting in France. Earth Syst Sci Data, 6.",NA,NA,0.712799,NA,"unknown","unknown","https://doi.org/10.5194/essd-6-117-2014","DOI","LIT","F12-193","ARDUOUS-25983","F12-193","leaf","plant",NA,"France",3.18,43.54
"694","F12-194","","SRM987",0.71023,"TIMS","bulk solid","bulk solid",4e-05,"organism : plant : plant tissue : leaf","","","","","other","","","field","M. Willmes","malte.willmes@gmail.com","","","","","","","Willmes et al. (2014)- The IRHUM (Isotopic Reconstruction of Human Migration) database - bioavailable strontium isotope ratios for geochemical fingerprinting in France. Earth Syst Sci Data, 6.",NA,NA,0.709859,NA,"unknown","unknown","https://doi.org/10.5194/essd-6-117-2014","DOI","LIT","F12-194","ARDUOUS-25984","F12-194","leaf","plant",NA,"France",3.17,43.57
"695","F12-195","","SRM987",0.71023,"TIMS","bulk solid","bulk solid",4e-05,"organism : plant : plant tissue : leaf","","","","","other","","","field","M. Willmes","malte.willmes@gmail.com","","","","","","","Willmes et al. (2014)- The IRHUM (Isotopic Reconstruction of Human Migration) database - bioavailable strontium isotope ratios for geochemical fingerprinting in France. Earth Syst Sci Data, 6.",NA,NA,0.715184,NA,"unknown","unknown","https://doi.org/10.5194/essd-6-117-2014","DOI","LIT","F12-195","ARDUOUS-25985","F12-195","leaf","plant",NA,"France",3.17,43.69
"696","F12-195","","SRM987",0.71023,"TIMS","bulk solid","bulk solid",4e-05,"organism : plant : plant tissue : leaf","","","","","other","","","field","M. Willmes","malte.willmes@gmail.com","","","","","","","Willmes et al. (2014)- The IRHUM (Isotopic Reconstruction of Human Migration) database - bioavailable strontium isotope ratios for geochemical fingerprinting in France. Earth Syst Sci Data, 6.",NA,NA,0.718886,NA,"unknown","unknown","https://doi.org/10.5194/essd-6-117-2014","DOI","LIT","F12-195","ARDUOUS-25986","F12-195","leaf","plant",NA,"France",3.17,43.69
"697","F12-196","","SRM987",0.71023,"TIMS","bulk solid","bulk solid",4e-05,"organism : plant : plant tissue : leaf","","","","","other","","","field","M. Willmes","malte.willmes@gmail.com","","","","","","","Willmes et al. (2014)- The IRHUM (Isotopic Reconstruction of Human Migration) database - bioavailable strontium isotope ratios for geochemical fingerprinting in France. Earth Syst Sci Data, 6.",NA,NA,0.714181,NA,"unknown","unknown","https://doi.org/10.5194/essd-6-117-2014","DOI","LIT","F12-196","ARDUOUS-25987","F12-196","leaf","plant",NA,"France",2.89,43.46
"698","F12-198","","SRM987",0.71023,"TIMS","bulk solid","bulk solid",4e-05,"organism : plant : plant tissue : leaf","","","","","other","","","field","M. Willmes","malte.willmes@gmail.com","","","","","","","Willmes et al. (2014)- The IRHUM (Isotopic Reconstruction of Human Migration) database - bioavailable strontium isotope ratios for geochemical fingerprinting in France. Earth Syst Sci Data, 6.",NA,NA,0.716661,NA,"unknown","unknown","https://doi.org/10.5194/essd-6-117-2014","DOI","LIT","F12-198","ARDUOUS-25988","F12-198","leaf","plant",NA,"France",2.69,43.49
"699","F12-199","","SRM987",0.71023,"TIMS","bulk solid","bulk solid",4e-05,"organism : plant : plant tissue : leaf","","","","","other","","","field","M. Willmes","malte.willmes@gmail.com","","","","","","","Willmes et al. (2014)- The IRHUM (Isotopic Reconstruction of Human Migration) database - bioavailable strontium isotope ratios for geochemical fingerprinting in France. Earth Syst Sci Data, 6.",NA,NA,0.719091,NA,"unknown","unknown","https://doi.org/10.5194/essd-6-117-2014","DOI","LIT","F12-199","ARDUOUS-25989","F12-199","leaf","plant",NA,"France",2.39,43.46
"700","F12-201","","SRM987",0.71023,"TIMS","bulk solid","bulk solid",4e-05,"organism : plant : plant tissue : leaf","","","","","other","","","field","M. Willmes","malte.willmes@gmail.com","","","","","","","Willmes et al. (2014)- The IRHUM (Isotopic Reconstruction of Human Migration) database - bioavailable strontium isotope ratios for geochemical fingerprinting in France. Earth Syst Sci Data, 6.",NA,NA,0.710573,NA,"unknown","unknown","https://doi.org/10.5194/essd-6-117-2014","DOI","LIT","F12-201","ARDUOUS-25990","F12-201","leaf","plant",NA,"France",2.33,43.32
"701","F12-204","","SRM987",0.71023,"TIMS","bulk solid","bulk solid",4e-05,"organism : plant : plant tissue : leaf","","","","","other","","","field","M. Willmes","malte.willmes@gmail.com","","","","","","","Willmes et al. (2014)- The IRHUM (Isotopic Reconstruction of Human Migration) database - bioavailable strontium isotope ratios for geochemical fingerprinting in France. Earth Syst Sci Data, 6.",NA,NA,0.711343,NA,"unknown","unknown","https://doi.org/10.5194/essd-6-117-2014","DOI","LIT","F12-204","ARDUOUS-25991","F12-204","leaf","plant",NA,"France",2.41,43.24
"702","F12-205","","SRM987",0.71023,"TIMS","bulk solid","bulk solid",4e-05,"organism : plant : plant tissue : leaf","","","","","other","","","field","M. Willmes","malte.willmes@gmail.com","","","","","","","Willmes et al. (2014)- The IRHUM (Isotopic Reconstruction of Human Migration) database - bioavailable strontium isotope ratios for geochemical fingerprinting in France. Earth Syst Sci Data, 6.",NA,NA,0.712078,NA,"unknown","unknown","https://doi.org/10.5194/essd-6-117-2014","DOI","LIT","F12-205","ARDUOUS-25992","F12-205","leaf","plant",NA,"France",2.43,43.23
"703","F12-207","","SRM987",0.71023,"TIMS","bulk solid","bulk solid",4e-05,"organism : plant : plant tissue : leaf","","","","","other","","","field","M. Willmes","malte.willmes@gmail.com","","","Hedera","genus","","","Willmes et al. (2014)- The IRHUM (Isotopic Reconstruction of Human Migration) database - bioavailable strontium isotope ratios for geochemical fingerprinting in France. Earth Syst Sci Data, 6.",NA,NA,0.709813,NA,"unknown","unknown","https://doi.org/10.5194/essd-6-117-2014","DOI","LIT","F12-207","ARDUOUS-25993","F12-207","leaf","plant",NA,"France",2.1,43.23
"704","F12-213","","SRM987",0.71023,"TIMS","bulk solid","bulk solid",4e-05,"organism : plant : plant tissue : leaf","","","","","other","","","field","M. Willmes","malte.willmes@gmail.com","","","","","","","Willmes et al. (2014)- The IRHUM (Isotopic Reconstruction of Human Migration) database - bioavailable strontium isotope ratios for geochemical fingerprinting in France. Earth Syst Sci Data, 6.",NA,NA,0.712438,NA,"unknown","unknown","https://doi.org/10.5194/essd-6-117-2014","DOI","LIT","F12-213","ARDUOUS-25994","F12-213","leaf","plant",NA,"France",2.97,44.02
"705","F12-214","","SRM987",0.71023,"TIMS","bulk solid","bulk solid",4e-05,"organism : plant : plant tissue : leaf","","","","","other","","","field","M. Willmes","malte.willmes@gmail.com","","","","","","","Willmes et al. (2014)- The IRHUM (Isotopic Reconstruction of Human Migration) database - bioavailable strontium isotope ratios for geochemical fingerprinting in France. Earth Syst Sci Data, 6.",NA,NA,0.7185,NA,"unknown","unknown","https://doi.org/10.5194/essd-6-117-2014","DOI","LIT","F12-214","ARDUOUS-25995","F12-214","leaf","plant",NA,"France",2.83,44.25
"706","F12-215","","SRM987",0.71023,"TIMS","bulk solid","bulk solid",4e-05,"organism : plant : plant tissue : leaf","","","","","other","","","field","M. Willmes","malte.willmes@gmail.com","","","","","","","Willmes et al. (2014)- The IRHUM (Isotopic Reconstruction of Human Migration) database - bioavailable strontium isotope ratios for geochemical fingerprinting in France. Earth Syst Sci Data, 6.",NA,NA,0.713543,NA,"unknown","unknown","https://doi.org/10.5194/essd-6-117-2014","DOI","LIT","F12-215","ARDUOUS-25996","F12-215","leaf","plant",NA,"France",2.72,44.26
"707","F12-217","","SRM987",0.71023,"TIMS","bulk solid","bulk solid",4e-05,"organism : plant : plant tissue : leaf","","","","","other","","","field","M. Willmes","malte.willmes@gmail.com","","","","","","","Willmes et al. (2014)- The IRHUM (Isotopic Reconstruction of Human Migration) database - bioavailable strontium isotope ratios for geochemical fingerprinting in France. Earth Syst Sci Data, 6.",NA,NA,0.723565,NA,"unknown","unknown","https://doi.org/10.5194/essd-6-117-2014","DOI","LIT","F12-217","ARDUOUS-25997","F12-217","leaf","plant",NA,"France",2.24,44.5
"708","F12-218","","SRM987",0.71023,"TIMS","bulk solid","bulk solid",4e-05,"organism : plant : plant tissue : leaf","","","","","other","","","field","M. Willmes","malte.willmes@gmail.com","","","","","","","Willmes et al. (2014)- The IRHUM (Isotopic Reconstruction of Human Migration) database - bioavailable strontium isotope ratios for geochemical fingerprinting in France. Earth Syst Sci Data, 6.",NA,NA,0.705341,NA,"unknown","unknown","https://doi.org/10.5194/essd-6-117-2014","DOI","LIT","F12-218","ARDUOUS-25998","F12-218","leaf","plant",NA,"France",2.65,45
"709","F12-219","","SRM987",0.71023,"TIMS","bulk solid","bulk solid",4e-05,"organism : plant : plant tissue : leaf","","","","","other","","","field","M. Willmes","malte.willmes@gmail.com","","","","","","","Willmes et al. (2014)- The IRHUM (Isotopic Reconstruction of Human Migration) database - bioavailable strontium isotope ratios for geochemical fingerprinting in France. Earth Syst Sci Data, 6.",NA,NA,0.705135,NA,"unknown","unknown","https://doi.org/10.5194/essd-6-117-2014","DOI","LIT","F12-219","ARDUOUS-25999","F12-219","leaf","plant",NA,"France",2.73,45.08
"710","F12-220","","SRM987",0.71023,"TIMS","bulk solid","bulk solid",4e-05,"organism : plant : plant tissue : leaf","","","","","other","","","field","M. Willmes","malte.willmes@gmail.com","","","","","","","Willmes et al. (2014)- The IRHUM (Isotopic Reconstruction of Human Migration) database - bioavailable strontium isotope ratios for geochemical fingerprinting in France. Earth Syst Sci Data, 6.",NA,NA,0.705436,NA,"unknown","unknown","https://doi.org/10.5194/essd-6-117-2014","DOI","LIT","F12-220","ARDUOUS-26000","F12-220","leaf","plant",NA,"France",2.73,45.08
"711","F12-221","","SRM987",0.71023,"TIMS","bulk solid","bulk solid",4e-05,"organism : plant : plant tissue : leaf","","","","","other","","","field","M. Willmes","malte.willmes@gmail.com","","","","","","","Willmes et al. (2014)- The IRHUM (Isotopic Reconstruction of Human Migration) database - bioavailable strontium isotope ratios for geochemical fingerprinting in France. Earth Syst Sci Data, 6.",NA,NA,0.705201,NA,"unknown","unknown","https://doi.org/10.5194/essd-6-117-2014","DOI","LIT","F12-221","ARDUOUS-26001","F12-221","leaf","plant",NA,"France",2.87,45.1
"712","F12-222","","SRM987",0.71023,"TIMS","bulk solid","bulk solid",4e-05,"organism : plant : plant tissue : leaf","","","","","other","","","field","M. Willmes","malte.willmes@gmail.com","","","","","","","Willmes et al. (2014)- The IRHUM (Isotopic Reconstruction of Human Migration) database - bioavailable strontium isotope ratios for geochemical fingerprinting in France. Earth Syst Sci Data, 6.",NA,NA,0.704027,NA,"unknown","unknown","https://doi.org/10.5194/essd-6-117-2014","DOI","LIT","F12-222","ARDUOUS-26002","F12-222","leaf","plant",NA,"France",2.9,45.1
"713","F12-223","","SRM987",0.71023,"TIMS","bulk solid","bulk solid",4e-05,"organism : plant : plant tissue : leaf","","","","","other","","","field","M. Willmes","malte.willmes@gmail.com","","","","","","","Willmes et al. (2014)- The IRHUM (Isotopic Reconstruction of Human Migration) database - bioavailable strontium isotope ratios for geochemical fingerprinting in France. Earth Syst Sci Data, 6.",NA,NA,0.718355,NA,"unknown","unknown","https://doi.org/10.5194/essd-6-117-2014","DOI","LIT","F12-223","ARDUOUS-26003","F12-223","leaf","plant",NA,"France",3.18,44.97
"714","F12-225","","SRM987",0.71023,"TIMS","bulk solid","bulk solid",4e-05,"organism : plant : plant tissue : leaf","","","","","other","","","field","M. Willmes","malte.willmes@gmail.com","","","","","","","Willmes et al. (2014)- The IRHUM (Isotopic Reconstruction of Human Migration) database - bioavailable strontium isotope ratios for geochemical fingerprinting in France. Earth Syst Sci Data, 6.",NA,NA,0.704807,NA,"unknown","unknown","https://doi.org/10.5194/essd-6-117-2014","DOI","LIT","F12-225","ARDUOUS-26004","F12-225","leaf","plant",NA,"France",3.13,45.11
"715","F12-226","","SRM987",0.71023,"TIMS","bulk solid","bulk solid",4e-05,"organism : plant : plant tissue : leaf","","","","","other","","","field","M. Willmes","malte.willmes@gmail.com","","","","","","","Willmes et al. (2014)- The IRHUM (Isotopic Reconstruction of Human Migration) database - bioavailable strontium isotope ratios for geochemical fingerprinting in France. Earth Syst Sci Data, 6.",NA,NA,0.711563,NA,"unknown","unknown","https://doi.org/10.5194/essd-6-117-2014","DOI","LIT","F12-226","ARDUOUS-26005","F12-226","leaf","plant",NA,"France",3.14,45.13
"716","F12-228","","SRM987",0.71023,"TIMS","bulk solid","bulk solid",4e-05,"organism : plant : plant tissue : leaf","","","","","other","","","field","M. Willmes","malte.willmes@gmail.com","","","","","","","Willmes et al. (2014)- The IRHUM (Isotopic Reconstruction of Human Migration) database - bioavailable strontium isotope ratios for geochemical fingerprinting in France. Earth Syst Sci Data, 6.",NA,NA,0.718245,NA,"unknown","unknown","https://doi.org/10.5194/essd-6-117-2014","DOI","LIT","F12-228","ARDUOUS-26006","F12-228","leaf","plant",NA,"France",3.3,45.21
"717","F12-229","","SRM987",0.71023,"TIMS","bulk solid","bulk solid",4e-05,"organism : plant : plant tissue : leaf","","","","","other","","","field","M. Willmes","malte.willmes@gmail.com","","","","","","","Willmes et al. (2014)- The IRHUM (Isotopic Reconstruction of Human Migration) database - bioavailable strontium isotope ratios for geochemical fingerprinting in France. Earth Syst Sci Data, 6.",NA,NA,0.704633,NA,"unknown","unknown","https://doi.org/10.5194/essd-6-117-2014","DOI","LIT","F12-229","ARDUOUS-26007","F12-229","leaf","plant",NA,"France",2.98,45.16
"718","F12-230","","SRM987",0.71023,"TIMS","bulk solid","bulk solid",4e-05,"organism : plant : plant tissue : leaf","","","","","other","","","field","M. Willmes","malte.willmes@gmail.com","","","","","","","Willmes et al. (2014)- The IRHUM (Isotopic Reconstruction of Human Migration) database - bioavailable strontium isotope ratios for geochemical fingerprinting in France. Earth Syst Sci Data, 6.",NA,NA,0.704034,NA,"unknown","unknown","https://doi.org/10.5194/essd-6-117-2014","DOI","LIT","F12-230","ARDUOUS-26008","F12-230","leaf","plant",NA,"France",2.94,45.21
"719","F12-233","","SRM987",0.71023,"TIMS","bulk solid","bulk solid",4e-05,"organism : plant : plant tissue : leaf","","","","","other","","","field","M. Willmes","malte.willmes@gmail.com","","","","","","","Willmes et al. (2014)- The IRHUM (Isotopic Reconstruction of Human Migration) database - bioavailable strontium isotope ratios for geochemical fingerprinting in France. Earth Syst Sci Data, 6.",NA,NA,0.705872,NA,"unknown","unknown","https://doi.org/10.5194/essd-6-117-2014","DOI","LIT","F12-233","ARDUOUS-26009","F12-233","leaf","plant",NA,"France",2.67,45.1
"720","F12-234","","SRM987",0.71023,"TIMS","bulk solid","bulk solid",4e-05,"organism : plant : plant tissue : leaf","","","","","other","","","field","M. Willmes","malte.willmes@gmail.com","","","","","","","Willmes et al. (2014)- The IRHUM (Isotopic Reconstruction of Human Migration) database - bioavailable strontium isotope ratios for geochemical fingerprinting in France. Earth Syst Sci Data, 6.",NA,NA,0.724155,NA,"unknown","unknown","https://doi.org/10.5194/essd-6-117-2014","DOI","LIT","F12-234","ARDUOUS-26010","F12-234","leaf","plant",NA,"France",2.21,45.25
"721","F12-237","","SRM987",0.71023,"TIMS","bulk solid","bulk solid",4e-05,"organism : plant : plant tissue : leaf","","","","","other","","","field","M. Willmes","malte.willmes@gmail.com","","","","","","","Willmes et al. (2014)- The IRHUM (Isotopic Reconstruction of Human Migration) database - bioavailable strontium isotope ratios for geochemical fingerprinting in France. Earth Syst Sci Data, 6.",NA,NA,0.709076,NA,"unknown","unknown","https://doi.org/10.5194/essd-6-117-2014","DOI","LIT","F12-237","ARDUOUS-26011","F12-237","leaf","plant",NA,"France",1.66,45.46
"722","F12-238","","SRM987",0.71023,"TIMS","bulk solid","bulk solid",4e-05,"organism : plant : plant tissue : leaf","","","","","other","","","field","M. Willmes","malte.willmes@gmail.com","","","","","","","Willmes et al. (2014)- The IRHUM (Isotopic Reconstruction of Human Migration) database - bioavailable strontium isotope ratios for geochemical fingerprinting in France. Earth Syst Sci Data, 6.",NA,NA,0.709414,NA,"unknown","unknown","https://doi.org/10.5194/essd-6-117-2014","DOI","LIT","F12-238","ARDUOUS-26012","F12-238","leaf","plant",NA,"France",1.67,45.45
"723","F13-001","","SRM987",0.71023,"TIMS","bulk solid","bulk solid",4e-05,"organism : plant : plant tissue : leaf","","","","","other","","","field","M. Willmes","malte.willmes@gmail.com","","","","","","","Willmes et al. (2014)- The IRHUM (Isotopic Reconstruction of Human Migration) database - bioavailable strontium isotope ratios for geochemical fingerprinting in France. Earth Syst Sci Data, 6.",NA,NA,0.709399,NA,"unknown","unknown","https://doi.org/10.5194/essd-6-117-2014","DOI","LIT","F13-001","ARDUOUS-26013","F13-001","leaf","plant",NA,"France",-1.11,46.47
"724","F13-001","","SRM987",0.71023,"TIMS","bulk solid","bulk solid",4e-05,"organism : plant : plant tissue : leaf","","","","","other","","","field","M. Willmes","malte.willmes@gmail.com","","","","","","","Willmes et al. (2014)- The IRHUM (Isotopic Reconstruction of Human Migration) database - bioavailable strontium isotope ratios for geochemical fingerprinting in France. Earth Syst Sci Data, 6.",NA,NA,0.70958,NA,"unknown","unknown","https://doi.org/10.5194/essd-6-117-2014","DOI","LIT","F13-001","ARDUOUS-26014","F13-001","leaf","plant",NA,"France",-1.11,46.47
"725","F13-002","","SRM987",0.71023,"TIMS","bulk solid","bulk solid",4e-05,"organism : plant : plant tissue : leaf","","","","","other","","","field","M. Willmes","malte.willmes@gmail.com","","","","","","","Willmes et al. (2014)- The IRHUM (Isotopic Reconstruction of Human Migration) database - bioavailable strontium isotope ratios for geochemical fingerprinting in France. Earth Syst Sci Data, 6.",NA,NA,0.709478,NA,"unknown","unknown","https://doi.org/10.5194/essd-6-117-2014","DOI","LIT","F13-002","ARDUOUS-26015","F13-002","leaf","plant",NA,"France",-1.04,46.4
"726","F13-003","","SRM987",0.71023,"TIMS","bulk solid","bulk solid",4e-05,"organism : plant : plant tissue : leaf","","","","","other","","","field","M. Willmes","malte.willmes@gmail.com","","","","","","","Willmes et al. (2014)- The IRHUM (Isotopic Reconstruction of Human Migration) database - bioavailable strontium isotope ratios for geochemical fingerprinting in France. Earth Syst Sci Data, 6.",NA,NA,0.708972,NA,"unknown","unknown","https://doi.org/10.5194/essd-6-117-2014","DOI","LIT","F13-003","ARDUOUS-26016","F13-003","leaf","plant",NA,"France",-1.28,46.47
"727","F13-005","","SRM987",0.71023,"TIMS","bulk solid","bulk solid",4e-05,"organism : plant : plant tissue : leaf","","","","","other","","","field","M. Willmes","malte.willmes@gmail.com","","","","","","","Willmes et al. (2014)- The IRHUM (Isotopic Reconstruction of Human Migration) database - bioavailable strontium isotope ratios for geochemical fingerprinting in France. Earth Syst Sci Data, 6.",NA,NA,0.711593,NA,"unknown","unknown","https://doi.org/10.5194/essd-6-117-2014","DOI","LIT","F13-005","ARDUOUS-26017","F13-005","leaf","plant",NA,"France",-1.54,46.71
"728","F13-005","","SRM987",0.71023,"TIMS","bulk solid","bulk solid",4e-05,"organism : plant : plant tissue : leaf","","","","","other","","","field","M. Willmes","malte.willmes@gmail.com","","","","","","","Willmes et al. (2014)- The IRHUM (Isotopic Reconstruction of Human Migration) database - bioavailable strontium isotope ratios for geochemical fingerprinting in France. Earth Syst Sci Data, 6.",NA,NA,0.712389,NA,"unknown","unknown","https://doi.org/10.5194/essd-6-117-2014","DOI","LIT","F13-005","ARDUOUS-26018","F13-005","leaf","plant",NA,"France",-1.54,46.71
"729","F13-006","","SRM987",0.71023,"TIMS","bulk solid","bulk solid",4e-05,"organism : plant : plant tissue : leaf","","","","","other","","","field","M. Willmes","malte.willmes@gmail.com","","","","","","","Willmes et al. (2014)- The IRHUM (Isotopic Reconstruction of Human Migration) database - bioavailable strontium isotope ratios for geochemical fingerprinting in France. Earth Syst Sci Data, 6.",NA,NA,0.707843,NA,"unknown","unknown","https://doi.org/10.5194/essd-6-117-2014","DOI","LIT","F13-006","ARDUOUS-26019","F13-006","leaf","plant",NA,"France",-1.95,46.96
"730","F13-007","","SRM987",0.71023,"TIMS","bulk solid","bulk solid",4e-05,"organism : plant : plant tissue : leaf","","","","","other","","","field","M. Willmes","malte.willmes@gmail.com","","","","","","","Willmes et al. (2014)- The IRHUM (Isotopic Reconstruction of Human Migration) database - bioavailable strontium isotope ratios for geochemical fingerprinting in France. Earth Syst Sci Data, 6.",NA,NA,0.711722,NA,"unknown","unknown","https://doi.org/10.5194/essd-6-117-2014","DOI","LIT","F13-007","ARDUOUS-26020","F13-007","leaf","plant",NA,"France",-2.02,47.08
"731","F13-008","","SRM987",0.71023,"TIMS","bulk solid","bulk solid",4e-05,"organism : plant : plant tissue : leaf","","","","","other","","","field","M. Willmes","malte.willmes@gmail.com","","","","","","","Willmes et al. (2014)- The IRHUM (Isotopic Reconstruction of Human Migration) database - bioavailable strontium isotope ratios for geochemical fingerprinting in France. Earth Syst Sci Data, 6.",NA,NA,0.710721,NA,"unknown","unknown","https://doi.org/10.5194/essd-6-117-2014","DOI","LIT","F13-008","ARDUOUS-26021","F13-008","leaf","plant",NA,"France",-1.85,46.84
"732","F13-009","","SRM987",0.71023,"TIMS","bulk solid","bulk solid",4e-05,"organism : plant : plant tissue : leaf","","","","","other","","","field","M. Willmes","malte.willmes@gmail.com","","","Hedera","genus","","","Willmes et al. (2014)- The IRHUM (Isotopic Reconstruction of Human Migration) database - bioavailable strontium isotope ratios for geochemical fingerprinting in France. Earth Syst Sci Data, 6.",NA,NA,0.713773,NA,"unknown","unknown","https://doi.org/10.5194/essd-6-117-2014","DOI","LIT","F13-009","ARDUOUS-26022","F13-009","leaf","plant",NA,"France",-1.76,46.76
"733","F13-010","","SRM987",0.71023,"TIMS","bulk solid","bulk solid",4e-05,"organism : plant : plant tissue : leaf","","","","","other","","","field","M. Willmes","malte.willmes@gmail.com","","","","","","","Willmes et al. (2014)- The IRHUM (Isotopic Reconstruction of Human Migration) database - bioavailable strontium isotope ratios for geochemical fingerprinting in France. Earth Syst Sci Data, 6.",NA,NA,0.711422,NA,"unknown","unknown","https://doi.org/10.5194/essd-6-117-2014","DOI","LIT","F13-010","ARDUOUS-26023","F13-010","leaf","plant",NA,"France",-1.69,46.71
"734","F13-011","","SRM987",0.71023,"TIMS","bulk solid","bulk solid",4e-05,"organism : plant : plant tissue : leaf","","","","","other","","","field","M. Willmes","malte.willmes@gmail.com","","","","","","","Willmes et al. (2014)- The IRHUM (Isotopic Reconstruction of Human Migration) database - bioavailable strontium isotope ratios for geochemical fingerprinting in France. Earth Syst Sci Data, 6.",NA,NA,0.712815,NA,"unknown","unknown","https://doi.org/10.5194/essd-6-117-2014","DOI","LIT","F13-011","ARDUOUS-26024","F13-011","leaf","plant",NA,"France",-1.06,46.86
"735","F13-011","","SRM987",0.71023,"TIMS","bulk solid","bulk solid",4e-05,"organism : plant : plant tissue : leaf","","","","","other","","","field","M. Willmes","malte.willmes@gmail.com","","","Polypodiopsida","class","","","Willmes et al. (2014)- The IRHUM (Isotopic Reconstruction of Human Migration) database - bioavailable strontium isotope ratios for geochemical fingerprinting in France. Earth Syst Sci Data, 6.",NA,NA,0.712974,NA,"unknown","unknown","https://doi.org/10.5194/essd-6-117-2014","DOI","LIT","F13-011","ARDUOUS-26025","F13-011","leaf","plant",NA,"France",-1.06,46.86
"736","F13-012","","SRM987",0.71023,"TIMS","bulk solid","bulk solid",4e-05,"organism : plant : plant tissue : leaf","","","","","other","","","field","M. Willmes","malte.willmes@gmail.com","","","","","","","Willmes et al. (2014)- The IRHUM (Isotopic Reconstruction of Human Migration) database - bioavailable strontium isotope ratios for geochemical fingerprinting in France. Earth Syst Sci Data, 6.",NA,NA,0.721007,NA,"unknown","unknown","https://doi.org/10.5194/essd-6-117-2014","DOI","LIT","F13-012","ARDUOUS-26026","F13-012","leaf","plant",NA,"France",-0.99,46.93
"737","F13-014","","SRM987",0.71023,"TIMS","bulk solid","bulk solid",4e-05,"organism : plant : plant tissue : leaf","","","","","other","","","field","M. Willmes","malte.willmes@gmail.com","","","","","","","Willmes et al. (2014)- The IRHUM (Isotopic Reconstruction of Human Migration) database - bioavailable strontium isotope ratios for geochemical fingerprinting in France. Earth Syst Sci Data, 6.",NA,NA,0.713258,NA,"unknown","unknown","https://doi.org/10.5194/essd-6-117-2014","DOI","LIT","F13-014","ARDUOUS-26027","F13-014","leaf","plant",NA,"France",-0.86,46.81
"738","F13-015","","SRM987",0.71023,"TIMS","bulk solid","bulk solid",4e-05,"organism : plant : plant tissue : leaf","","","","","other","","","field","M. Willmes","malte.willmes@gmail.com","","","","","","","Willmes et al. (2014)- The IRHUM (Isotopic Reconstruction of Human Migration) database - bioavailable strontium isotope ratios for geochemical fingerprinting in France. Earth Syst Sci Data, 6.",NA,NA,0.71006,NA,"unknown","unknown","https://doi.org/10.5194/essd-6-117-2014","DOI","LIT","F13-015","ARDUOUS-26028","F13-015","leaf","plant",NA,"France",-0.81,46.74
"739","F13-016","","SRM987",0.71023,"TIMS","bulk solid","bulk solid",4e-05,"organism : plant : plant tissue : leaf","","","","","other","","","field","M. Willmes","malte.willmes@gmail.com","","","","","","","Willmes et al. (2014)- The IRHUM (Isotopic Reconstruction of Human Migration) database - bioavailable strontium isotope ratios for geochemical fingerprinting in France. Earth Syst Sci Data, 6.",NA,NA,0.710607,NA,"unknown","unknown","https://doi.org/10.5194/essd-6-117-2014","DOI","LIT","F13-016","ARDUOUS-26029","F13-016","leaf","plant",NA,"France",-0.76,46.63
"740","F13-017","","SRM987",0.71023,"TIMS","bulk solid","bulk solid",4e-05,"organism : plant : plant tissue : leaf","","","","","other","","","field","M. Willmes","malte.willmes@gmail.com","","","","","","","Willmes et al. (2014)- The IRHUM (Isotopic Reconstruction of Human Migration) database - bioavailable strontium isotope ratios for geochemical fingerprinting in France. Earth Syst Sci Data, 6.",NA,NA,0.709282,NA,"unknown","unknown","https://doi.org/10.5194/essd-6-117-2014","DOI","LIT","F13-017","ARDUOUS-26030","F13-017","leaf","plant",NA,"France",-0.42,46.97
"741","F13-019","","SRM987",0.71023,"TIMS","bulk solid","bulk solid",4e-05,"organism : plant : plant tissue : leaf","","","","","other","","","field","M. Willmes","malte.willmes@gmail.com","","","","","","","Willmes et al. (2014)- The IRHUM (Isotopic Reconstruction of Human Migration) database - bioavailable strontium isotope ratios for geochemical fingerprinting in France. Earth Syst Sci Data, 6.",NA,NA,0.711195,NA,"unknown","unknown","https://doi.org/10.5194/essd-6-117-2014","DOI","LIT","F13-019","ARDUOUS-26031","F13-019","leaf","plant",NA,"France",-2.1,47.11
"742","F13-021","","SRM987",0.71023,"TIMS","bulk solid","bulk solid",4e-05,"organism : plant : plant tissue : leaf","","","","","other","","","field","M. Willmes","malte.willmes@gmail.com","","","Hedera","genus","","","Willmes et al. (2014)- The IRHUM (Isotopic Reconstruction of Human Migration) database - bioavailable strontium isotope ratios for geochemical fingerprinting in France. Earth Syst Sci Data, 6.",NA,NA,0.715806,NA,"unknown","unknown","https://doi.org/10.5194/essd-6-117-2014","DOI","LIT","F13-021","ARDUOUS-26032","F13-021","leaf","plant",NA,"France",-1.36,47.31
"743","F13-021","","SRM987",0.71023,"TIMS","bulk solid","bulk solid",4e-05,"organism : plant : plant tissue : leaf","","","","","other","","","field","M. Willmes","malte.willmes@gmail.com","","","Hedera","genus","","","Willmes et al. (2014)- The IRHUM (Isotopic Reconstruction of Human Migration) database - bioavailable strontium isotope ratios for geochemical fingerprinting in France. Earth Syst Sci Data, 6.",NA,NA,0.716228,NA,"unknown","unknown","https://doi.org/10.5194/essd-6-117-2014","DOI","LIT","F13-021","ARDUOUS-26033","F13-021","leaf","plant",NA,"France",-1.36,47.31
"744","F13-022","","SRM987",0.71023,"TIMS","bulk solid","bulk solid",4e-05,"organism : plant : plant tissue : leaf","","","","","other","","","field","M. Willmes","malte.willmes@gmail.com","","","","","","","Willmes et al. (2014)- The IRHUM (Isotopic Reconstruction of Human Migration) database - bioavailable strontium isotope ratios for geochemical fingerprinting in France. Earth Syst Sci Data, 6.",NA,NA,0.7202,NA,"unknown","unknown","https://doi.org/10.5194/essd-6-117-2014","DOI","LIT","F13-022","ARDUOUS-26034","F13-022","leaf","plant",NA,"France",-1.29,47.33
"745","F13-023","","SRM987",0.71023,"TIMS","bulk solid","bulk solid",4e-05,"organism : plant : plant tissue : leaf","","","","","other","","","field","M. Willmes","malte.willmes@gmail.com","","","","","","","Willmes et al. (2014)- The IRHUM (Isotopic Reconstruction of Human Migration) database - bioavailable strontium isotope ratios for geochemical fingerprinting in France. Earth Syst Sci Data, 6.",NA,NA,0.712397,NA,"unknown","unknown","https://doi.org/10.5194/essd-6-117-2014","DOI","LIT","F13-023","ARDUOUS-26035","F13-023","leaf","plant",NA,"France",-1.02,47.29
"746","F13-024","","SRM987",0.71023,"TIMS","bulk solid","bulk solid",4e-05,"organism : plant : plant tissue : leaf","","","","","other","","","field","M. Willmes","malte.willmes@gmail.com","","","","","","","Willmes et al. (2014)- The IRHUM (Isotopic Reconstruction of Human Migration) database - bioavailable strontium isotope ratios for geochemical fingerprinting in France. Earth Syst Sci Data, 6.",NA,NA,0.713023,NA,"unknown","unknown","https://doi.org/10.5194/essd-6-117-2014","DOI","LIT","F13-024","ARDUOUS-26036","F13-024","leaf","plant",NA,"France",-0.96,47.4
"747","F13-024","","SRM987",0.71023,"TIMS","bulk solid","bulk solid",4e-05,"organism : plant : plant tissue : leaf","","","","","other","","","field","M. Willmes","malte.willmes@gmail.com","","","","","","","Willmes et al. (2014)- The IRHUM (Isotopic Reconstruction of Human Migration) database - bioavailable strontium isotope ratios for geochemical fingerprinting in France. Earth Syst Sci Data, 6.",NA,NA,0.713227,NA,"unknown","unknown","https://doi.org/10.5194/essd-6-117-2014","DOI","LIT","F13-024","ARDUOUS-26037","F13-024","leaf","plant",NA,"France",-0.96,47.4
"748","F13-026","","SRM987",0.71023,"TIMS","bulk solid","bulk solid",4e-05,"organism : plant : plant tissue : leaf","","","","","other","","","field","M. Willmes","malte.willmes@gmail.com","","","","","","","Willmes et al. (2014)- The IRHUM (Isotopic Reconstruction of Human Migration) database - bioavailable strontium isotope ratios for geochemical fingerprinting in France. Earth Syst Sci Data, 6.",NA,NA,0.712018,NA,"unknown","unknown","https://doi.org/10.5194/essd-6-117-2014","DOI","LIT","F13-026","ARDUOUS-26038","F13-026","leaf","plant",NA,"France",-0.33,47.55
"749","F13-027","","SRM987",0.71023,"TIMS","bulk solid","bulk solid",4e-05,"organism : plant : plant tissue : leaf","","","","","other","","","field","M. Willmes","malte.willmes@gmail.com","","","","","","","Willmes et al. (2014)- The IRHUM (Isotopic Reconstruction of Human Migration) database - bioavailable strontium isotope ratios for geochemical fingerprinting in France. Earth Syst Sci Data, 6.",NA,NA,0.707243,NA,"unknown","unknown","https://doi.org/10.5194/essd-6-117-2014","DOI","LIT","F13-027","ARDUOUS-26039","F13-027","leaf","plant",NA,"France",-0.38,47.53
"750","F13-028","","SRM987",0.71023,"TIMS","bulk solid","bulk solid",4e-05,"organism : plant : plant tissue : leaf","","","","","other","","","field","M. Willmes","malte.willmes@gmail.com","","","","","","","Willmes et al. (2014)- The IRHUM (Isotopic Reconstruction of Human Migration) database - bioavailable strontium isotope ratios for geochemical fingerprinting in France. Earth Syst Sci Data, 6.",NA,NA,0.708563,NA,"unknown","unknown","https://doi.org/10.5194/essd-6-117-2014","DOI","LIT","F13-028","ARDUOUS-26040","F13-028","leaf","plant",NA,"France",-2.17,47.16
"751","F13-030","","SRM987",0.71023,"TIMS","bulk solid","bulk solid",4e-05,"organism : plant : plant tissue : leaf","","","","","other","","","field","M. Willmes","malte.willmes@gmail.com","","","","","","","Willmes et al. (2014)- The IRHUM (Isotopic Reconstruction of Human Migration) database - bioavailable strontium isotope ratios for geochemical fingerprinting in France. Earth Syst Sci Data, 6.",NA,NA,0.719423,NA,"unknown","unknown","https://doi.org/10.5194/essd-6-117-2014","DOI","LIT","F13-030","ARDUOUS-26042","F13-030","leaf","plant",NA,"France",-2.03,47.23
"752","F13-031","","SRM987",0.71023,"TIMS","bulk solid","bulk solid",4e-05,"organism : plant : plant tissue : leaf","","","","","other","","","field","M. Willmes","malte.willmes@gmail.com","","","","","","","Willmes et al. (2014)- The IRHUM (Isotopic Reconstruction of Human Migration) database - bioavailable strontium isotope ratios for geochemical fingerprinting in France. Earth Syst Sci Data, 6.",NA,NA,0.709246,NA,"unknown","unknown","https://doi.org/10.5194/essd-6-117-2014","DOI","LIT","F13-031","ARDUOUS-26043","F13-031","leaf","plant",NA,"France",-2.38,47.36
"753","F13-032","","SRM987",0.71023,"TIMS","bulk solid","bulk solid",4e-05,"organism : plant : plant tissue : leaf","","","","","other","","","field","M. Willmes","malte.willmes@gmail.com","","","","","","","Willmes et al. (2014)- The IRHUM (Isotopic Reconstruction of Human Migration) database - bioavailable strontium isotope ratios for geochemical fingerprinting in France. Earth Syst Sci Data, 6.",NA,NA,0.717475,NA,"unknown","unknown","https://doi.org/10.5194/essd-6-117-2014","DOI","LIT","F13-032","ARDUOUS-26044","F13-032","leaf","plant",NA,"France",-2.29,47.39
"754","F13-032","","SRM987",0.71023,"TIMS","bulk solid","bulk solid",4e-05,"organism : plant : plant tissue : leaf","","","","","other","","","field","M. Willmes","malte.willmes@gmail.com","","","","","","","Willmes et al. (2014)- The IRHUM (Isotopic Reconstruction of Human Migration) database - bioavailable strontium isotope ratios for geochemical fingerprinting in France. Earth Syst Sci Data, 6.",NA,NA,0.717475,NA,"unknown","unknown","https://doi.org/10.5194/essd-6-117-2014","DOI","LIT","F13-032","ARDUOUS-26045","F13-032","leaf","plant",NA,"France",-2.29,47.39
"755","F13-033","","SRM987",0.71023,"TIMS","bulk solid","bulk solid",4e-05,"organism : plant : plant tissue : leaf","","","","","other","","","field","M. Willmes","malte.willmes@gmail.com","","","","","","","Willmes et al. (2014)- The IRHUM (Isotopic Reconstruction of Human Migration) database - bioavailable strontium isotope ratios for geochemical fingerprinting in France. Earth Syst Sci Data, 6.",NA,NA,0.713373,NA,"unknown","unknown","https://doi.org/10.5194/essd-6-117-2014","DOI","LIT","F13-033","ARDUOUS-26046","F13-033","leaf","plant",NA,"France",-2.31,47.44
"756","F13-034","","SRM987",0.71023,"TIMS","bulk solid","bulk solid",4e-05,"organism : plant : plant tissue : leaf","","","","","other","","","field","M. Willmes","malte.willmes@gmail.com","","","Hedera","genus","","","Willmes et al. (2014)- The IRHUM (Isotopic Reconstruction of Human Migration) database - bioavailable strontium isotope ratios for geochemical fingerprinting in France. Earth Syst Sci Data, 6.",NA,NA,0.711966,NA,"unknown","unknown","https://doi.org/10.5194/essd-6-117-2014","DOI","LIT","F13-034","ARDUOUS-26047","F13-034","leaf","plant",NA,"France",-3.03,47.78
"757","F13-034","","SRM987",0.71023,"TIMS","bulk solid","bulk solid",4e-05,"organism : plant : plant tissue : leaf","","","","","other","","","field","M. Willmes","malte.willmes@gmail.com","","","","","","","Willmes et al. (2014)- The IRHUM (Isotopic Reconstruction of Human Migration) database - bioavailable strontium isotope ratios for geochemical fingerprinting in France. Earth Syst Sci Data, 6.",NA,NA,0.71257,NA,"unknown","unknown","https://doi.org/10.5194/essd-6-117-2014","DOI","LIT","F13-034","ARDUOUS-26048","F13-034","leaf","plant",NA,"France",-3.03,47.78
"758","F13-035","","SRM987",0.71023,"TIMS","bulk solid","bulk solid",4e-05,"organism : plant : plant tissue : leaf","","","","","other","","","field","M. Willmes","malte.willmes@gmail.com","","","","","","","Willmes et al. (2014)- The IRHUM (Isotopic Reconstruction of Human Migration) database - bioavailable strontium isotope ratios for geochemical fingerprinting in France. Earth Syst Sci Data, 6.",NA,NA,0.712239,NA,"unknown","unknown","https://doi.org/10.5194/essd-6-117-2014","DOI","LIT","F13-035","ARDUOUS-26049","F13-035","leaf","plant",NA,"France",-3.06,47.8
"759","F13-035","","SRM987",0.71023,"TIMS","bulk solid","bulk solid",4e-05,"organism : plant : plant tissue : leaf","","","","","other","","","field","M. Willmes","malte.willmes@gmail.com","","","","","","","Willmes et al. (2014)- The IRHUM (Isotopic Reconstruction of Human Migration) database - bioavailable strontium isotope ratios for geochemical fingerprinting in France. Earth Syst Sci Data, 6.",NA,NA,0.713301,NA,"unknown","unknown","https://doi.org/10.5194/essd-6-117-2014","DOI","LIT","F13-035","ARDUOUS-26050","F13-035","leaf","plant",NA,"France",-3.06,47.8
"760","F13-038","","SRM987",0.71023,"TIMS","bulk solid","bulk solid",4e-05,"organism : plant : plant tissue : leaf","","","","","other","","","field","M. Willmes","malte.willmes@gmail.com","","","","","","","Willmes et al. (2014)- The IRHUM (Isotopic Reconstruction of Human Migration) database - bioavailable strontium isotope ratios for geochemical fingerprinting in France. Earth Syst Sci Data, 6.",NA,NA,0.711727,NA,"unknown","unknown","https://doi.org/10.5194/essd-6-117-2014","DOI","LIT","F13-038","ARDUOUS-26051","F13-038","leaf","plant",NA,"France",-2.85,48.35
"761","F13-039","","SRM987",0.71023,"TIMS","bulk solid","bulk solid",4e-05,"organism : plant : plant tissue : leaf","","","","","other","","","field","M. Willmes","malte.willmes@gmail.com","","","","","","","Willmes et al. (2014)- The IRHUM (Isotopic Reconstruction of Human Migration) database - bioavailable strontium isotope ratios for geochemical fingerprinting in France. Earth Syst Sci Data, 6.",NA,NA,0.715553,NA,"unknown","unknown","https://doi.org/10.5194/essd-6-117-2014","DOI","LIT","F13-039","ARDUOUS-26052","F13-039","leaf","plant",NA,"France",-2.9,48.38
"762","F13-040","","SRM987",0.71023,"TIMS","bulk solid","bulk solid",4e-05,"organism : plant : plant tissue : leaf","","","","","other","","","field","M. Willmes","malte.willmes@gmail.com","","","","","","","Willmes et al. (2014)- The IRHUM (Isotopic Reconstruction of Human Migration) database - bioavailable strontium isotope ratios for geochemical fingerprinting in France. Earth Syst Sci Data, 6.",NA,NA,0.711415,NA,"unknown","unknown","https://doi.org/10.5194/essd-6-117-2014","DOI","LIT","F13-040","ARDUOUS-26053","F13-040","leaf","plant",NA,"France",-2.93,48.42
"763","F13-042","","SRM987",0.71023,"TIMS","bulk solid","bulk solid",4e-05,"organism : plant : plant tissue : leaf","","","","","other","","","field","M. Willmes","malte.willmes@gmail.com","","","","","","","Willmes et al. (2014)- The IRHUM (Isotopic Reconstruction of Human Migration) database - bioavailable strontium isotope ratios for geochemical fingerprinting in France. Earth Syst Sci Data, 6.",NA,NA,0.708783,NA,"unknown","unknown","https://doi.org/10.5194/essd-6-117-2014","DOI","LIT","F13-042","ARDUOUS-26054","F13-042","leaf","plant",NA,"France",-2.59,48.54
"764","F13-042","","SRM987",0.71023,"TIMS","bulk solid","bulk solid",4e-05,"organism : plant : plant tissue : leaf","","","","","other","","","field","M. Willmes","malte.willmes@gmail.com","","","","","","","Willmes et al. (2014)- The IRHUM (Isotopic Reconstruction of Human Migration) database - bioavailable strontium isotope ratios for geochemical fingerprinting in France. Earth Syst Sci Data, 6.",NA,NA,0.709247,NA,"unknown","unknown","https://doi.org/10.5194/essd-6-117-2014","DOI","LIT","F13-042","ARDUOUS-26055","F13-042","leaf","plant",NA,"France",-2.59,48.54
"765","F13-043","","SRM987",0.71023,"TIMS","bulk solid","bulk solid",4e-05,"organism : plant : plant tissue : leaf","","","","","other","","","field","M. Willmes","malte.willmes@gmail.com","","","","","","","Willmes et al. (2014)- The IRHUM (Isotopic Reconstruction of Human Migration) database - bioavailable strontium isotope ratios for geochemical fingerprinting in France. Earth Syst Sci Data, 6.",NA,NA,0.708581,NA,"unknown","unknown","https://doi.org/10.5194/essd-6-117-2014","DOI","LIT","F13-043","ARDUOUS-26056","F13-043","leaf","plant",NA,"France",-2.61,48.51
"766","F13-044","","SRM987",0.71023,"TIMS","bulk solid","bulk solid",4e-05,"organism : plant : plant tissue : leaf","","","","","other","","","field","M. Willmes","malte.willmes@gmail.com","","","","","","","Willmes et al. (2014)- The IRHUM (Isotopic Reconstruction of Human Migration) database - bioavailable strontium isotope ratios for geochemical fingerprinting in France. Earth Syst Sci Data, 6.",NA,NA,0.713552,NA,"unknown","unknown","https://doi.org/10.5194/essd-6-117-2014","DOI","LIT","F13-044","ARDUOUS-26057","F13-044","leaf","plant",NA,"France",-2.82,48.58
"767","F13-045","","SRM987",0.71023,"TIMS","bulk solid","bulk solid",4e-05,"organism : plant : plant tissue : leaf","","","","","other","","","field","M. Willmes","malte.willmes@gmail.com","","","","","","","Willmes et al. (2014)- The IRHUM (Isotopic Reconstruction of Human Migration) database - bioavailable strontium isotope ratios for geochemical fingerprinting in France. Earth Syst Sci Data, 6.",NA,NA,0.708441,NA,"unknown","unknown","https://doi.org/10.5194/essd-6-117-2014","DOI","LIT","F13-045","ARDUOUS-26058","F13-045","leaf","plant",NA,"France",-2.98,48.55
"768","F13-049","","SRM987",0.71023,"TIMS","bulk solid","bulk solid",4e-05,"organism : plant : plant tissue : leaf","","","","","other","","","field","M. Willmes","malte.willmes@gmail.com","","","","","","","Willmes et al. (2014)- The IRHUM (Isotopic Reconstruction of Human Migration) database - bioavailable strontium isotope ratios for geochemical fingerprinting in France. Earth Syst Sci Data, 6.",NA,NA,0.712928,NA,"unknown","unknown","https://doi.org/10.5194/essd-6-117-2014","DOI","LIT","F13-049","ARDUOUS-26059","F13-049","leaf","plant",NA,"France",-3.21,48.17
"769","F13-051","","SRM987",0.71023,"TIMS","bulk solid","bulk solid",4e-05,"organism : plant : plant tissue : leaf","","","","","other","","","field","M. Willmes","malte.willmes@gmail.com","","","","","","","Willmes et al. (2014)- The IRHUM (Isotopic Reconstruction of Human Migration) database - bioavailable strontium isotope ratios for geochemical fingerprinting in France. Earth Syst Sci Data, 6.",NA,NA,0.712272,NA,"unknown","unknown","https://doi.org/10.5194/essd-6-117-2014","DOI","LIT","F13-051","ARDUOUS-26060","F13-051","leaf","plant",NA,"France",-3.73,48.22
"770","F13-054","","SRM987",0.71023,"TIMS","bulk solid","bulk solid",4e-05,"organism : plant : plant tissue : leaf","","","","","other","","","field","M. Willmes","malte.willmes@gmail.com","","","","","","","Willmes et al. (2014)- The IRHUM (Isotopic Reconstruction of Human Migration) database - bioavailable strontium isotope ratios for geochemical fingerprinting in France. Earth Syst Sci Data, 6.",NA,NA,0.709033,NA,"unknown","unknown","https://doi.org/10.5194/essd-6-117-2014","DOI","LIT","F13-054","ARDUOUS-26061","F13-054","leaf","plant",NA,"France",-3.95,48.35
"771","F13-058","","SRM987",0.71023,"TIMS","bulk solid","bulk solid",4e-05,"organism : plant : plant tissue : leaf","","","","","other","","","field","M. Willmes","malte.willmes@gmail.com","","","","","","","Willmes et al. (2014)- The IRHUM (Isotopic Reconstruction of Human Migration) database - bioavailable strontium isotope ratios for geochemical fingerprinting in France. Earth Syst Sci Data, 6.",NA,NA,0.709141,NA,"unknown","unknown","https://doi.org/10.5194/essd-6-117-2014","DOI","LIT","F13-058","ARDUOUS-26062","F13-058","leaf","plant",NA,"France",-4.4,48.48
"772","F13-059","","SRM987",0.71023,"TIMS","bulk solid","bulk solid",4e-05,"organism : plant : plant tissue : leaf","","","","","other","","","field","M. Willmes","malte.willmes@gmail.com","","","","","","","Willmes et al. (2014)- The IRHUM (Isotopic Reconstruction of Human Migration) database - bioavailable strontium isotope ratios for geochemical fingerprinting in France. Earth Syst Sci Data, 6.",NA,NA,0.710426,NA,"unknown","unknown","https://doi.org/10.5194/essd-6-117-2014","DOI","LIT","F13-059","ARDUOUS-26063","F13-059","leaf","plant",NA,"France",-4.62,48.41
"773","F13-060","","SRM987",0.71023,"TIMS","bulk solid","bulk solid",4e-05,"organism : plant : plant tissue : leaf","","","","","other","","","field","M. Willmes","malte.willmes@gmail.com","","","","","","","Willmes et al. (2014)- The IRHUM (Isotopic Reconstruction of Human Migration) database - bioavailable strontium isotope ratios for geochemical fingerprinting in France. Earth Syst Sci Data, 6.",NA,NA,0.714651,NA,"unknown","unknown","https://doi.org/10.5194/essd-6-117-2014","DOI","LIT","F13-060","ARDUOUS-26064","F13-060","leaf","plant",NA,NA,-4.68,48.36
"774","F13-061","","SRM987",0.71023,"TIMS","bulk solid","bulk solid",4e-05,"organism : plant : plant tissue : leaf","","","","","other","","","field","M. Willmes","malte.willmes@gmail.com","","","Hedera","genus","","","Willmes et al. (2014)- The IRHUM (Isotopic Reconstruction of Human Migration) database - bioavailable strontium isotope ratios for geochemical fingerprinting in France. Earth Syst Sci Data, 6.",NA,NA,0.711307,NA,"unknown","unknown","https://doi.org/10.5194/essd-6-117-2014","DOI","LIT","F13-061","ARDUOUS-26065","F13-061","leaf","plant",NA,"France",-3.96,48.09
"775","F13-062","","SRM987",0.71023,"TIMS","bulk solid","bulk solid",4e-05,"organism : plant : plant tissue : leaf","","","","","other","","","field","M. Willmes","malte.willmes@gmail.com","","","","","","","Willmes et al. (2014)- The IRHUM (Isotopic Reconstruction of Human Migration) database - bioavailable strontium isotope ratios for geochemical fingerprinting in France. Earth Syst Sci Data, 6.",NA,NA,0.711546,NA,"unknown","unknown","https://doi.org/10.5194/essd-6-117-2014","DOI","LIT","F13-062","ARDUOUS-26066","F13-062","leaf","plant",NA,"France",-3.9,48.06
"776","F13-063","","SRM987",0.71023,"TIMS","bulk solid","bulk solid",4e-05,"organism : plant : plant tissue : leaf","","","","","other","","","field","M. Willmes","malte.willmes@gmail.com","","","","","","","Willmes et al. (2014)- The IRHUM (Isotopic Reconstruction of Human Migration) database - bioavailable strontium isotope ratios for geochemical fingerprinting in France. Earth Syst Sci Data, 6.",NA,NA,0.71338,NA,"unknown","unknown","https://doi.org/10.5194/essd-6-117-2014","DOI","LIT","F13-063","ARDUOUS-26067","F13-063","leaf","plant",NA,"France",-1.96,48.09
"777","F13-064","","SRM987",0.71023,"TIMS","bulk solid","bulk solid",4e-05,"organism : plant : plant tissue : leaf","","","","","other","","","field","M. Willmes","malte.willmes@gmail.com","","","","","","","Willmes et al. (2014)- The IRHUM (Isotopic Reconstruction of Human Migration) database - bioavailable strontium isotope ratios for geochemical fingerprinting in France. Earth Syst Sci Data, 6.",NA,NA,0.715697,NA,"unknown","unknown","https://doi.org/10.5194/essd-6-117-2014","DOI","LIT","F13-064","ARDUOUS-26068","F13-064","leaf","plant",NA,"France",-2.14,47.95
"778","F13-065","","SRM987",0.71023,"TIMS","bulk solid","bulk solid",4e-05,"organism : plant : plant tissue : leaf","","","","","other","","","field","M. Willmes","malte.willmes@gmail.com","","","","","","","Willmes et al. (2014)- The IRHUM (Isotopic Reconstruction of Human Migration) database - bioavailable strontium isotope ratios for geochemical fingerprinting in France. Earth Syst Sci Data, 6.",NA,NA,0.710247,NA,"unknown","unknown","https://doi.org/10.5194/essd-6-117-2014","DOI","LIT","F13-065","ARDUOUS-26069","F13-065","leaf","plant",NA,"France",-1.87,47.89
"779","F13-066","","SRM987",0.71023,"TIMS","bulk solid","bulk solid",4e-05,"organism : plant : plant tissue : leaf","","","","","other","","","field","M. Willmes","malte.willmes@gmail.com","","","","","","","Willmes et al. (2014)- The IRHUM (Isotopic Reconstruction of Human Migration) database - bioavailable strontium isotope ratios for geochemical fingerprinting in France. Earth Syst Sci Data, 6.",NA,NA,0.715267,NA,"unknown","unknown","https://doi.org/10.5194/essd-6-117-2014","DOI","LIT","F13-066","ARDUOUS-26070","F13-066","leaf","plant",NA,"France",-1.77,47.93
"780","F13-068","","SRM987",0.71023,"TIMS","bulk solid","bulk solid",4e-05,"organism : plant : plant tissue : leaf","","","","","other","","","field","M. Willmes","malte.willmes@gmail.com","","","","","","","Willmes et al. (2014)- The IRHUM (Isotopic Reconstruction of Human Migration) database - bioavailable strontium isotope ratios for geochemical fingerprinting in France. Earth Syst Sci Data, 6.",NA,NA,0.717033,NA,"unknown","unknown","https://doi.org/10.5194/essd-6-117-2014","DOI","LIT","F13-068","ARDUOUS-26071","F13-068","leaf","plant",NA,"France",-1.43,48.31
"781","F13-069","","SRM987",0.71023,"TIMS","bulk solid","bulk solid",4e-05,"organism : plant : plant tissue : leaf","","","","","other","","","field","M. Willmes","malte.willmes@gmail.com","","","","","","","Willmes et al. (2014)- The IRHUM (Isotopic Reconstruction of Human Migration) database - bioavailable strontium isotope ratios for geochemical fingerprinting in France. Earth Syst Sci Data, 6.",NA,NA,0.714906,NA,"unknown","unknown","https://doi.org/10.5194/essd-6-117-2014","DOI","LIT","F13-069","ARDUOUS-26072","F13-069","leaf","plant",NA,"France",-1.12,48.33
"782","F13-070","","SRM987",0.71023,"TIMS","bulk solid","bulk solid",4e-05,"organism : plant : plant tissue : leaf","","","","","other","","","field","M. Willmes","malte.willmes@gmail.com","","","","","","","Willmes et al. (2014)- The IRHUM (Isotopic Reconstruction of Human Migration) database - bioavailable strontium isotope ratios for geochemical fingerprinting in France. Earth Syst Sci Data, 6.",NA,NA,0.711367,NA,"unknown","unknown","https://doi.org/10.5194/essd-6-117-2014","DOI","LIT","F13-070","ARDUOUS-26073","F13-070","leaf","plant",NA,"France",-0.78,48.09
"783","F13-071","","SRM987",0.71023,"TIMS","bulk solid","bulk solid",4e-05,"organism : plant : plant tissue : leaf","","","","","other","","","field","M. Willmes","malte.willmes@gmail.com","","","","","","","Willmes et al. (2014)- The IRHUM (Isotopic Reconstruction of Human Migration) database - bioavailable strontium isotope ratios for geochemical fingerprinting in France. Earth Syst Sci Data, 6.",NA,NA,0.712358,NA,"unknown","unknown","https://doi.org/10.5194/essd-6-117-2014","DOI","LIT","F13-071","ARDUOUS-26074","F13-071","leaf","plant",NA,"France",-0.63,47.99
"784","F13-072","","SRM987",0.71023,"TIMS","bulk solid","bulk solid",4e-05,"organism : plant : plant tissue : leaf","","","","","other","","","field","M. Willmes","malte.willmes@gmail.com","","","","","","","Willmes et al. (2014)- The IRHUM (Isotopic Reconstruction of Human Migration) database - bioavailable strontium isotope ratios for geochemical fingerprinting in France. Earth Syst Sci Data, 6.",NA,NA,0.709783,NA,"unknown","unknown","https://doi.org/10.5194/essd-6-117-2014","DOI","LIT","F13-072","ARDUOUS-26075","F13-072","leaf","plant",NA,"France",-0.46,48.1
"785","F13-072","","SRM987",0.71023,"TIMS","bulk solid","bulk solid",4e-05,"organism : plant : plant tissue : leaf","","","","","other","","","field","M. Willmes","malte.willmes@gmail.com","","","","","","","Willmes et al. (2014)- The IRHUM (Isotopic Reconstruction of Human Migration) database - bioavailable strontium isotope ratios for geochemical fingerprinting in France. Earth Syst Sci Data, 6.",NA,NA,0.715301,NA,"unknown","unknown","https://doi.org/10.5194/essd-6-117-2014","DOI","LIT","F13-072","ARDUOUS-26076","F13-072","leaf","plant",NA,"France",-0.46,48.1
"786","F13-073","","SRM987",0.71023,"TIMS","bulk solid","bulk solid",4e-05,"organism : plant : plant tissue : leaf","","","","","other","","","field","M. Willmes","malte.willmes@gmail.com","","","","","","","Willmes et al. (2014)- The IRHUM (Isotopic Reconstruction of Human Migration) database - bioavailable strontium isotope ratios for geochemical fingerprinting in France. Earth Syst Sci Data, 6.",NA,NA,0.708849,NA,"unknown","unknown","https://doi.org/10.5194/essd-6-117-2014","DOI","LIT","F13-073","ARDUOUS-26077","F13-073","leaf","plant",NA,"France",-0.47,48.15
"787","F13-074","","SRM987",0.71023,"TIMS","bulk solid","bulk solid",4e-05,"organism : plant : plant tissue : leaf","","","","","other","","","field","M. Willmes","malte.willmes@gmail.com","","","","","","","Willmes et al. (2014)- The IRHUM (Isotopic Reconstruction of Human Migration) database - bioavailable strontium isotope ratios for geochemical fingerprinting in France. Earth Syst Sci Data, 6.",NA,NA,0.716132,NA,"unknown","unknown","https://doi.org/10.5194/essd-6-117-2014","DOI","LIT","F13-074","ARDUOUS-26078","F13-074","leaf","plant",NA,"France",-0.47,48.22
"788","F13-075","","SRM987",0.71023,"TIMS","bulk solid","bulk solid",4e-05,"organism : plant : plant tissue : leaf","","","","","other","","","field","M. Willmes","malte.willmes@gmail.com","","","","","","","Willmes et al. (2014)- The IRHUM (Isotopic Reconstruction of Human Migration) database - bioavailable strontium isotope ratios for geochemical fingerprinting in France. Earth Syst Sci Data, 6.",NA,NA,0.714893,NA,"unknown","unknown","https://doi.org/10.5194/essd-6-117-2014","DOI","LIT","F13-075","ARDUOUS-26079","F13-075","leaf","plant",NA,"France",-0.6,48.88
"789","F13-076","","SRM987",0.71023,"TIMS","bulk solid","bulk solid",4e-05,"organism : plant : plant tissue : leaf","","","","","other","","","field","M. Willmes","malte.willmes@gmail.com","","","","","","","Willmes et al. (2014)- The IRHUM (Isotopic Reconstruction of Human Migration) database - bioavailable strontium isotope ratios for geochemical fingerprinting in France. Earth Syst Sci Data, 6.",NA,NA,0.711926,NA,"unknown","unknown","https://doi.org/10.5194/essd-6-117-2014","DOI","LIT","F13-076","ARDUOUS-26080","F13-076","leaf","plant",NA,"France",-0.92,48.77
"790","F13-077","","SRM987",0.71023,"TIMS","bulk solid","bulk solid",4e-05,"organism : plant : plant tissue : leaf","","","","","other","","","field","M. Willmes","malte.willmes@gmail.com","","","","","","","Willmes et al. (2014)- The IRHUM (Isotopic Reconstruction of Human Migration) database - bioavailable strontium isotope ratios for geochemical fingerprinting in France. Earth Syst Sci Data, 6.",NA,NA,0.718675,NA,"unknown","unknown","https://doi.org/10.5194/essd-6-117-2014","DOI","LIT","F13-077","ARDUOUS-26081","F13-077","leaf","plant",NA,"France",-0.7,48.93
"791","F13-078","","SRM987",0.71023,"TIMS","bulk solid","bulk solid",4e-05,"organism : plant : plant tissue : leaf","","","","","other","","","field","M. Willmes","malte.willmes@gmail.com","","","Hedera","genus","","","Willmes et al. (2014)- The IRHUM (Isotopic Reconstruction of Human Migration) database - bioavailable strontium isotope ratios for geochemical fingerprinting in France. Earth Syst Sci Data, 6.",NA,NA,0.715245,NA,"unknown","unknown","https://doi.org/10.5194/essd-6-117-2014","DOI","LIT","F13-078","ARDUOUS-26082","F13-078","leaf","plant",NA,"France",-0.7,48.94
"792","F13-079","","SRM987",0.71023,"TIMS","bulk solid","bulk solid",4e-05,"organism : plant : plant tissue : leaf","","","","","other","","","field","M. Willmes","malte.willmes@gmail.com","","","Hedera","genus","","","Willmes et al. (2014)- The IRHUM (Isotopic Reconstruction of Human Migration) database - bioavailable strontium isotope ratios for geochemical fingerprinting in France. Earth Syst Sci Data, 6.",NA,NA,0.713293,NA,"unknown","unknown","https://doi.org/10.5194/essd-6-117-2014","DOI","LIT","F13-079","ARDUOUS-26083","F13-079","leaf","plant",NA,"France",-1.11,49.05
"793","F13-080","","SRM987",0.71023,"TIMS","bulk solid","bulk solid",4e-05,"organism : plant : plant tissue : leaf","","","","","other","","","field","M. Willmes","malte.willmes@gmail.com","","","","","","","Willmes et al. (2014)- The IRHUM (Isotopic Reconstruction of Human Migration) database - bioavailable strontium isotope ratios for geochemical fingerprinting in France. Earth Syst Sci Data, 6.",NA,NA,0.714019,NA,"unknown","unknown","https://doi.org/10.5194/essd-6-117-2014","DOI","LIT","F13-080","ARDUOUS-26084","F13-080","leaf","plant",NA,"France",-1.12,49.09
"794","F13-082","","SRM987",0.71023,"TIMS","bulk solid","bulk solid",4e-05,"organism : plant : plant tissue : leaf","","","","","other","","","field","M. Willmes","malte.willmes@gmail.com","","","","","","","Willmes et al. (2014)- The IRHUM (Isotopic Reconstruction of Human Migration) database - bioavailable strontium isotope ratios for geochemical fingerprinting in France. Earth Syst Sci Data, 6.",NA,NA,0.710387,NA,"unknown","unknown","https://doi.org/10.5194/essd-6-117-2014","DOI","LIT","F13-082","ARDUOUS-26085","F13-082","leaf","plant",NA,"France",-1.32,49.57
"795","F13-084","","SRM987",0.71023,"TIMS","bulk solid","bulk solid",4e-05,"organism : plant : plant tissue : leaf","","","","","other","","","field","M. Willmes","malte.willmes@gmail.com","","","Hedera","genus","","","Willmes et al. (2014)- The IRHUM (Isotopic Reconstruction of Human Migration) database - bioavailable strontium isotope ratios for geochemical fingerprinting in France. Earth Syst Sci Data, 6.",NA,NA,0.714779,NA,"unknown","unknown","https://doi.org/10.5194/essd-6-117-2014","DOI","LIT","F13-084","ARDUOUS-26086","F13-084","leaf","plant",NA,"France",-1.4,49.68
"796","F13-086","","SRM987",0.71023,"TIMS","bulk solid","bulk solid",4e-05,"organism : plant : plant tissue : leaf","","","","","other","","","field","M. Willmes","malte.willmes@gmail.com","","","","","","","Willmes et al. (2014)- The IRHUM (Isotopic Reconstruction of Human Migration) database - bioavailable strontium isotope ratios for geochemical fingerprinting in France. Earth Syst Sci Data, 6.",NA,NA,0.70963,NA,"unknown","unknown","https://doi.org/10.5194/essd-6-117-2014","DOI","LIT","F13-086","ARDUOUS-26088","F13-086","leaf","plant",NA,"France",3.98,49.93
"797","F13-086","","SRM987",0.71023,"TIMS","bulk solid","bulk solid",4e-05,"organism : plant : plant tissue : leaf","","","","","other","","","field","M. Willmes","malte.willmes@gmail.com","","","","","","","Willmes et al. (2014)- The IRHUM (Isotopic Reconstruction of Human Migration) database - bioavailable strontium isotope ratios for geochemical fingerprinting in France. Earth Syst Sci Data, 6.",NA,NA,0.709886,NA,"unknown","unknown","https://doi.org/10.5194/essd-6-117-2014","DOI","LIT","F13-086","ARDUOUS-26089","F13-086","leaf","plant",NA,"France",3.98,49.93
"798","F13-087","","SRM987",0.71023,"TIMS","bulk solid","bulk solid",4e-05,"organism : plant : plant tissue : leaf","","","","","other","","","field","M. Willmes","malte.willmes@gmail.com","","","","","","","Willmes et al. (2014)- The IRHUM (Isotopic Reconstruction of Human Migration) database - bioavailable strontium isotope ratios for geochemical fingerprinting in France. Earth Syst Sci Data, 6.",NA,NA,0.708077,NA,"unknown","unknown","https://doi.org/10.5194/essd-6-117-2014","DOI","LIT","F13-087","ARDUOUS-26090","F13-087","leaf","plant",NA,"France",3.91,49.95
"799","F13-092","","SRM987",0.71023,"TIMS","bulk solid","bulk solid",4e-05,"organism : plant : plant tissue : leaf","","","","","other","","","field","M. Willmes","malte.willmes@gmail.com","","","","","","","Willmes et al. (2014)- The IRHUM (Isotopic Reconstruction of Human Migration) database - bioavailable strontium isotope ratios for geochemical fingerprinting in France. Earth Syst Sci Data, 6.",NA,NA,0.712317,NA,"unknown","unknown","https://doi.org/10.5194/essd-6-117-2014","DOI","LIT","F13-092","ARDUOUS-26094","F13-092","leaf","plant",NA,"France",4.51,49.86
"800","F13-093","","SRM987",0.71023,"TIMS","bulk solid","bulk solid",4e-05,"organism : plant : plant tissue : leaf","","","","","other","","","field","M. Willmes","malte.willmes@gmail.com","","","","","","","Willmes et al. (2014)- The IRHUM (Isotopic Reconstruction of Human Migration) database - bioavailable strontium isotope ratios for geochemical fingerprinting in France. Earth Syst Sci Data, 6.",NA,NA,0.71056,NA,"unknown","unknown","https://doi.org/10.5194/essd-6-117-2014","DOI","LIT","F13-093","ARDUOUS-26095","F13-093","leaf","plant",NA,"France",5.01,49.73
"801","F13-095","","SRM987",0.71023,"TIMS","bulk solid","bulk solid",4e-05,"organism : plant : plant tissue : leaf","","","","","other","","","field","M. Willmes","malte.willmes@gmail.com","","","Hedera","genus","","","Willmes et al. (2014)- The IRHUM (Isotopic Reconstruction of Human Migration) database - bioavailable strontium isotope ratios for geochemical fingerprinting in France. Earth Syst Sci Data, 6.",NA,NA,0.7086,NA,"unknown","unknown","https://doi.org/10.5194/essd-6-117-2014","DOI","LIT","F13-095","ARDUOUS-26097","F13-095","leaf","plant",NA,"France",5.11,49.58
"802","F13-096","","SRM987",0.71023,"TIMS","bulk solid","bulk solid",4e-05,"organism : plant : plant tissue : leaf","","","","","other","","","field","M. Willmes","malte.willmes@gmail.com","","","","","","","Willmes et al. (2014)- The IRHUM (Isotopic Reconstruction of Human Migration) database - bioavailable strontium isotope ratios for geochemical fingerprinting in France. Earth Syst Sci Data, 6.",NA,NA,0.708746,NA,"unknown","unknown","https://doi.org/10.5194/essd-6-117-2014","DOI","LIT","F13-096","ARDUOUS-26098","F13-096","leaf","plant",NA,"France",5.59,49.46
"803","F13-097","","SRM987",0.71023,"TIMS","bulk solid","bulk solid",4e-05,"organism : plant : plant tissue : leaf","","","","","other","","","field","M. Willmes","malte.willmes@gmail.com","","","","","","","Willmes et al. (2014)- The IRHUM (Isotopic Reconstruction of Human Migration) database - bioavailable strontium isotope ratios for geochemical fingerprinting in France. Earth Syst Sci Data, 6.",NA,NA,0.709297,NA,"unknown","unknown","https://doi.org/10.5194/essd-6-117-2014","DOI","LIT","F13-097","ARDUOUS-26099","F13-097","leaf","plant",NA,"France",6.26,49.32
"804","F13-098","","SRM987",0.71023,"TIMS","bulk solid","bulk solid",4e-05,"organism : plant : plant tissue : leaf","","","","","other","","","field","M. Willmes","malte.willmes@gmail.com","","","","","","","Willmes et al. (2014)- The IRHUM (Isotopic Reconstruction of Human Migration) database - bioavailable strontium isotope ratios for geochemical fingerprinting in France. Earth Syst Sci Data, 6.",NA,NA,0.713072,NA,"unknown","unknown","https://doi.org/10.5194/essd-6-117-2014","DOI","LIT","F13-098","ARDUOUS-26100","F13-098","leaf","plant",NA,"France",6.5,49.31
"805","F13-103","","SRM987",0.71023,"TIMS","bulk solid","bulk solid",4e-05,"organism : plant : plant tissue : leaf","","","","","other","","","field","M. Willmes","malte.willmes@gmail.com","","","","","","","Willmes et al. (2014)- The IRHUM (Isotopic Reconstruction of Human Migration) database - bioavailable strontium isotope ratios for geochemical fingerprinting in France. Earth Syst Sci Data, 6.",NA,NA,0.711537,NA,"unknown","unknown","https://doi.org/10.5194/essd-6-117-2014","DOI","LIT","F13-103","ARDUOUS-26104","F13-103","leaf","plant",NA,"France",7.34,48.75
"806","F13-104","","SRM987",0.71023,"TIMS","bulk solid","bulk solid",4e-05,"organism : plant : plant tissue : leaf","","","","","other","","","field","M. Willmes","malte.willmes@gmail.com","","","","","","","Willmes et al. (2014)- The IRHUM (Isotopic Reconstruction of Human Migration) database - bioavailable strontium isotope ratios for geochemical fingerprinting in France. Earth Syst Sci Data, 6.",NA,NA,0.716248,NA,"unknown","unknown","https://doi.org/10.5194/essd-6-117-2014","DOI","LIT","F13-104","ARDUOUS-26105","F13-104","leaf","plant",NA,"France",7.16,48.08
"807","F13-105","","SRM987",0.71023,"TIMS","bulk solid","bulk solid",4e-05,"organism : plant : plant tissue : leaf","","","","","other","","","field","M. Willmes","malte.willmes@gmail.com","","","","","","","Willmes et al. (2014)- The IRHUM (Isotopic Reconstruction of Human Migration) database - bioavailable strontium isotope ratios for geochemical fingerprinting in France. Earth Syst Sci Data, 6.",NA,NA,0.7222,NA,"unknown","unknown","https://doi.org/10.5194/essd-6-117-2014","DOI","LIT","F13-105","ARDUOUS-26106","F13-105","leaf","plant",NA,"France",7.13,48.07
"808","F13-106","","SRM987",0.71023,"TIMS","bulk solid","bulk solid",4e-05,"organism : plant : plant tissue : leaf","","","","","other","","","field","M. Willmes","malte.willmes@gmail.com","","","","","","","Willmes et al. (2014)- The IRHUM (Isotopic Reconstruction of Human Migration) database - bioavailable strontium isotope ratios for geochemical fingerprinting in France. Earth Syst Sci Data, 6.",NA,NA,0.718454,NA,"unknown","unknown","https://doi.org/10.5194/essd-6-117-2014","DOI","LIT","F13-106","ARDUOUS-26107","F13-106","leaf","plant",NA,"France",7.13,48.05
"809","F13-107","","SRM987",0.71023,"TIMS","bulk solid","bulk solid",4e-05,"organism : plant : plant tissue : leaf","","","","","other","","","field","M. Willmes","malte.willmes@gmail.com","","","","","","","Willmes et al. (2014)- The IRHUM (Isotopic Reconstruction of Human Migration) database - bioavailable strontium isotope ratios for geochemical fingerprinting in France. Earth Syst Sci Data, 6.",NA,NA,0.715015,NA,"unknown","unknown","https://doi.org/10.5194/essd-6-117-2014","DOI","LIT","F13-107","ARDUOUS-26108","F13-107","leaf","plant",NA,"France",7.07,48.02
"810","F13-108","","SRM987",0.71023,"TIMS","bulk solid","bulk solid",4e-05,"organism : plant : plant tissue : leaf","","","","","other","","","field","M. Willmes","malte.willmes@gmail.com","","","","","","","Willmes et al. (2014)- The IRHUM (Isotopic Reconstruction of Human Migration) database - bioavailable strontium isotope ratios for geochemical fingerprinting in France. Earth Syst Sci Data, 6.",NA,NA,0.709264,NA,"unknown","unknown","https://doi.org/10.5194/essd-6-117-2014","DOI","LIT","F13-108","ARDUOUS-26109","F13-108","leaf","plant",NA,"France",7.07,47.99
"811","F13-109","","SRM987",0.71023,"TIMS","bulk solid","bulk solid",4e-05,"organism : plant : plant tissue : leaf","","","","","other","","","field","M. Willmes","malte.willmes@gmail.com","","","","","","","Willmes et al. (2014)- The IRHUM (Isotopic Reconstruction of Human Migration) database - bioavailable strontium isotope ratios for geochemical fingerprinting in France. Earth Syst Sci Data, 6.",NA,NA,0.71253,NA,"unknown","unknown","https://doi.org/10.5194/essd-6-117-2014","DOI","LIT","F13-109","ARDUOUS-26110","F13-109","leaf","plant",NA,"France",7.02,47.94
"812","F13-110","","SRM987",0.71023,"TIMS","bulk solid","bulk solid",4e-05,"organism : plant : plant tissue : leaf","","","","","other","","","field","M. Willmes","malte.willmes@gmail.com","","","","","","","Willmes et al. (2014)- The IRHUM (Isotopic Reconstruction of Human Migration) database - bioavailable strontium isotope ratios for geochemical fingerprinting in France. Earth Syst Sci Data, 6.",NA,NA,0.710453,NA,"unknown","unknown","https://doi.org/10.5194/essd-6-117-2014","DOI","LIT","F13-110","ARDUOUS-26111","F13-110","leaf","plant",NA,"France",7.19,47.92
"813","F13-111","","SRM987",0.71023,"TIMS","bulk solid","bulk solid",4e-05,"organism : plant : plant tissue : leaf","","","","","other","","","field","M. Willmes","malte.willmes@gmail.com","","","Trifolieae","tribe","","","Willmes et al. (2014)- The IRHUM (Isotopic Reconstruction of Human Migration) database - bioavailable strontium isotope ratios for geochemical fingerprinting in France. Earth Syst Sci Data, 6.",NA,NA,0.711444,NA,"unknown","unknown","https://doi.org/10.5194/essd-6-117-2014","DOI","LIT","F13-111","ARDUOUS-26112","F13-111","leaf","plant",NA,"France",7.32,47.91
"814","F13-112","","SRM987",0.71023,"TIMS","bulk solid","bulk solid",4e-05,"organism : plant : plant tissue : leaf","","","","","other","","","field","M. Willmes","malte.willmes@gmail.com","","","","","","","Willmes et al. (2014)- The IRHUM (Isotopic Reconstruction of Human Migration) database - bioavailable strontium isotope ratios for geochemical fingerprinting in France. Earth Syst Sci Data, 6.",NA,NA,0.709851,NA,"unknown","unknown","https://doi.org/10.5194/essd-6-117-2014","DOI","LIT","F13-112","ARDUOUS-26113","F13-112","leaf","plant",NA,"France",7.21,47.73
"815","F13-113","","SRM987",0.71023,"TIMS","bulk solid","bulk solid",4e-05,"organism : plant : plant tissue : leaf","","","","","other","","","field","M. Willmes","malte.willmes@gmail.com","","","","","","","Willmes et al. (2014)- The IRHUM (Isotopic Reconstruction of Human Migration) database - bioavailable strontium isotope ratios for geochemical fingerprinting in France. Earth Syst Sci Data, 6.",NA,NA,0.709679,NA,"unknown","unknown","https://doi.org/10.5194/essd-6-117-2014","DOI","LIT","F13-113","ARDUOUS-26114","F13-113","leaf","plant",NA,"France",7.12,47.66
"816","F13-113","","SRM987",0.71023,"TIMS","bulk solid","bulk solid",4e-05,"organism : plant : plant tissue : leaf","","","","","other","","","field","M. Willmes","malte.willmes@gmail.com","","","","","","","Willmes et al. (2014)- The IRHUM (Isotopic Reconstruction of Human Migration) database - bioavailable strontium isotope ratios for geochemical fingerprinting in France. Earth Syst Sci Data, 6.",NA,NA,0.710257,NA,"unknown","unknown","https://doi.org/10.5194/essd-6-117-2014","DOI","LIT","F13-113","ARDUOUS-26115","F13-113","leaf","plant",NA,"France",7.12,47.66
"817","F13-114","","SRM987",0.71023,"TIMS","bulk solid","bulk solid",4e-05,"organism : plant : plant tissue : leaf","","","","","other","","","field","M. Willmes","malte.willmes@gmail.com","","","","","","","Willmes et al. (2014)- The IRHUM (Isotopic Reconstruction of Human Migration) database - bioavailable strontium isotope ratios for geochemical fingerprinting in France. Earth Syst Sci Data, 6.",NA,NA,0.711266,NA,"unknown","unknown","https://doi.org/10.5194/essd-6-117-2014","DOI","LIT","F13-114","ARDUOUS-26116","F13-114","leaf","plant",NA,"France",7.05,47.64
"818","F13-114","","SRM987",0.71023,"TIMS","bulk solid","bulk solid",4e-05,"organism : plant : plant tissue : leaf","","","","","other","","","field","M. Willmes","malte.willmes@gmail.com","","","","","","","Willmes et al. (2014)- The IRHUM (Isotopic Reconstruction of Human Migration) database - bioavailable strontium isotope ratios for geochemical fingerprinting in France. Earth Syst Sci Data, 6.",NA,NA,0.711291,NA,"unknown","unknown","https://doi.org/10.5194/essd-6-117-2014","DOI","LIT","F13-114","ARDUOUS-26117","F13-114","leaf","plant",NA,"France",7.05,47.64
"819","F13-117","","SRM987",0.71023,"TIMS","bulk solid","bulk solid",4e-05,"organism : plant : plant tissue : leaf","","","","","other","","","field","M. Willmes","malte.willmes@gmail.com","","","","","","","Willmes et al. (2014)- The IRHUM (Isotopic Reconstruction of Human Migration) database - bioavailable strontium isotope ratios for geochemical fingerprinting in France. Earth Syst Sci Data, 6.",NA,NA,0.713346,NA,"unknown","unknown","https://doi.org/10.5194/essd-6-117-2014","DOI","LIT","F13-117","ARDUOUS-26118","F13-117","leaf","plant",NA,"France",6.73,47.7
"820","F13-119","","SRM987",0.71023,"TIMS","bulk solid","bulk solid",4e-05,"organism : plant : plant tissue : leaf","","","","","other","","","field","M. Willmes","malte.willmes@gmail.com","","","","","","","Willmes et al. (2014)- The IRHUM (Isotopic Reconstruction of Human Migration) database - bioavailable strontium isotope ratios for geochemical fingerprinting in France. Earth Syst Sci Data, 6.",NA,NA,0.717448,NA,"unknown","unknown","https://doi.org/10.5194/essd-6-117-2014","DOI","LIT","F13-119","ARDUOUS-26119","F13-119","leaf","plant",NA,"France",7.35,48.32
"821","F13-120","","SRM987",0.71023,"TIMS","bulk solid","bulk solid",4e-05,"organism : plant : plant tissue : leaf","","","","","other","","","field","M. Willmes","malte.willmes@gmail.com","","","","","","","Willmes et al. (2014)- The IRHUM (Isotopic Reconstruction of Human Migration) database - bioavailable strontium isotope ratios for geochemical fingerprinting in France. Earth Syst Sci Data, 6.",NA,NA,0.716987,NA,"unknown","unknown","https://doi.org/10.5194/essd-6-117-2014","DOI","LIT","F13-120","ARDUOUS-26120","F13-120","leaf","plant",NA,"France",7.29,48.35
"822","F13-121","","SRM987",0.71023,"TIMS","bulk solid","bulk solid",4e-05,"organism : plant : plant tissue : leaf","","","","","other","","","field","M. Willmes","malte.willmes@gmail.com","","","","","","","Willmes et al. (2014)- The IRHUM (Isotopic Reconstruction of Human Migration) database - bioavailable strontium isotope ratios for geochemical fingerprinting in France. Earth Syst Sci Data, 6.",NA,NA,0.714787,NA,"unknown","unknown","https://doi.org/10.5194/essd-6-117-2014","DOI","LIT","F13-121","ARDUOUS-26121","F13-121","leaf","plant",NA,"France",7.29,48.37
"823","F13-122","","SRM987",0.71023,"TIMS","bulk solid","bulk solid",4e-05,"organism : plant : plant tissue : leaf","","","","","other","","","field","M. Willmes","malte.willmes@gmail.com","","","","","","","Willmes et al. (2014)- The IRHUM (Isotopic Reconstruction of Human Migration) database - bioavailable strontium isotope ratios for geochemical fingerprinting in France. Earth Syst Sci Data, 6.",NA,NA,0.709258,NA,"unknown","unknown","https://doi.org/10.5194/essd-6-117-2014","DOI","LIT","F13-122","ARDUOUS-26122","F13-122","leaf","plant",NA,"France",7.29,48.38
"824","F13-124","","SRM987",0.71023,"TIMS","bulk solid","bulk solid",4e-05,"organism : plant : plant tissue : leaf","","","","","other","","","field","M. Willmes","malte.willmes@gmail.com","","","","","","","Willmes et al. (2014)- The IRHUM (Isotopic Reconstruction of Human Migration) database - bioavailable strontium isotope ratios for geochemical fingerprinting in France. Earth Syst Sci Data, 6.",NA,NA,0.70894,NA,"unknown","unknown","https://doi.org/10.5194/essd-6-117-2014","DOI","LIT","F13-124","ARDUOUS-26123","F13-124","leaf","plant",NA,"France",6.95,48.08
"825","F13-125","","SRM987",0.71023,"TIMS","bulk solid","bulk solid",4e-05,"organism : plant : plant tissue : leaf","","","","","other","","","field","M. Willmes","malte.willmes@gmail.com","","","","","","","Willmes et al. (2014)- The IRHUM (Isotopic Reconstruction of Human Migration) database - bioavailable strontium isotope ratios for geochemical fingerprinting in France. Earth Syst Sci Data, 6.",NA,NA,0.713535,NA,"unknown","unknown","https://doi.org/10.5194/essd-6-117-2014","DOI","LIT","F13-125","ARDUOUS-26124","F13-125","leaf","plant",NA,"France",6.87,48.16
"826","F13-126","","SRM987",0.71023,"TIMS","bulk solid","bulk solid",4e-05,"organism : plant : plant tissue : leaf","","","","","other","","","field","M. Willmes","malte.willmes@gmail.com","","","","","","","Willmes et al. (2014)- The IRHUM (Isotopic Reconstruction of Human Migration) database - bioavailable strontium isotope ratios for geochemical fingerprinting in France. Earth Syst Sci Data, 6.",NA,NA,0.715192,NA,"unknown","unknown","https://doi.org/10.5194/essd-6-117-2014","DOI","LIT","F13-126","ARDUOUS-26125","F13-126","leaf","plant",NA,"France",6.89,48.21
"827","F13-126","","SRM987",0.71023,"TIMS","bulk solid","bulk solid",4e-05,"organism : plant : plant tissue : leaf","","","","","other","","","field","M. Willmes","malte.willmes@gmail.com","","","","","","","Willmes et al. (2014)- The IRHUM (Isotopic Reconstruction of Human Migration) database - bioavailable strontium isotope ratios for geochemical fingerprinting in France. Earth Syst Sci Data, 6.",NA,NA,0.71568,NA,"unknown","unknown","https://doi.org/10.5194/essd-6-117-2014","DOI","LIT","F13-126","ARDUOUS-26126","F13-126","leaf","plant",NA,"France",6.89,48.21
"828","F13-127","","SRM987",0.71023,"TIMS","bulk solid","bulk solid",4e-05,"organism : plant : plant tissue : leaf","","","","","other","","","field","M. Willmes","malte.willmes@gmail.com","","","","","","","Willmes et al. (2014)- The IRHUM (Isotopic Reconstruction of Human Migration) database - bioavailable strontium isotope ratios for geochemical fingerprinting in France. Earth Syst Sci Data, 6.",NA,NA,0.712293,NA,"unknown","unknown","https://doi.org/10.5194/essd-6-117-2014","DOI","LIT","F13-127","ARDUOUS-26127","F13-127","leaf","plant",NA,"France",6.85,48.28
"829","F13-129","","SRM987",0.71023,"TIMS","bulk solid","bulk solid",4e-05,"organism : plant : plant tissue : leaf","","","","","other","","","field","M. Willmes","malte.willmes@gmail.com","","","","","","","Willmes et al. (2014)- The IRHUM (Isotopic Reconstruction of Human Migration) database - bioavailable strontium isotope ratios for geochemical fingerprinting in France. Earth Syst Sci Data, 6.",NA,NA,0.714859,NA,"unknown","unknown","https://doi.org/10.5194/essd-6-117-2014","DOI","LIT","F13-129","ARDUOUS-26128","F13-129","leaf","plant",NA,"France",6.4,48.19
"830","F13-130","","SRM987",0.71023,"TIMS","bulk solid","bulk solid",4e-05,"organism : plant : plant tissue : leaf","","","","","other","","","field","M. Willmes","malte.willmes@gmail.com","","","","","","","Willmes et al. (2014)- The IRHUM (Isotopic Reconstruction of Human Migration) database - bioavailable strontium isotope ratios for geochemical fingerprinting in France. Earth Syst Sci Data, 6.",NA,NA,0.710431,NA,"unknown","unknown","https://doi.org/10.5194/essd-6-117-2014","DOI","LIT","F13-130","ARDUOUS-26129","F13-130","leaf","plant",NA,"France",6.31,48.22
"831","F13-131","","SRM987",0.71023,"TIMS","bulk solid","bulk solid",4e-05,"organism : plant : plant tissue : leaf","","","","","other","","","field","M. Willmes","malte.willmes@gmail.com","","","","","","","Willmes et al. (2014)- The IRHUM (Isotopic Reconstruction of Human Migration) database - bioavailable strontium isotope ratios for geochemical fingerprinting in France. Earth Syst Sci Data, 6.",NA,NA,0.711791,NA,"unknown","unknown","https://doi.org/10.5194/essd-6-117-2014","DOI","LIT","F13-131","ARDUOUS-26130","F13-131","leaf","plant",NA,"France",6.31,48.26
"832","F13-132","","SRM987",0.71023,"TIMS","bulk solid","bulk solid",4e-05,"organism : plant : plant tissue : leaf","","","","","other","","","field","M. Willmes","malte.willmes@gmail.com","","","","","","","Willmes et al. (2014)- The IRHUM (Isotopic Reconstruction of Human Migration) database - bioavailable strontium isotope ratios for geochemical fingerprinting in France. Earth Syst Sci Data, 6.",NA,NA,0.711141,NA,"unknown","unknown","https://doi.org/10.5194/essd-6-117-2014","DOI","LIT","F13-132","ARDUOUS-26131","F13-132","leaf","plant",NA,"France",5.36,47.05
"833","F13-132","","SRM987",0.71023,"TIMS","bulk solid","bulk solid",4e-05,"organism : plant : plant tissue : leaf","","","","","other","","","field","M. Willmes","malte.willmes@gmail.com","","","","","","","Willmes et al. (2014)- The IRHUM (Isotopic Reconstruction of Human Migration) database - bioavailable strontium isotope ratios for geochemical fingerprinting in France. Earth Syst Sci Data, 6.",NA,NA,0.712569,NA,"unknown","unknown","https://doi.org/10.5194/essd-6-117-2014","DOI","LIT","F13-132","ARDUOUS-26132","F13-132","leaf","plant",NA,"France",5.36,47.05
"834","F13-133","","SRM987",0.71023,"TIMS","bulk solid","bulk solid",4e-05,"organism : plant : plant tissue : leaf","","","","","other","","","field","M. Willmes","malte.willmes@gmail.com","","","","","","","Willmes et al. (2014)- The IRHUM (Isotopic Reconstruction of Human Migration) database - bioavailable strontium isotope ratios for geochemical fingerprinting in France. Earth Syst Sci Data, 6.",NA,NA,0.713741,NA,"unknown","unknown","https://doi.org/10.5194/essd-6-117-2014","DOI","LIT","F13-133","ARDUOUS-26133","F13-133","leaf","plant",NA,"France",5.36,46.92
"835","F13-133","","SRM987",0.71023,"TIMS","bulk solid","bulk solid",4e-05,"organism : plant : plant tissue : leaf","","","","","other","","","field","M. Willmes","malte.willmes@gmail.com","","","","","","","Willmes et al. (2014)- The IRHUM (Isotopic Reconstruction of Human Migration) database - bioavailable strontium isotope ratios for geochemical fingerprinting in France. Earth Syst Sci Data, 6.",NA,NA,0.714146,NA,"unknown","unknown","https://doi.org/10.5194/essd-6-117-2014","DOI","LIT","F13-133","ARDUOUS-26134","F13-133","leaf","plant",NA,"France",5.36,46.92
"836","F13-134","","SRM987",0.71023,"TIMS","bulk solid","bulk solid",4e-05,"organism : plant : plant tissue : leaf","","","","","other","","","field","M. Willmes","malte.willmes@gmail.com","","","","","","","Willmes et al. (2014)- The IRHUM (Isotopic Reconstruction of Human Migration) database - bioavailable strontium isotope ratios for geochemical fingerprinting in France. Earth Syst Sci Data, 6.",NA,NA,0.708032,NA,"unknown","unknown","https://doi.org/10.5194/essd-6-117-2014","DOI","LIT","F13-134","ARDUOUS-26135","F13-134","leaf","plant",NA,"France",5.38,46.95
"837","F13-135","","SRM987",0.71023,"TIMS","bulk solid","bulk solid",4e-05,"organism : plant : plant tissue : leaf","","","","","other","","","field","M. Willmes","malte.willmes@gmail.com","","","","","","","Willmes et al. (2014)- The IRHUM (Isotopic Reconstruction of Human Migration) database - bioavailable strontium isotope ratios for geochemical fingerprinting in France. Earth Syst Sci Data, 6.",NA,NA,0.709494,NA,"unknown","unknown","https://doi.org/10.5194/essd-6-117-2014","DOI","LIT","F13-135","ARDUOUS-26136","F13-135","leaf","plant",NA,"France",5.74,46.82
"838","F13-136","","SRM987",0.71023,"TIMS","bulk solid","bulk solid",4e-05,"organism : plant : plant tissue : leaf","","","","","other","","","field","M. Willmes","malte.willmes@gmail.com","","","","","","","Willmes et al. (2014)- The IRHUM (Isotopic Reconstruction of Human Migration) database - bioavailable strontium isotope ratios for geochemical fingerprinting in France. Earth Syst Sci Data, 6.",NA,NA,0.707972,NA,"unknown","unknown","https://doi.org/10.5194/essd-6-117-2014","DOI","LIT","F13-136","ARDUOUS-26137","F13-136","leaf","plant",NA,"France",5.77,46.82
"839","F13-136","","SRM987",0.71023,"TIMS","bulk solid","bulk solid",4e-05,"organism : plant : plant tissue : leaf","","","","","other","","","field","M. Willmes","malte.willmes@gmail.com","","","","","","","Willmes et al. (2014)- The IRHUM (Isotopic Reconstruction of Human Migration) database - bioavailable strontium isotope ratios for geochemical fingerprinting in France. Earth Syst Sci Data, 6.",NA,NA,0.708233,NA,"unknown","unknown","https://doi.org/10.5194/essd-6-117-2014","DOI","LIT","F13-136","ARDUOUS-26138","F13-136","leaf","plant",NA,"France",5.77,46.82
"840","F13-138","","SRM987",0.71023,"TIMS","bulk solid","bulk solid",4e-05,"organism : plant : plant tissue : leaf","","","","","other","","","field","M. Willmes","malte.willmes@gmail.com","","","","","","","Willmes et al. (2014)- The IRHUM (Isotopic Reconstruction of Human Migration) database - bioavailable strontium isotope ratios for geochemical fingerprinting in France. Earth Syst Sci Data, 6.",NA,NA,0.709134,NA,"unknown","unknown","https://doi.org/10.5194/essd-6-117-2014","DOI","LIT","F13-138","ARDUOUS-26139","F13-138","leaf","plant",NA,"France",6.01,46.79
"841","F13-139","","SRM987",0.71023,"TIMS","bulk solid","bulk solid",4e-05,"organism : plant : plant tissue : leaf","","","","","other","","","field","M. Willmes","malte.willmes@gmail.com","","","","","","","Willmes et al. (2014)- The IRHUM (Isotopic Reconstruction of Human Migration) database - bioavailable strontium isotope ratios for geochemical fingerprinting in France. Earth Syst Sci Data, 6.",NA,NA,0.708807,NA,"unknown","unknown","https://doi.org/10.5194/essd-6-117-2014","DOI","LIT","F13-139","ARDUOUS-26140","F13-139","leaf","plant",NA,"France",6,46.78
"842","F13-140","","SRM987",0.71023,"TIMS","bulk solid","bulk solid",4e-05,"organism : plant : plant tissue : leaf","","","","","other","","","field","M. Willmes","malte.willmes@gmail.com","","","","","","","Willmes et al. (2014)- The IRHUM (Isotopic Reconstruction of Human Migration) database - bioavailable strontium isotope ratios for geochemical fingerprinting in France. Earth Syst Sci Data, 6.",NA,NA,0.708396,NA,"unknown","unknown","https://doi.org/10.5194/essd-6-117-2014","DOI","LIT","F13-140","ARDUOUS-26141","F13-140","leaf","plant",NA,"France",6.1,46.81
"843","F13-141","","SRM987",0.71023,"TIMS","bulk solid","bulk solid",4e-05,"organism : plant : plant tissue : leaf","","","","","other","","","field","M. Willmes","malte.willmes@gmail.com","","","","","","","Willmes et al. (2014)- The IRHUM (Isotopic Reconstruction of Human Migration) database - bioavailable strontium isotope ratios for geochemical fingerprinting in France. Earth Syst Sci Data, 6.",NA,NA,0.70756,NA,"unknown","unknown","https://doi.org/10.5194/essd-6-117-2014","DOI","LIT","F13-141","ARDUOUS-26142","F13-141","leaf","plant",NA,"France",6.37,47.31
"844","F13-145","","SRM987",0.71023,"TIMS","bulk solid","bulk solid",4e-05,"organism : plant : plant tissue : leaf","","","","","other","","","field","M. Willmes","malte.willmes@gmail.com","","","","","","","Willmes et al. (2014)- The IRHUM (Isotopic Reconstruction of Human Migration) database - bioavailable strontium isotope ratios for geochemical fingerprinting in France. Earth Syst Sci Data, 6.",NA,NA,0.709354,NA,"unknown","unknown","https://doi.org/10.5194/essd-6-117-2014","DOI","LIT","F13-145","ARDUOUS-26148","F13-145","leaf","plant",NA,"France",6.59,46.07
"845","F13-146","","SRM987",0.71023,"TIMS","bulk solid","bulk solid",4e-05,"organism : plant : plant tissue : leaf","","","","","other","","","field","M. Willmes","malte.willmes@gmail.com","","","","","","","Willmes et al. (2014)- The IRHUM (Isotopic Reconstruction of Human Migration) database - bioavailable strontium isotope ratios for geochemical fingerprinting in France. Earth Syst Sci Data, 6.",NA,NA,0.708434,NA,"unknown","unknown","https://doi.org/10.5194/essd-6-117-2014","DOI","LIT","F13-146","ARDUOUS-26149","F13-146","leaf","plant",NA,"France",6.56,46.09
"846","F13-147","","SRM987",0.71023,"TIMS","bulk solid","bulk solid",4e-05,"organism : plant : plant tissue : leaf","","","","","other","","","field","M. Willmes","malte.willmes@gmail.com","","","","","","","Willmes et al. (2014)- The IRHUM (Isotopic Reconstruction of Human Migration) database - bioavailable strontium isotope ratios for geochemical fingerprinting in France. Earth Syst Sci Data, 6.",NA,NA,0.713725,NA,"unknown","unknown","https://doi.org/10.5194/essd-6-117-2014","DOI","LIT","F13-147","ARDUOUS-26150","F13-147","leaf","plant",NA,"France",6.76,45.92
"847","F13-148","","SRM987",0.71023,"TIMS","bulk solid","bulk solid",4e-05,"organism : plant : plant tissue : leaf","","","","","other","","","field","M. Willmes","malte.willmes@gmail.com","","","","","","","Willmes et al. (2014)- The IRHUM (Isotopic Reconstruction of Human Migration) database - bioavailable strontium isotope ratios for geochemical fingerprinting in France. Earth Syst Sci Data, 6.",NA,NA,0.710506,NA,"unknown","unknown","https://doi.org/10.5194/essd-6-117-2014","DOI","LIT","F13-148","ARDUOUS-26151","F13-148","leaf","plant",NA,"France",6.93,45.97
"848","F13-149","","SRM987",0.71023,"TIMS","bulk solid","bulk solid",4e-05,"organism : plant : plant tissue : leaf","","","","","other","","","field","M. Willmes","malte.willmes@gmail.com","","","","","","","Willmes et al. (2014)- The IRHUM (Isotopic Reconstruction of Human Migration) database - bioavailable strontium isotope ratios for geochemical fingerprinting in France. Earth Syst Sci Data, 6.",NA,NA,0.714673,NA,"unknown","unknown","https://doi.org/10.5194/essd-6-117-2014","DOI","LIT","F13-149","ARDUOUS-26152","F13-149","leaf","plant",NA,"France",6.92,46
"849","F13-150","","SRM987",0.71023,"TIMS","bulk solid","bulk solid",4e-05,"organism : plant : plant tissue : leaf","","","","","other","","","field","M. Willmes","malte.willmes@gmail.com","","","","","","","Willmes et al. (2014)- The IRHUM (Isotopic Reconstruction of Human Migration) database - bioavailable strontium isotope ratios for geochemical fingerprinting in France. Earth Syst Sci Data, 6.",NA,NA,0.711779,NA,"unknown","unknown","https://doi.org/10.5194/essd-6-117-2014","DOI","LIT","F13-150","ARDUOUS-26153","F13-150","leaf","plant",NA,"France",6.94,46.05
"850","F13-151","","SRM987",0.71023,"TIMS","bulk solid","bulk solid",4e-05,"organism : plant : plant tissue : leaf","","","","","other","","","field","M. Willmes","malte.willmes@gmail.com","","","","","","","Willmes et al. (2014)- The IRHUM (Isotopic Reconstruction of Human Migration) database - bioavailable strontium isotope ratios for geochemical fingerprinting in France. Earth Syst Sci Data, 6.",NA,NA,0.71242,NA,"unknown","unknown","https://doi.org/10.5194/essd-6-117-2014","DOI","LIT","F13-151","ARDUOUS-26154","F13-151","leaf","plant",NA,"France",5.49,46.7
"851","F13-152","","SRM987",0.71023,"TIMS","bulk solid","bulk solid",4e-05,"organism : plant : plant tissue : leaf","","","","","other","","","field","M. Willmes","malte.willmes@gmail.com","","","","","","","Willmes et al. (2014)- The IRHUM (Isotopic Reconstruction of Human Migration) database - bioavailable strontium isotope ratios for geochemical fingerprinting in France. Earth Syst Sci Data, 6.",NA,NA,0.711286,NA,"unknown","unknown","https://doi.org/10.5194/essd-6-117-2014","DOI","LIT","F13-152","ARDUOUS-26155","F13-152","leaf","plant",NA,"France",5.19,46.59
"852","F13-153","","SRM987",0.71023,"TIMS","bulk solid","bulk solid",4e-05,"organism : plant : plant tissue : leaf","","","","","other","","","field","M. Willmes","malte.willmes@gmail.com","","","","","","","Willmes et al. (2014)- The IRHUM (Isotopic Reconstruction of Human Migration) database - bioavailable strontium isotope ratios for geochemical fingerprinting in France. Earth Syst Sci Data, 6.",NA,NA,0.710476,NA,"unknown","unknown","https://doi.org/10.5194/essd-6-117-2014","DOI","LIT","F13-153","ARDUOUS-26156","F13-153","leaf","plant",NA,"France",4.93,46.35
"853","F13-154","","SRM987",0.71023,"TIMS","bulk solid","bulk solid",4e-05,"organism : plant : plant tissue : leaf","","","","","other","","","field","M. Willmes","malte.willmes@gmail.com","","","","","","","Willmes et al. (2014)- The IRHUM (Isotopic Reconstruction of Human Migration) database - bioavailable strontium isotope ratios for geochemical fingerprinting in France. Earth Syst Sci Data, 6.",NA,NA,0.70853,NA,"unknown","unknown","https://doi.org/10.5194/essd-6-117-2014","DOI","LIT","F13-154","ARDUOUS-26157","F13-154","leaf","plant",NA,"France",5.38,46.16
"854","F13-155","","SRM987",0.71023,"TIMS","bulk solid","bulk solid",4e-05,"organism : plant : plant tissue : leaf","","","","","other","","","field","M. Willmes","malte.willmes@gmail.com","","","","","","","Willmes et al. (2014)- The IRHUM (Isotopic Reconstruction of Human Migration) database - bioavailable strontium isotope ratios for geochemical fingerprinting in France. Earth Syst Sci Data, 6.",NA,NA,0.70975,NA,"unknown","unknown","https://doi.org/10.5194/essd-6-117-2014","DOI","LIT","F13-155","ARDUOUS-26158","F13-155","leaf","plant",NA,"France",5.4,46.19
"855","F13-155","","SRM987",0.71023,"TIMS","bulk solid","bulk solid",4e-05,"organism : plant : plant tissue : leaf","","","","","other","","","field","M. Willmes","malte.willmes@gmail.com","","","","","","","Willmes et al. (2014)- The IRHUM (Isotopic Reconstruction of Human Migration) database - bioavailable strontium isotope ratios for geochemical fingerprinting in France. Earth Syst Sci Data, 6.",NA,NA,0.710851,NA,"unknown","unknown","https://doi.org/10.5194/essd-6-117-2014","DOI","LIT","F13-155","ARDUOUS-26159","F13-155","leaf","plant",NA,"France",5.4,46.19
"856","F13-156","","SRM987",0.71023,"TIMS","bulk solid","bulk solid",4e-05,"organism : plant : plant tissue : leaf","","","","","other","","","field","M. Willmes","malte.willmes@gmail.com","","","","","","","Willmes et al. (2014)- The IRHUM (Isotopic Reconstruction of Human Migration) database - bioavailable strontium isotope ratios for geochemical fingerprinting in France. Earth Syst Sci Data, 6.",NA,NA,0.707594,NA,"unknown","unknown","https://doi.org/10.5194/essd-6-117-2014","DOI","LIT","F13-156","ARDUOUS-26160","F13-156","leaf","plant",NA,"France",5.39,46.19
"857","F13-158","","SRM987",0.71023,"TIMS","bulk solid","bulk solid",4e-05,"organism : plant : plant tissue : leaf","","","","","other","","","field","M. Willmes","malte.willmes@gmail.com","","","","","","","Willmes et al. (2014)- The IRHUM (Isotopic Reconstruction of Human Migration) database - bioavailable strontium isotope ratios for geochemical fingerprinting in France. Earth Syst Sci Data, 6.",NA,NA,0.708775,NA,"unknown","unknown","https://doi.org/10.5194/essd-6-117-2014","DOI","LIT","F13-158","ARDUOUS-26161","F13-158","leaf","plant",NA,"France",5.33,45.84
"858","F13-159","","SRM987",0.71023,"TIMS","bulk solid","bulk solid",4e-05,"organism : plant : plant tissue : leaf","","","","","other","","","field","M. Willmes","malte.willmes@gmail.com","","","","","","","Willmes et al. (2014)- The IRHUM (Isotopic Reconstruction of Human Migration) database - bioavailable strontium isotope ratios for geochemical fingerprinting in France. Earth Syst Sci Data, 6.",NA,NA,0.708616,NA,"unknown","unknown","https://doi.org/10.5194/essd-6-117-2014","DOI","LIT","F13-159","ARDUOUS-26162","F13-159","leaf","plant",NA,"France",5,45.49
"859","F13-162","","SRM987",0.71023,"TIMS","bulk solid","bulk solid",4e-05,"organism : plant : plant tissue : leaf","","","","","other","","","field","M. Willmes","malte.willmes@gmail.com","","","","","","","Willmes et al. (2014)- The IRHUM (Isotopic Reconstruction of Human Migration) database - bioavailable strontium isotope ratios for geochemical fingerprinting in France. Earth Syst Sci Data, 6.",NA,NA,0.708882,NA,"unknown","unknown","https://doi.org/10.5194/essd-6-117-2014","DOI","LIT","F13-162","ARDUOUS-26163","F13-162","leaf","plant",NA,"France",5.03,45.26
"860","F13-163","","SRM987",0.71023,"TIMS","bulk solid","bulk solid",4e-05,"organism : plant : plant tissue : leaf","","","","","other","","","field","M. Willmes","malte.willmes@gmail.com","","","","","","","Willmes et al. (2014)- The IRHUM (Isotopic Reconstruction of Human Migration) database - bioavailable strontium isotope ratios for geochemical fingerprinting in France. Earth Syst Sci Data, 6.",NA,NA,0.708484,NA,"unknown","unknown","https://doi.org/10.5194/essd-6-117-2014","DOI","LIT","F13-163","ARDUOUS-26164","F13-163","leaf","plant",NA,"France",5.12,44.9
"861","F13-164","","SRM987",0.71023,"TIMS","bulk solid","bulk solid",4e-05,"organism : plant : plant tissue : leaf","","","","","other","","","field","M. Willmes","malte.willmes@gmail.com","","","","","","","Willmes et al. (2014)- The IRHUM (Isotopic Reconstruction of Human Migration) database - bioavailable strontium isotope ratios for geochemical fingerprinting in France. Earth Syst Sci Data, 6.",NA,NA,0.709008,NA,"unknown","unknown","https://doi.org/10.5194/essd-6-117-2014","DOI","LIT","F13-164","ARDUOUS-26165","F13-164","leaf","plant",NA,"France",5.14,44.89
"862","F13-165","","SRM987",0.71023,"TIMS","bulk solid","bulk solid",4e-05,"organism : plant : plant tissue : leaf","","","","","other","","","field","M. Willmes","malte.willmes@gmail.com","","","","","","","Willmes et al. (2014)- The IRHUM (Isotopic Reconstruction of Human Migration) database - bioavailable strontium isotope ratios for geochemical fingerprinting in France. Earth Syst Sci Data, 6.",NA,NA,0.708319,NA,"unknown","unknown","https://doi.org/10.5194/essd-6-117-2014","DOI","LIT","F13-165","ARDUOUS-26166","F13-165","leaf","plant",NA,"France",5.76,45.09
"863","F13-166","","SRM987",0.71023,"TIMS","bulk solid","bulk solid",4e-05,"organism : plant : plant tissue : leaf","","","","","other","","","field","M. Willmes","malte.willmes@gmail.com","","","","","","","Willmes et al. (2014)- The IRHUM (Isotopic Reconstruction of Human Migration) database - bioavailable strontium isotope ratios for geochemical fingerprinting in France. Earth Syst Sci Data, 6.",NA,NA,0.717312,NA,"unknown","unknown","https://doi.org/10.5194/essd-6-117-2014","DOI","LIT","F13-166","ARDUOUS-26167","F13-166","leaf","plant",NA,"France",5.79,45.05
"864","F13-167","","SRM987",0.71023,"TIMS","bulk solid","bulk solid",4e-05,"organism : plant : plant tissue : leaf","","","","","other","","","field","M. Willmes","malte.willmes@gmail.com","","","","","","","Willmes et al. (2014)- The IRHUM (Isotopic Reconstruction of Human Migration) database - bioavailable strontium isotope ratios for geochemical fingerprinting in France. Earth Syst Sci Data, 6.",NA,NA,0.708629,NA,"unknown","unknown","https://doi.org/10.5194/essd-6-117-2014","DOI","LIT","F13-167","ARDUOUS-26168","F13-167","leaf","plant",NA,"France",5.84,45.05
"865","F13-168","","SRM987",0.71023,"TIMS","bulk solid","bulk solid",4e-05,"organism : plant : plant tissue : leaf","","","","","other","","","field","M. Willmes","malte.willmes@gmail.com","","","","","","","Willmes et al. (2014)- The IRHUM (Isotopic Reconstruction of Human Migration) database - bioavailable strontium isotope ratios for geochemical fingerprinting in France. Earth Syst Sci Data, 6.",NA,NA,0.709934,NA,"unknown","unknown","https://doi.org/10.5194/essd-6-117-2014","DOI","LIT","F13-168","ARDUOUS-26169","F13-168","leaf","plant",NA,"France",5.88,45.07
"866","F13-169","","SRM987",0.71023,"TIMS","bulk solid","bulk solid",4e-05,"organism : plant : plant tissue : leaf","","","","","other","","","field","M. Willmes","malte.willmes@gmail.com","","","","","","","Willmes et al. (2014)- The IRHUM (Isotopic Reconstruction of Human Migration) database - bioavailable strontium isotope ratios for geochemical fingerprinting in France. Earth Syst Sci Data, 6.",NA,NA,0.708507,NA,"unknown","unknown","https://doi.org/10.5194/essd-6-117-2014","DOI","LIT","F13-169","ARDUOUS-26170","F13-169","leaf","plant",NA,"France",6.03,45.12
"867","F13-170","","SRM987",0.71023,"TIMS","bulk solid","bulk solid",4e-05,"organism : plant : plant tissue : leaf","","","","","other","","","field","M. Willmes","malte.willmes@gmail.com","","","","","","","Willmes et al. (2014)- The IRHUM (Isotopic Reconstruction of Human Migration) database - bioavailable strontium isotope ratios for geochemical fingerprinting in France. Earth Syst Sci Data, 6.",NA,NA,0.711769,NA,"unknown","unknown","https://doi.org/10.5194/essd-6-117-2014","DOI","LIT","F13-170","ARDUOUS-26171","F13-170","leaf","plant",NA,"France",6.05,45.15
"868","F13-171","","SRM987",0.71023,"TIMS","bulk solid","bulk solid",4e-05,"organism : plant : plant tissue : leaf","","","","","other","","","field","M. Willmes","malte.willmes@gmail.com","","","","","","","Willmes et al. (2014)- The IRHUM (Isotopic Reconstruction of Human Migration) database - bioavailable strontium isotope ratios for geochemical fingerprinting in France. Earth Syst Sci Data, 6.",NA,NA,0.712955,NA,"unknown","unknown","https://doi.org/10.5194/essd-6-117-2014","DOI","LIT","F13-171","ARDUOUS-26172","F13-171","leaf","plant",NA,"France",6.04,45.2
"869","F13-172","","SRM987",0.71023,"TIMS","bulk solid","bulk solid",4e-05,"organism : plant : plant tissue : leaf","","","","","other","","","field","M. Willmes","malte.willmes@gmail.com","","","","","","","Willmes et al. (2014)- The IRHUM (Isotopic Reconstruction of Human Migration) database - bioavailable strontium isotope ratios for geochemical fingerprinting in France. Earth Syst Sci Data, 6.",NA,NA,0.716812,NA,"unknown","unknown","https://doi.org/10.5194/essd-6-117-2014","DOI","LIT","F13-172","ARDUOUS-26173","F13-172","leaf","plant",NA,"France",6.1,45.04
"870","F13-173","","SRM987",0.71023,"TIMS","bulk solid","bulk solid",4e-05,"organism : plant : plant tissue : leaf","","","","","other","","","field","M. Willmes","malte.willmes@gmail.com","","","","","","","Willmes et al. (2014)- The IRHUM (Isotopic Reconstruction of Human Migration) database - bioavailable strontium isotope ratios for geochemical fingerprinting in France. Earth Syst Sci Data, 6.",NA,NA,0.710398,NA,"unknown","unknown","https://doi.org/10.5194/essd-6-117-2014","DOI","LIT","F13-173","ARDUOUS-26174","F13-173","leaf","plant",NA,"France",6.27,45.04
"871","F13-174","","SRM987",0.71023,"TIMS","bulk solid","bulk solid",4e-05,"organism : plant : plant tissue : leaf","","","","","other","","","field","M. Willmes","malte.willmes@gmail.com","","","","","","","Willmes et al. (2014)- The IRHUM (Isotopic Reconstruction of Human Migration) database - bioavailable strontium isotope ratios for geochemical fingerprinting in France. Earth Syst Sci Data, 6.",NA,NA,0.709789,NA,"unknown","unknown","https://doi.org/10.5194/essd-6-117-2014","DOI","LIT","F13-174","ARDUOUS-26175","F13-174","leaf","plant",NA,"France",6.36,45.04
"872","F13-175","","SRM987",0.71023,"TIMS","bulk solid","bulk solid",4e-05,"organism : plant : plant tissue : leaf","","","","","other","","","field","M. Willmes","malte.willmes@gmail.com","","","","","","","Willmes et al. (2014)- The IRHUM (Isotopic Reconstruction of Human Migration) database - bioavailable strontium isotope ratios for geochemical fingerprinting in France. Earth Syst Sci Data, 6.",NA,NA,0.714568,NA,"unknown","unknown","https://doi.org/10.5194/essd-6-117-2014","DOI","LIT","F13-175","ARDUOUS-26176","F13-175","leaf","plant",NA,"France",6.45,44.89
"873","F13-176","","SRM987",0.71023,"TIMS","bulk solid","bulk solid",4e-05,"organism : plant : plant tissue : leaf","","","","","other","","","field","M. Willmes","malte.willmes@gmail.com","","","","","","","Willmes et al. (2014)- The IRHUM (Isotopic Reconstruction of Human Migration) database - bioavailable strontium isotope ratios for geochemical fingerprinting in France. Earth Syst Sci Data, 6.",NA,NA,0.712443,NA,"unknown","unknown","https://doi.org/10.5194/essd-6-117-2014","DOI","LIT","F13-176","ARDUOUS-26177","F13-176","leaf","plant",NA,"France",6.47,44.88
"874","F13-176","","SRM987",0.71023,"TIMS","bulk solid","bulk solid",4e-05,"organism : plant : plant tissue : leaf","","","","","other","","","field","M. Willmes","malte.willmes@gmail.com","","","","","","","Willmes et al. (2014)- The IRHUM (Isotopic Reconstruction of Human Migration) database - bioavailable strontium isotope ratios for geochemical fingerprinting in France. Earth Syst Sci Data, 6.",NA,NA,0.712574,NA,"unknown","unknown","https://doi.org/10.5194/essd-6-117-2014","DOI","LIT","F13-176","ARDUOUS-26178","F13-176","leaf","plant",NA,"France",6.47,44.88
"875","F13-177","","SRM987",0.71023,"TIMS","bulk solid","bulk solid",4e-05,"organism : plant : plant tissue : leaf","","","","","other","","","field","M. Willmes","malte.willmes@gmail.com","","","","","","","Willmes et al. (2014)- The IRHUM (Isotopic Reconstruction of Human Migration) database - bioavailable strontium isotope ratios for geochemical fingerprinting in France. Earth Syst Sci Data, 6.",NA,NA,0.709226,NA,"unknown","unknown","https://doi.org/10.5194/essd-6-117-2014","DOI","LIT","F13-177","ARDUOUS-26179","F13-177","leaf","plant",NA,"France",6.66,44.9
"876","F13-178","","SRM987",0.71023,"TIMS","bulk solid","bulk solid",4e-05,"organism : plant : plant tissue : leaf","","","","","other","","","field","M. Willmes","malte.willmes@gmail.com","","","","","","","Willmes et al. (2014)- The IRHUM (Isotopic Reconstruction of Human Migration) database - bioavailable strontium isotope ratios for geochemical fingerprinting in France. Earth Syst Sci Data, 6.",NA,NA,0.713643,NA,"unknown","unknown","https://doi.org/10.5194/essd-6-117-2014","DOI","LIT","F13-178","ARDUOUS-26180","F13-178","leaf","plant",NA,"France",6.58,44.94
"877","F13-179","","SRM987",0.71023,"TIMS","bulk solid","bulk solid",4e-05,"organism : plant : plant tissue : leaf","","","","","other","","","field","M. Willmes","malte.willmes@gmail.com","","","","","","","Willmes et al. (2014)- The IRHUM (Isotopic Reconstruction of Human Migration) database - bioavailable strontium isotope ratios for geochemical fingerprinting in France. Earth Syst Sci Data, 6.",NA,NA,0.709607,NA,"unknown","unknown","https://doi.org/10.5194/essd-6-117-2014","DOI","LIT","F13-179","ARDUOUS-26181","F13-179","leaf","plant",NA,"France",6.51,44.97
"878","F13-180","","SRM987",0.71023,"TIMS","bulk solid","bulk solid",4e-05,"organism : plant : plant tissue : leaf","","","","","other","","","field","M. Willmes","malte.willmes@gmail.com","","","","","","","Willmes et al. (2014)- The IRHUM (Isotopic Reconstruction of Human Migration) database - bioavailable strontium isotope ratios for geochemical fingerprinting in France. Earth Syst Sci Data, 6.",NA,NA,0.708776,NA,"unknown","unknown","https://doi.org/10.5194/essd-6-117-2014","DOI","LIT","F13-180","ARDUOUS-26182","F13-180","leaf","plant",NA,"France",6.69,44.93
"879","F13-182","","SRM987",0.71023,"TIMS","bulk solid","bulk solid",4e-05,"organism : plant : plant tissue : leaf","","","","","other","","","field","M. Willmes","malte.willmes@gmail.com","","","","","","","Willmes et al. (2014)- The IRHUM (Isotopic Reconstruction of Human Migration) database - bioavailable strontium isotope ratios for geochemical fingerprinting in France. Earth Syst Sci Data, 6.",NA,NA,0.708181,NA,"unknown","unknown","https://doi.org/10.5194/essd-6-117-2014","DOI","LIT","F13-182","ARDUOUS-26184","F13-182","leaf","plant",NA,"France",6.59,44.74
"880","F13-183","","SRM987",0.71023,"TIMS","bulk solid","bulk solid",4e-05,"organism : plant : plant tissue : leaf","","","","","other","","","field","M. Willmes","malte.willmes@gmail.com","","","","","","","Willmes et al. (2014)- The IRHUM (Isotopic Reconstruction of Human Migration) database - bioavailable strontium isotope ratios for geochemical fingerprinting in France. Earth Syst Sci Data, 6.",NA,NA,0.710461,NA,"unknown","unknown","https://doi.org/10.5194/essd-6-117-2014","DOI","LIT","F13-183","ARDUOUS-26185","F13-183","leaf","plant",NA,"France",6.68,44.58
"881","F13-184","","SRM987",0.71023,"TIMS","bulk solid","bulk solid",4e-05,"organism : plant : plant tissue : leaf","","","","","other","","","field","M. Willmes","malte.willmes@gmail.com","","","","","","","Willmes et al. (2014)- The IRHUM (Isotopic Reconstruction of Human Migration) database - bioavailable strontium isotope ratios for geochemical fingerprinting in France. Earth Syst Sci Data, 6.",NA,NA,0.713031,NA,"unknown","unknown","https://doi.org/10.5194/essd-6-117-2014","DOI","LIT","F13-184","ARDUOUS-26186","F13-184","leaf","plant",NA,"France",6.7,44.54
"882","F13-186","","SRM987",0.71023,"TIMS","bulk solid","bulk solid",4e-05,"organism : plant : plant tissue : leaf","","","","","other","","","field","M. Willmes","malte.willmes@gmail.com","","","","","","","Willmes et al. (2014)- The IRHUM (Isotopic Reconstruction of Human Migration) database - bioavailable strontium isotope ratios for geochemical fingerprinting in France. Earth Syst Sci Data, 6.",NA,NA,0.708063,NA,"unknown","unknown","https://doi.org/10.5194/essd-6-117-2014","DOI","LIT","F13-186","ARDUOUS-26188","F13-186","leaf","plant",NA,"France",6.74,44.45
"883","F13-187","","SRM987",0.71023,"TIMS","bulk solid","bulk solid",4e-05,"organism : plant : plant tissue : leaf","","","","","other","","","field","M. Willmes","malte.willmes@gmail.com","","","","","","","Willmes et al. (2014)- The IRHUM (Isotopic Reconstruction of Human Migration) database - bioavailable strontium isotope ratios for geochemical fingerprinting in France. Earth Syst Sci Data, 6.",NA,NA,0.708412,NA,"unknown","unknown","https://doi.org/10.5194/essd-6-117-2014","DOI","LIT","F13-187","ARDUOUS-26189","F13-187","leaf","plant",NA,"France",6.33,44.45
"884","F13-188","","SRM987",0.71023,"TIMS","bulk solid","bulk solid",4e-05,"organism : plant : plant tissue : leaf","","","","","other","","","field","M. Willmes","malte.willmes@gmail.com","","","","","","","Willmes et al. (2014)- The IRHUM (Isotopic Reconstruction of Human Migration) database - bioavailable strontium isotope ratios for geochemical fingerprinting in France. Earth Syst Sci Data, 6.",NA,NA,0.708531,NA,"unknown","unknown","https://doi.org/10.5194/essd-6-117-2014","DOI","LIT","F13-188","ARDUOUS-26190","F13-188","leaf","plant",NA,"France",6.31,44.45
"885","F13-189","","SRM987",0.71023,"TIMS","bulk solid","bulk solid",4e-05,"organism : plant : plant tissue : leaf","","","","","other","","","field","M. Willmes","malte.willmes@gmail.com","","","","","","","Willmes et al. (2014)- The IRHUM (Isotopic Reconstruction of Human Migration) database - bioavailable strontium isotope ratios for geochemical fingerprinting in France. Earth Syst Sci Data, 6.",NA,NA,0.708292,NA,"unknown","unknown","https://doi.org/10.5194/essd-6-117-2014","DOI","LIT","F13-189","ARDUOUS-26191","F13-189","leaf","plant",NA,"France",6.27,44.46
"886","F13-190","","SRM987",0.71023,"TIMS","bulk solid","bulk solid",4e-05,"organism : plant : plant tissue : leaf","","","","","other","","","field","M. Willmes","malte.willmes@gmail.com","","","","","","","Willmes et al. (2014)- The IRHUM (Isotopic Reconstruction of Human Migration) database - bioavailable strontium isotope ratios for geochemical fingerprinting in France. Earth Syst Sci Data, 6.",NA,NA,0.708486,NA,"unknown","unknown","https://doi.org/10.5194/essd-6-117-2014","DOI","LIT","F13-190","ARDUOUS-26192","F13-190","leaf","plant",NA,"France",6.61,44.33
"887","F13-191","","SRM987",0.71023,"TIMS","bulk solid","bulk solid",4e-05,"organism : plant : plant tissue : leaf","","","","","other","","","field","M. Willmes","malte.willmes@gmail.com","","","","","","","Willmes et al. (2014)- The IRHUM (Isotopic Reconstruction of Human Migration) database - bioavailable strontium isotope ratios for geochemical fingerprinting in France. Earth Syst Sci Data, 6.",NA,NA,0.707986,NA,"unknown","unknown","https://doi.org/10.5194/essd-6-117-2014","DOI","LIT","F13-191","ARDUOUS-26193","F13-191","leaf","plant",NA,"France",6.57,44.29
"888","F13-192","","SRM987",0.71023,"TIMS","bulk solid","bulk solid",4e-05,"organism : plant : plant tissue : leaf","","","","","other","","","field","M. Willmes","malte.willmes@gmail.com","","","","","","","Willmes et al. (2014)- The IRHUM (Isotopic Reconstruction of Human Migration) database - bioavailable strontium isotope ratios for geochemical fingerprinting in France. Earth Syst Sci Data, 6.",NA,NA,0.708181,NA,"unknown","unknown","https://doi.org/10.5194/essd-6-117-2014","DOI","LIT","F13-192","ARDUOUS-26194","F13-192","leaf","plant",NA,"France",6.64,44.21
"889","F13-193","","SRM987",0.71023,"TIMS","bulk solid","bulk solid",4e-05,"organism : plant : plant tissue : leaf","","","","","other","","","field","M. Willmes","malte.willmes@gmail.com","","","","","","","Willmes et al. (2014)- The IRHUM (Isotopic Reconstruction of Human Migration) database - bioavailable strontium isotope ratios for geochemical fingerprinting in France. Earth Syst Sci Data, 6.",NA,NA,0.707741,NA,"unknown","unknown","https://doi.org/10.5194/essd-6-117-2014","DOI","LIT","F13-193","ARDUOUS-26195","F13-193","leaf","plant",NA,"France",6.58,44.06
"890","F13-194","","SRM987",0.71023,"TIMS","bulk solid","bulk solid",4e-05,"organism : plant : plant tissue : leaf","","","","","other","","","field","M. Willmes","malte.willmes@gmail.com","","","","","","","Willmes et al. (2014)- The IRHUM (Isotopic Reconstruction of Human Migration) database - bioavailable strontium isotope ratios for geochemical fingerprinting in France. Earth Syst Sci Data, 6.",NA,NA,0.708034,NA,"unknown","unknown","https://doi.org/10.5194/essd-6-117-2014","DOI","LIT","F13-194","ARDUOUS-26196","F13-194","leaf","plant",NA,"France",6.51,43.95
"891","F13-195","","SRM987",0.71023,"TIMS","bulk solid","bulk solid",4e-05,"organism : plant : plant tissue : leaf","","","","","other","","","field","M. Willmes","malte.willmes@gmail.com","","","","","","","Willmes et al. (2014)- The IRHUM (Isotopic Reconstruction of Human Migration) database - bioavailable strontium isotope ratios for geochemical fingerprinting in France. Earth Syst Sci Data, 6.",NA,NA,0.707877,NA,"unknown","unknown","https://doi.org/10.5194/essd-6-117-2014","DOI","LIT","F13-195","ARDUOUS-26197","F13-195","leaf","plant",NA,"France",6.77,43.99
"892","F13-196","","SRM987",0.71023,"TIMS","bulk solid","bulk solid",4e-05,"organism : plant : plant tissue : leaf","","","","","other","","","field","M. Willmes","malte.willmes@gmail.com","","","","","","","Willmes et al. (2014)- The IRHUM (Isotopic Reconstruction of Human Migration) database - bioavailable strontium isotope ratios for geochemical fingerprinting in France. Earth Syst Sci Data, 6.",NA,NA,0.708142,NA,"unknown","unknown","https://doi.org/10.5194/essd-6-117-2014","DOI","LIT","F13-196","ARDUOUS-26198","F13-196","leaf","plant",NA,"France",6.82,44.03
"893","F13-197","","SRM987",0.71023,"TIMS","bulk solid","bulk solid",4e-05,"organism : plant : plant tissue : leaf","","","","","other","","","field","M. Willmes","malte.willmes@gmail.com","","","","","","","Willmes et al. (2014)- The IRHUM (Isotopic Reconstruction of Human Migration) database - bioavailable strontium isotope ratios for geochemical fingerprinting in France. Earth Syst Sci Data, 6.",NA,NA,0.710105,NA,"unknown","unknown","https://doi.org/10.5194/essd-6-117-2014","DOI","LIT","F13-197","ARDUOUS-26199","F13-197","leaf","plant",NA,"France",6.83,44.04
"894","F13-198","","SRM987",0.71023,"TIMS","bulk solid","bulk solid",4e-05,"organism : plant : plant tissue : leaf","","","","","other","","","field","M. Willmes","malte.willmes@gmail.com","","","","","","","Willmes et al. (2014)- The IRHUM (Isotopic Reconstruction of Human Migration) database - bioavailable strontium isotope ratios for geochemical fingerprinting in France. Earth Syst Sci Data, 6.",NA,NA,0.707809,NA,"unknown","unknown","https://doi.org/10.5194/essd-6-117-2014","DOI","LIT","F13-198","ARDUOUS-26200","F13-198","leaf","plant",NA,"France",7.16,43.95
"895","F13-199","","SRM987",0.71023,"TIMS","bulk solid","bulk solid",4e-05,"organism : plant : plant tissue : leaf","","","","","other","","","field","M. Willmes","malte.willmes@gmail.com","","","","","","","Willmes et al. (2014)- The IRHUM (Isotopic Reconstruction of Human Migration) database - bioavailable strontium isotope ratios for geochemical fingerprinting in France. Earth Syst Sci Data, 6.",NA,NA,0.711483,NA,"unknown","unknown","https://doi.org/10.5194/essd-6-117-2014","DOI","LIT","F13-199","ARDUOUS-26201","F13-199","leaf","plant",NA,"France",7.11,44.07
"896","F13-200","","SRM987",0.71023,"TIMS","bulk solid","bulk solid",4e-05,"organism : plant : plant tissue : leaf","","","","","other","","","field","M. Willmes","malte.willmes@gmail.com","","","","","","","Willmes et al. (2014)- The IRHUM (Isotopic Reconstruction of Human Migration) database - bioavailable strontium isotope ratios for geochemical fingerprinting in France. Earth Syst Sci Data, 6.",NA,NA,0.715967,NA,"unknown","unknown","https://doi.org/10.5194/essd-6-117-2014","DOI","LIT","F13-200","ARDUOUS-26202","F13-200","leaf","plant",NA,"France",7.1,44.1
"897","F13-201","","SRM987",0.71023,"TIMS","bulk solid","bulk solid",4e-05,"organism : plant : plant tissue : leaf","","","","","other","","","field","M. Willmes","malte.willmes@gmail.com","","","","","","","Willmes et al. (2014)- The IRHUM (Isotopic Reconstruction of Human Migration) database - bioavailable strontium isotope ratios for geochemical fingerprinting in France. Earth Syst Sci Data, 6.",NA,NA,0.708252,NA,"unknown","unknown","https://doi.org/10.5194/essd-6-117-2014","DOI","LIT","F13-201","ARDUOUS-26203","F13-201","leaf","plant",NA,"France",7.21,43.76
"898","F13-202","","SRM987",0.71023,"TIMS","bulk solid","bulk solid",4e-05,"organism : plant : plant tissue : leaf","","","","","other","","","field","M. Willmes","malte.willmes@gmail.com","","","","","","","Willmes et al. (2014)- The IRHUM (Isotopic Reconstruction of Human Migration) database - bioavailable strontium isotope ratios for geochemical fingerprinting in France. Earth Syst Sci Data, 6.",NA,NA,0.708344,NA,"unknown","unknown","https://doi.org/10.5194/essd-6-117-2014","DOI","LIT","F13-202","ARDUOUS-26204","F13-202","leaf","plant",NA,"France",7.2,43.75
"899","F13-202","","SRM987",0.71023,"TIMS","bulk solid","bulk solid",4e-05,"organism : plant : plant tissue : leaf","","","","","other","","","field","M. Willmes","malte.willmes@gmail.com","","","","","","","Willmes et al. (2014)- The IRHUM (Isotopic Reconstruction of Human Migration) database - bioavailable strontium isotope ratios for geochemical fingerprinting in France. Earth Syst Sci Data, 6.",NA,NA,0.708544,NA,"unknown","unknown","https://doi.org/10.5194/essd-6-117-2014","DOI","LIT","F13-202","ARDUOUS-26205","F13-202","leaf","plant",NA,"France",7.2,43.75
"900","F13-203","","SRM987",0.71023,"TIMS","bulk solid","bulk solid",4e-05,"organism : plant : plant tissue : leaf","","","","","other","","","field","M. Willmes","malte.willmes@gmail.com","","","","","","","Willmes et al. (2014)- The IRHUM (Isotopic Reconstruction of Human Migration) database - bioavailable strontium isotope ratios for geochemical fingerprinting in France. Earth Syst Sci Data, 6.",NA,NA,0.711674,NA,"unknown","unknown","https://doi.org/10.5194/essd-6-117-2014","DOI","LIT","F13-203","ARDUOUS-26206","F13-203","leaf","plant",NA,"France",6.95,43.62
"901","F13-204","","SRM987",0.71023,"TIMS","bulk solid","bulk solid",4e-05,"organism : plant : plant tissue : leaf","","","","","other","","","field","M. Willmes","malte.willmes@gmail.com","","","","","","","Willmes et al. (2014)- The IRHUM (Isotopic Reconstruction of Human Migration) database - bioavailable strontium isotope ratios for geochemical fingerprinting in France. Earth Syst Sci Data, 6.",NA,NA,0.71897,NA,"unknown","unknown","https://doi.org/10.5194/essd-6-117-2014","DOI","LIT","F13-204","ARDUOUS-26207","F13-204","leaf","plant",NA,"France",6.92,43.59
"902","F13-205","","SRM987",0.71023,"TIMS","bulk solid","bulk solid",4e-05,"organism : plant : plant tissue : leaf","","","","","other","","","field","M. Willmes","malte.willmes@gmail.com","","","","","","","Willmes et al. (2014)- The IRHUM (Isotopic Reconstruction of Human Migration) database - bioavailable strontium isotope ratios for geochemical fingerprinting in France. Earth Syst Sci Data, 6.",NA,NA,0.716033,NA,"unknown","unknown","https://doi.org/10.5194/essd-6-117-2014","DOI","LIT","F13-205","ARDUOUS-26208","F13-205","leaf","plant",NA,"France",6.9,43.59
"903","F13-207","","SRM987",0.71023,"TIMS","bulk solid","bulk solid",4e-05,"organism : plant : plant tissue : leaf","","","","","other","","","field","M. Willmes","malte.willmes@gmail.com","","","","","","","Willmes et al. (2014)- The IRHUM (Isotopic Reconstruction of Human Migration) database - bioavailable strontium isotope ratios for geochemical fingerprinting in France. Earth Syst Sci Data, 6.",NA,NA,0.715814,NA,"unknown","unknown","https://doi.org/10.5194/essd-6-117-2014","DOI","LIT","F13-207","ARDUOUS-26209","F13-207","leaf","plant",NA,"France",6.81,43.51
"904","F13-208","","SRM987",0.71023,"TIMS","bulk solid","bulk solid",4e-05,"organism : plant : plant tissue : leaf","","","","","other","","","field","M. Willmes","malte.willmes@gmail.com","","","","","","","Willmes et al. (2014)- The IRHUM (Isotopic Reconstruction of Human Migration) database - bioavailable strontium isotope ratios for geochemical fingerprinting in France. Earth Syst Sci Data, 6.",NA,NA,0.722785,NA,"unknown","unknown","https://doi.org/10.5194/essd-6-117-2014","DOI","LIT","F13-208","ARDUOUS-26210","F13-208","leaf","plant",NA,"France",6.78,43.49
"905","F13-209","","SRM987",0.71023,"TIMS","bulk solid","bulk solid",4e-05,"organism : plant : plant tissue : leaf","","","","","other","","","field","M. Willmes","malte.willmes@gmail.com","","","","","","","Willmes et al. (2014)- The IRHUM (Isotopic Reconstruction of Human Migration) database - bioavailable strontium isotope ratios for geochemical fingerprinting in France. Earth Syst Sci Data, 6.",NA,NA,0.718866,NA,"unknown","unknown","https://doi.org/10.5194/essd-6-117-2014","DOI","LIT","F13-209","ARDUOUS-26211","F13-209","leaf","plant",NA,"France",6.61,43.47
"906","F13-210","","SRM987",0.71023,"TIMS","bulk solid","bulk solid",4e-05,"organism : plant : plant tissue : leaf","","","","","other","","","field","M. Willmes","malte.willmes@gmail.com","","","","","","","Willmes et al. (2014)- The IRHUM (Isotopic Reconstruction of Human Migration) database - bioavailable strontium isotope ratios for geochemical fingerprinting in France. Earth Syst Sci Data, 6.",NA,NA,0.711972,NA,"unknown","unknown","https://doi.org/10.5194/essd-6-117-2014","DOI","LIT","F13-210","ARDUOUS-26212","F13-210","leaf","plant",NA,"France",6.57,43.42
"907","F13-211","","SRM987",0.71023,"TIMS","bulk solid","bulk solid",4e-05,"organism : plant : plant tissue : leaf","","","","","other","","","field","M. Willmes","malte.willmes@gmail.com","","","","","","","Willmes et al. (2014)- The IRHUM (Isotopic Reconstruction of Human Migration) database - bioavailable strontium isotope ratios for geochemical fingerprinting in France. Earth Syst Sci Data, 6.",NA,NA,0.719965,NA,"unknown","unknown","https://doi.org/10.5194/essd-6-117-2014","DOI","LIT","F13-211","ARDUOUS-26213","F13-211","leaf","plant",NA,"France",6.6,43.35
"908","F13-212","","SRM987",0.71023,"TIMS","bulk solid","bulk solid",4e-05,"organism : plant : plant tissue : leaf","","","","","other","","","field","M. Willmes","malte.willmes@gmail.com","","","","","","","Willmes et al. (2014)- The IRHUM (Isotopic Reconstruction of Human Migration) database - bioavailable strontium isotope ratios for geochemical fingerprinting in France. Earth Syst Sci Data, 6.",NA,NA,0.717056,NA,"unknown","unknown","https://doi.org/10.5194/essd-6-117-2014","DOI","LIT","F13-212","ARDUOUS-26214","F13-212","leaf","plant",NA,"France",6.44,43.21
"909","F13-213","","SRM987",0.71023,"TIMS","bulk solid","bulk solid",4e-05,"organism : plant : plant tissue : leaf","","","","","other","","","field","M. Willmes","malte.willmes@gmail.com","","","","","","","Willmes et al. (2014)- The IRHUM (Isotopic Reconstruction of Human Migration) database - bioavailable strontium isotope ratios for geochemical fingerprinting in France. Earth Syst Sci Data, 6.",NA,NA,0.720855,NA,"unknown","unknown","https://doi.org/10.5194/essd-6-117-2014","DOI","LIT","F13-213","ARDUOUS-26215","F13-213","leaf","plant",NA,"France",6.37,43.19
"910","F13-215","","SRM987",0.71023,"TIMS","bulk solid","bulk solid",4e-05,"organism : plant : plant tissue : leaf","","","","","other","","","field","M. Willmes","malte.willmes@gmail.com","","","","","","","Willmes et al. (2014)- The IRHUM (Isotopic Reconstruction of Human Migration) database - bioavailable strontium isotope ratios for geochemical fingerprinting in France. Earth Syst Sci Data, 6.",NA,NA,0.707578,NA,"unknown","unknown","https://doi.org/10.5194/essd-6-117-2014","DOI","LIT","F13-215","ARDUOUS-26216","F13-215","leaf","plant",NA,"France",5.81,43.23
"911","F13-216","","SRM987",0.71023,"TIMS","bulk solid","bulk solid",4e-05,"organism : plant : plant tissue : leaf","","","","","other","","","field","M. Willmes","malte.willmes@gmail.com","","","","","","","Willmes et al. (2014)- The IRHUM (Isotopic Reconstruction of Human Migration) database - bioavailable strontium isotope ratios for geochemical fingerprinting in France. Earth Syst Sci Data, 6.",NA,NA,0.708912,NA,"unknown","unknown","https://doi.org/10.5194/essd-6-117-2014","DOI","LIT","F13-216","ARDUOUS-26217","F13-216","leaf","plant",NA,"France",5.74,43.27
"912","F13-217","","SRM987",0.71023,"TIMS","bulk solid","bulk solid",4e-05,"organism : plant : plant tissue : leaf","","","","","other","","","field","M. Willmes","malte.willmes@gmail.com","","","","","","","Willmes et al. (2014)- The IRHUM (Isotopic Reconstruction of Human Migration) database - bioavailable strontium isotope ratios for geochemical fingerprinting in France. Earth Syst Sci Data, 6.",NA,NA,0.709084,NA,"unknown","unknown","https://doi.org/10.5194/essd-6-117-2014","DOI","LIT","F13-217","ARDUOUS-26218","F13-217","leaf","plant",NA,"France",6.49,43.49
"913","F13-218","","SRM987",0.71023,"TIMS","bulk solid","bulk solid",4e-05,"organism : plant : plant tissue : leaf","","","","","other","","","field","M. Willmes","malte.willmes@gmail.com","","","","","","","Willmes et al. (2014)- The IRHUM (Isotopic Reconstruction of Human Migration) database - bioavailable strontium isotope ratios for geochemical fingerprinting in France. Earth Syst Sci Data, 6.",NA,NA,0.709868,NA,"unknown","unknown","https://doi.org/10.5194/essd-6-117-2014","DOI","LIT","F13-218","ARDUOUS-26219","F13-218","leaf","plant",NA,"France",6.48,43.54
"914","F13-219","","SRM987",0.71023,"TIMS","bulk solid","bulk solid",4e-05,"organism : plant : plant tissue : leaf","","","","","other","","","field","M. Willmes","malte.willmes@gmail.com","","","","","","","Willmes et al. (2014)- The IRHUM (Isotopic Reconstruction of Human Migration) database - bioavailable strontium isotope ratios for geochemical fingerprinting in France. Earth Syst Sci Data, 6.",NA,NA,0.707896,NA,"unknown","unknown","https://doi.org/10.5194/essd-6-117-2014","DOI","LIT","F13-219","ARDUOUS-26220","F13-219","leaf","plant",NA,"France",6.04,43.48
"915","F13-220","","SRM987",0.71023,"TIMS","bulk solid","bulk solid",4e-05,"organism : plant : plant tissue : leaf","","","","","other","","","field","M. Willmes","malte.willmes@gmail.com","","","","","","","Willmes et al. (2014)- The IRHUM (Isotopic Reconstruction of Human Migration) database - bioavailable strontium isotope ratios for geochemical fingerprinting in France. Earth Syst Sci Data, 6.",NA,NA,0.708509,NA,"unknown","unknown","https://doi.org/10.5194/essd-6-117-2014","DOI","LIT","F13-220","ARDUOUS-26221","F13-220","leaf","plant",NA,"France",6.02,43.51
"916","F13-221","","SRM987",0.71023,"TIMS","bulk solid","bulk solid",4e-05,"organism : plant : plant tissue : leaf","","","","","other","","","field","M. Willmes","malte.willmes@gmail.com","","","","","","","Willmes et al. (2014)- The IRHUM (Isotopic Reconstruction of Human Migration) database - bioavailable strontium isotope ratios for geochemical fingerprinting in France. Earth Syst Sci Data, 6.",NA,NA,0.710083,NA,"unknown","unknown","https://doi.org/10.5194/essd-6-117-2014","DOI","LIT","F13-221","ARDUOUS-26222","F13-221","leaf","plant",NA,"France",6.01,43.57
"917","F13-222","","SRM987",0.71023,"TIMS","bulk solid","bulk solid",4e-05,"organism : plant : plant tissue : leaf","","","","","other","","","field","M. Willmes","malte.willmes@gmail.com","","","","","","","Willmes et al. (2014)- The IRHUM (Isotopic Reconstruction of Human Migration) database - bioavailable strontium isotope ratios for geochemical fingerprinting in France. Earth Syst Sci Data, 6.",NA,NA,0.70825,NA,"unknown","unknown","https://doi.org/10.5194/essd-6-117-2014","DOI","LIT","F13-222","ARDUOUS-26223","F13-222","leaf","plant",NA,"France",6.08,43.76
"918","F13-223","","SRM987",0.71023,"TIMS","bulk solid","bulk solid",4e-05,"organism : plant : plant tissue : leaf","","","","","other","","","field","M. Willmes","malte.willmes@gmail.com","","","","","","","Willmes et al. (2014)- The IRHUM (Isotopic Reconstruction of Human Migration) database - bioavailable strontium isotope ratios for geochemical fingerprinting in France. Earth Syst Sci Data, 6.",NA,NA,0.70849,NA,"unknown","unknown","https://doi.org/10.5194/essd-6-117-2014","DOI","LIT","F13-223","ARDUOUS-26224","F13-223","leaf","plant",NA,"France",6.19,43.96
"919","F13-224","","SRM987",0.71023,"TIMS","bulk solid","bulk solid",4e-05,"organism : plant : plant tissue : leaf","","","","","other","","","field","M. Willmes","malte.willmes@gmail.com","","","","","","","Willmes et al. (2014)- The IRHUM (Isotopic Reconstruction of Human Migration) database - bioavailable strontium isotope ratios for geochemical fingerprinting in France. Earth Syst Sci Data, 6.",NA,NA,0.707855,NA,"unknown","unknown","https://doi.org/10.5194/essd-6-117-2014","DOI","LIT","F13-224","ARDUOUS-26225","F13-224","leaf","plant",NA,"France",5.95,44.11
"920","F13-225","","SRM987",0.71023,"TIMS","bulk solid","bulk solid",4e-05,"organism : plant : plant tissue : leaf","","","","","other","","","field","M. Willmes","malte.willmes@gmail.com","","","","","","","Willmes et al. (2014)- The IRHUM (Isotopic Reconstruction of Human Migration) database - bioavailable strontium isotope ratios for geochemical fingerprinting in France. Earth Syst Sci Data, 6.",NA,NA,0.707698,NA,"unknown","unknown","https://doi.org/10.5194/essd-6-117-2014","DOI","LIT","F13-225","ARDUOUS-26226","F13-225","leaf","plant",NA,"France",5.9,43.99
"921","F13-226","","SRM987",0.71023,"TIMS","bulk solid","bulk solid",4e-05,"organism : plant : plant tissue : leaf","","","","","other","","","field","M. Willmes","malte.willmes@gmail.com","","","Hedera","genus","","","Willmes et al. (2014)- The IRHUM (Isotopic Reconstruction of Human Migration) database - bioavailable strontium isotope ratios for geochemical fingerprinting in France. Earth Syst Sci Data, 6.",NA,NA,0.708525,NA,"unknown","unknown","https://doi.org/10.5194/essd-6-117-2014","DOI","LIT","F13-226","ARDUOUS-26227","F13-226","leaf","plant",NA,"France",5.86,43.96
"922","F13-227","","SRM987",0.71023,"TIMS","bulk solid","bulk solid",4e-05,"organism : plant : plant tissue : leaf","","","","","other","","","field","M. Willmes","malte.willmes@gmail.com","","","","","","","Willmes et al. (2014)- The IRHUM (Isotopic Reconstruction of Human Migration) database - bioavailable strontium isotope ratios for geochemical fingerprinting in France. Earth Syst Sci Data, 6.",NA,NA,0.707873,NA,"unknown","unknown","https://doi.org/10.5194/essd-6-117-2014","DOI","LIT","F13-227","ARDUOUS-26228","F13-227","leaf","plant",NA,"France",5.49,43.63
"923","F13-228","","SRM987",0.71023,"TIMS","bulk solid","bulk solid",4e-05,"organism : plant : plant tissue : leaf","","","","","other","","","field","M. Willmes","malte.willmes@gmail.com","","","Phragmites","genus","","","Willmes et al. (2014)- The IRHUM (Isotopic Reconstruction of Human Migration) database - bioavailable strontium isotope ratios for geochemical fingerprinting in France. Earth Syst Sci Data, 6.",NA,NA,0.708416,NA,"unknown","unknown","https://doi.org/10.5194/essd-6-117-2014","DOI","LIT","F13-228","ARDUOUS-26229","F13-228","leaf","plant",NA,"France",4.31,43.63
"924","F11-029","","SRM987",0.71023,"TIMS","bulk solid","bulk solid",4e-05,"organism : plant : plant tissue : root","","","","","other","","","field","M. Willmes","malte.willmes@gmail.com","","","","","","","Willmes et al. (2014)- The IRHUM (Isotopic Reconstruction of Human Migration) database - bioavailable strontium isotope ratios for geochemical fingerprinting in France. Earth Syst Sci Data, 6.",NA,NA,0.70782,NA,"unknown","unknown","https://doi.org/10.5194/essd-6-117-2014","DOI","LIT","F11-029","ARDUOUS-26230","F11-029","root","plant",NA,"France",-1.31,43.92
"925","F11-030","","SRM987",0.71023,"TIMS","bulk solid","bulk solid",4e-05,"organism : plant : plant tissue : root","","","","","other","","","field","M. Willmes","malte.willmes@gmail.com","","","","","","","Willmes et al. (2014)- The IRHUM (Isotopic Reconstruction of Human Migration) database - bioavailable strontium isotope ratios for geochemical fingerprinting in France. Earth Syst Sci Data, 6.",NA,NA,0.70949,NA,"unknown","unknown","https://doi.org/10.5194/essd-6-117-2014","DOI","LIT","F11-030","ARDUOUS-26231","F11-030","root","plant",NA,"France",-1.4,43.75
"926","F11-031","","SRM987",0.71023,"TIMS","bulk solid","bulk solid",4e-05,"organism : plant : plant tissue : root","","","","","other","","","field","M. Willmes","malte.willmes@gmail.com","","","","","","","Willmes et al. (2014)- The IRHUM (Isotopic Reconstruction of Human Migration) database - bioavailable strontium isotope ratios for geochemical fingerprinting in France. Earth Syst Sci Data, 6.",NA,NA,0.711059,NA,"unknown","unknown","https://doi.org/10.5194/essd-6-117-2014","DOI","LIT","F11-031","ARDUOUS-26232","F11-031","root","plant",NA,"France",-1.15,43.76
"927","F11-032","","SRM987",0.71023,"TIMS","bulk solid","bulk solid",4e-05,"organism : plant : plant tissue : root","","","","","other","","","field","M. Willmes","malte.willmes@gmail.com","","","","","","","Willmes et al. (2014)- The IRHUM (Isotopic Reconstruction of Human Migration) database - bioavailable strontium isotope ratios for geochemical fingerprinting in France. Earth Syst Sci Data, 6.",NA,NA,0.712379,NA,"unknown","unknown","https://doi.org/10.5194/essd-6-117-2014","DOI","LIT","F11-032","ARDUOUS-26233","F11-032","root","plant",NA,"France",-0.89,43.9
"928","F11-033","","SRM987",0.71023,"TIMS","bulk solid","bulk solid",4e-05,"organism : plant : plant tissue : root","","","","","other","","","field","M. Willmes","malte.willmes@gmail.com","","","","","","","Willmes et al. (2014)- The IRHUM (Isotopic Reconstruction of Human Migration) database - bioavailable strontium isotope ratios for geochemical fingerprinting in France. Earth Syst Sci Data, 6.",NA,NA,0.711717,NA,"unknown","unknown","https://doi.org/10.5194/essd-6-117-2014","DOI","LIT","F11-033","ARDUOUS-26234","F11-033","root","plant",NA,"France",-0.9,44.14
"929","F11-034","","SRM987",0.71023,"TIMS","bulk solid","bulk solid",4e-05,"organism : plant : plant tissue : root","","","","","other","","","field","M. Willmes","malte.willmes@gmail.com","","","","","","","Willmes et al. (2014)- The IRHUM (Isotopic Reconstruction of Human Migration) database - bioavailable strontium isotope ratios for geochemical fingerprinting in France. Earth Syst Sci Data, 6.",NA,NA,0.712369,NA,"unknown","unknown","https://doi.org/10.5194/essd-6-117-2014","DOI","LIT","F11-034","ARDUOUS-26235","F11-034","root","plant",NA,"France",-0.62,44.12
"930","F11-035","","SRM987",0.71023,"TIMS","bulk solid","bulk solid",4e-05,"organism : plant : plant tissue : root","","","","","other","","","field","M. Willmes","malte.willmes@gmail.com","","","","","","","Willmes et al. (2014)- The IRHUM (Isotopic Reconstruction of Human Migration) database - bioavailable strontium isotope ratios for geochemical fingerprinting in France. Earth Syst Sci Data, 6.",NA,NA,0.714502,NA,"unknown","unknown","https://doi.org/10.5194/essd-6-117-2014","DOI","LIT","F11-035","ARDUOUS-26236","F11-035","root","plant",NA,"France",-0.24,44.01
"931","F11-036","","SRM987",0.71023,"TIMS","bulk solid","bulk solid",4e-05,"organism : plant : plant tissue : root","","","","","other","","","field","M. Willmes","malte.willmes@gmail.com","","","","","","","Willmes et al. (2014)- The IRHUM (Isotopic Reconstruction of Human Migration) database - bioavailable strontium isotope ratios for geochemical fingerprinting in France. Earth Syst Sci Data, 6.",NA,NA,0.71027,NA,"unknown","unknown","https://doi.org/10.5194/essd-6-117-2014","DOI","LIT","F11-036","ARDUOUS-26237","F11-036","root","plant",NA,"France",0.38,43
"932","F11-071","","SRM987",0.71023,"TIMS","bulk solid","bulk solid",4e-05,"organism : plant : plant tissue : root","","","","","other","","","field","M. Willmes","malte.willmes@gmail.com","","","","","","","Willmes et al. (2014)- The IRHUM (Isotopic Reconstruction of Human Migration) database - bioavailable strontium isotope ratios for geochemical fingerprinting in France. Earth Syst Sci Data, 6.",NA,NA,0.712612,NA,"unknown","unknown","https://doi.org/10.5194/essd-6-117-2014","DOI","LIT","F11-071","ARDUOUS-26238","F11-071","root","plant",NA,"France",0.47,43.16
"933","F11-074","","SRM987",0.71023,"TIMS","bulk solid","bulk solid",4e-05,"organism : plant : plant tissue : root","","","","","other","","","field","M. Willmes","malte.willmes@gmail.com","","","","","","","Willmes et al. (2014)- The IRHUM (Isotopic Reconstruction of Human Migration) database - bioavailable strontium isotope ratios for geochemical fingerprinting in France. Earth Syst Sci Data, 6.",NA,NA,0.713052,NA,"unknown","unknown","https://doi.org/10.5194/essd-6-117-2014","DOI","LIT","F11-074","ARDUOUS-26239","F11-074","root","plant",NA,"France",0.19,44.18
"934","F11-075","","SRM987",0.71023,"TIMS","bulk solid","bulk solid",4e-05,"organism : plant : plant tissue : root","","","","","other","","","field","M. Willmes","malte.willmes@gmail.com","","","","","","","Willmes et al. (2014)- The IRHUM (Isotopic Reconstruction of Human Migration) database - bioavailable strontium isotope ratios for geochemical fingerprinting in France. Earth Syst Sci Data, 6.",NA,NA,0.711341,NA,"unknown","unknown","https://doi.org/10.5194/essd-6-117-2014","DOI","LIT","F11-075","ARDUOUS-26240","F11-075","root","plant",NA,"France",-0.03,44.3
"935","F11-077","","SRM987",0.71023,"TIMS","bulk solid","bulk solid",4e-05,"organism : plant : plant tissue : root","","","","","other","","","field","M. Willmes","malte.willmes@gmail.com","","","","","","","Willmes et al. (2014)- The IRHUM (Isotopic Reconstruction of Human Migration) database - bioavailable strontium isotope ratios for geochemical fingerprinting in France. Earth Syst Sci Data, 6.",NA,NA,0.71163,NA,"unknown","unknown","https://doi.org/10.5194/essd-6-117-2014","DOI","LIT","F11-077","ARDUOUS-26241","F11-077","root","plant",NA,"France",-0.13,44.71
"936","F11-081","","SRM987",0.71023,"TIMS","bulk solid","bulk solid",4e-05,"organism : plant : plant tissue : root","","","","","other","","","field","M. Willmes","malte.willmes@gmail.com","","","","","","","Willmes et al. (2014)- The IRHUM (Isotopic Reconstruction of Human Migration) database - bioavailable strontium isotope ratios for geochemical fingerprinting in France. Earth Syst Sci Data, 6.",NA,NA,0.710325,NA,"unknown","unknown","https://doi.org/10.5194/essd-6-117-2014","DOI","LIT","F11-081","ARDUOUS-26242","F11-081","root","plant",NA,"France",0.78,44.33
"937","F11-083","","SRM987",0.71023,"TIMS","bulk solid","bulk solid",4e-05,"organism : plant : plant tissue : root","","","","","other","","","field","M. Willmes","malte.willmes@gmail.com","","","","","","","Willmes et al. (2014)- The IRHUM (Isotopic Reconstruction of Human Migration) database - bioavailable strontium isotope ratios for geochemical fingerprinting in France. Earth Syst Sci Data, 6.",NA,NA,0.712807,NA,"unknown","unknown","https://doi.org/10.5194/essd-6-117-2014","DOI","LIT","F11-083","ARDUOUS-26243","F11-083","root","plant",NA,"France",-0.45,45.16
"938","F11-093","","SRM987",0.71023,"TIMS","bulk solid","bulk solid",4e-05,"organism : plant : plant tissue : root","","","","","other","","","field","M. Willmes","malte.willmes@gmail.com","","","","","","","Willmes et al. (2014)- The IRHUM (Isotopic Reconstruction of Human Migration) database - bioavailable strontium isotope ratios for geochemical fingerprinting in France. Earth Syst Sci Data, 6.",NA,NA,0.712547,NA,"unknown","unknown","https://doi.org/10.5194/essd-6-117-2014","DOI","LIT","F11-093","ARDUOUS-26244","F11-093","root","plant",NA,"France",0.67,47.19
"939","F11-107","","SRM987",0.71023,"TIMS","bulk solid","bulk solid",4e-05,"organism : plant : plant tissue : root","","","","","other","","","field","M. Willmes","malte.willmes@gmail.com","","","","","","","Willmes et al. (2014)- The IRHUM (Isotopic Reconstruction of Human Migration) database - bioavailable strontium isotope ratios for geochemical fingerprinting in France. Earth Syst Sci Data, 6.",NA,NA,0.708007,NA,"unknown","unknown","https://doi.org/10.5194/essd-6-117-2014","DOI","LIT","F11-107","ARDUOUS-26245","F11-107","root","plant",NA,"France",2.31,50.34
"940","F11-111","","SRM987",0.71023,"TIMS","bulk solid","bulk solid",4e-05,"organism : plant : plant tissue : root","","","","","other","","","field","M. Willmes","malte.willmes@gmail.com","","","","","","","Willmes et al. (2014)- The IRHUM (Isotopic Reconstruction of Human Migration) database - bioavailable strontium isotope ratios for geochemical fingerprinting in France. Earth Syst Sci Data, 6.",NA,NA,0.711601,NA,"unknown","unknown","https://doi.org/10.5194/essd-6-117-2014","DOI","LIT","F11-111","ARDUOUS-26246","F11-111","root","plant",NA,"France",2.59,50.67
"941","F11-116","","SRM987",0.71023,"TIMS","bulk solid","bulk solid",4e-05,"organism : plant : plant tissue : root","","","","","other","","","field","M. Willmes","malte.willmes@gmail.com","","","","","","","Willmes et al. (2014)- The IRHUM (Isotopic Reconstruction of Human Migration) database - bioavailable strontium isotope ratios for geochemical fingerprinting in France. Earth Syst Sci Data, 6.",NA,NA,0.711183,NA,"unknown","unknown","https://doi.org/10.5194/essd-6-117-2014","DOI","LIT","F11-116","ARDUOUS-26247","F11-116","root","plant",NA,"France",1.28,49.03
"942","F11-123","","SRM987",0.71023,"TIMS","bulk solid","bulk solid",4e-05,"organism : plant : plant tissue : root","","","","","other","","","field","M. Willmes","malte.willmes@gmail.com","","","","","","","Willmes et al. (2014)- The IRHUM (Isotopic Reconstruction of Human Migration) database - bioavailable strontium isotope ratios for geochemical fingerprinting in France. Earth Syst Sci Data, 6.",NA,NA,0.714322,NA,"unknown","unknown","https://doi.org/10.5194/essd-6-117-2014","DOI","LIT","F11-123","ARDUOUS-26248","F11-123","root","plant",NA,"France",2.34,47.7
"943","F11-160","","SRM987",0.71023,"TIMS","bulk solid","bulk solid",4e-05,"organism : plant : plant tissue : root","","","","","other","","","field","M. Willmes","malte.willmes@gmail.com","","","","","","","Willmes et al. (2014)- The IRHUM (Isotopic Reconstruction of Human Migration) database - bioavailable strontium isotope ratios for geochemical fingerprinting in France. Earth Syst Sci Data, 6.",NA,NA,0.709175,NA,"unknown","unknown","https://doi.org/10.5194/essd-6-117-2014","DOI","LIT","F11-160","ARDUOUS-26249","F11-160","root","plant",NA,"France",3.04,42.85
"944","F11-188","","SRM987",0.71023,"TIMS","bulk solid","bulk solid",4e-05,"organism : plant : plant tissue : root","","","","","other","","","field","M. Willmes","malte.willmes@gmail.com","","","","","","","Willmes et al. (2014)- The IRHUM (Isotopic Reconstruction of Human Migration) database - bioavailable strontium isotope ratios for geochemical fingerprinting in France. Earth Syst Sci Data, 6.",NA,NA,0.710713,NA,"unknown","unknown","https://doi.org/10.5194/essd-6-117-2014","DOI","LIT","F11-188","ARDUOUS-26250","F11-188","root","plant",NA,"France",-0.82,45.17
"945","F11-197","","SRM987",0.71023,"TIMS","bulk solid","bulk solid",4e-05,"organism : plant : plant tissue : root","","","","","other","","","field","M. Willmes","malte.willmes@gmail.com","","","","","","","Willmes et al. (2014)- The IRHUM (Isotopic Reconstruction of Human Migration) database - bioavailable strontium isotope ratios for geochemical fingerprinting in France. Earth Syst Sci Data, 6.",NA,NA,0.712351,NA,"unknown","unknown","https://doi.org/10.5194/essd-6-117-2014","DOI","LIT","F11-197","ARDUOUS-26252","F11-197","root","plant",NA,"France",-1.01,45
"946","F13-008","","SRM987",0.71023,"TIMS","bulk solid","bulk solid",4e-05,"organism : plant : plant tissue : root","","","","","other","","","field","M. Willmes","malte.willmes@gmail.com","","","","","","","Willmes et al. (2014)- The IRHUM (Isotopic Reconstruction of Human Migration) database - bioavailable strontium isotope ratios for geochemical fingerprinting in France. Earth Syst Sci Data, 6.",NA,NA,0.710835,NA,"unknown","unknown","https://doi.org/10.5194/essd-6-117-2014","DOI","LIT","F13-008","ARDUOUS-26253","F13-008","root","plant",NA,"France",-1.85,46.84
"947","F13-111","","SRM987",0.71023,"TIMS","bulk solid","bulk solid",4e-05,"organism : plant : plant tissue : root","","","","","other","","","field","M. Willmes","malte.willmes@gmail.com","","","","","","","Willmes et al. (2014)- The IRHUM (Isotopic Reconstruction of Human Migration) database - bioavailable strontium isotope ratios for geochemical fingerprinting in France. Earth Syst Sci Data, 6.",NA,NA,0.71161,NA,"unknown","unknown","https://doi.org/10.5194/essd-6-117-2014","DOI","LIT","F13-111","ARDUOUS-26254","F13-111","root","plant",NA,"France",7.32,47.91
"948","F13-152","","SRM987",0.71023,"TIMS","bulk solid","bulk solid",4e-05,"organism : plant : plant tissue : root","","","","","other","","","field","M. Willmes","malte.willmes@gmail.com","","","","","","","Willmes et al. (2014)- The IRHUM (Isotopic Reconstruction of Human Migration) database - bioavailable strontium isotope ratios for geochemical fingerprinting in France. Earth Syst Sci Data, 6.",NA,NA,0.711243,NA,"unknown","unknown","https://doi.org/10.5194/essd-6-117-2014","DOI","LIT","F13-152","ARDUOUS-26255","F13-152","root","plant",NA,"France",5.19,46.59
